p,d_40,eabc_p,e_d,a_d,b_d,c_d,omega_d,shell_d,H_d,E_d
2,38,shell,0,0,1,0,2,1,1.0,-0.0
3,37,shell,1,0,0,0,1,0,1.0,-0.0
5,35,A,0,1,1,0,2,0,0.5,1.0
7,33,B,0,0,0,1,2,1,1.0,-0.0
11,29,C,0,1,0,0,1,0,1.0,-0.0
13,27,E,0,0,0,0,3,3,0.0,0.0
17,23,A,0,0,0,1,1,0,1.0,-0.0
19,21,B,0,0,1,0,2,1,1.0,-0.0
23,17,C,0,1,0,0,1,0,1.0,-0.0
29,11,A,0,0,0,1,1,0,1.0,-0.0
31,9,B,0,0,0,0,2,2,0.0,0.0
37,3,E,0,0,0,0,1,1,0.0,0.0
41,1,A,0,0,0,0,0,0,0.0,0.0
43,3,B,0,0,0,0,1,1,0.0,0.0
47,7,C,0,0,1,0,1,0,1.0,-0.0
53,13,A,1,0,0,0,1,0,1.0,-0.0
59,19,C,0,0,1,0,1,0,1.0,-0.0
61,21,E,0,0,1,0,2,1,1.0,-0.0
67,27,B,0,0,0,0,3,3,0.0,0.0
71,31,C,0,0,1,0,1,0,1.0,-0.0
73,33,E,0,0,0,1,2,1,1.0,-0.0
79,39,B,1,0,0,0,2,1,1.0,-0.0
83,43,C,0,0,1,0,1,0,1.0,-0.0
89,49,A,0,0,2,0,2,0,1.0,-0.0
97,57,E,0,0,1,0,2,1,1.0,-0.0
101,61,A,1,0,0,0,1,0,1.0,-0.0
103,63,B,0,0,1,0,3,2,1.0,-0.0
107,67,C,0,0,1,0,1,0,1.0,-0.0
109,69,E,0,0,0,1,2,1,1.0,-0.0
113,73,A,1,0,0,0,1,0,1.0,-0.0
127,87,B,0,1,0,0,2,1,1.0,-0.0
131,91,C,1,0,1,0,2,0,0.5,1.0
137,97,A,1,0,0,0,1,0,1.0,-0.0
139,99,B,0,0,0,1,3,2,1.0,-0.0
149,109,A,1,0,0,0,1,0,1.0,-0.0
151,111,B,1,0,0,0,2,1,1.0,-0.0
157,117,E,1,0,0,0,3,2,1.0,-0.0
163,123,B,0,1,0,0,2,1,1.0,-0.0
167,127,C,0,0,1,0,1,0,1.0,-0.0
173,133,A,0,0,2,0,2,0,1.0,-0.0
179,139,C,0,0,1,0,1,0,1.0,-0.0
181,141,E,0,0,0,1,2,1,1.0,-0.0
191,151,C,0,0,1,0,1,0,1.0,-0.0
193,153,E,0,1,0,0,3,2,1.0,-0.0
197,157,A,1,0,0,0,1,0,1.0,-0.0
199,159,B,0,1,0,0,2,1,1.0,-0.0
211,171,B,0,0,1,0,3,2,1.0,-0.0
223,183,B,1,0,0,0,2,1,1.0,-0.0
227,187,C,0,1,0,1,2,0,0.5,1.0
229,189,E,0,0,1,0,4,3,1.0,-0.0
233,193,A,1,0,0,0,1,0,1.0,-0.0
239,199,C,0,0,1,0,1,0,1.0,-0.0
241,201,E,0,0,1,0,2,1,1.0,-0.0
251,211,C,0,0,1,0,1,0,1.0,-0.0
257,217,A,0,0,2,0,2,0,1.0,-0.0
263,223,C,0,0,1,0,1,0,1.0,-0.0
269,229,A,1,0,0,0,1,0,1.0,-0.0
271,231,B,0,0,1,1,3,1,0.5,1.0
277,237,E,0,0,1,0,2,1,1.0,-0.0
281,241,A,1,0,0,0,1,0,1.0,-0.0
283,243,B,0,0,0,0,5,5,0.0,0.0
293,253,A,0,0,0,2,2,0,1.0,-0.0
307,267,B,0,1,0,0,2,1,1.0,-0.0
311,271,C,0,0,1,0,1,0,1.0,-0.0
313,273,E,1,0,1,0,3,1,0.5,1.0
317,277,A,1,0,0,0,1,0,1.0,-0.0
331,291,B,1,0,0,0,2,1,1.0,-0.0
337,297,E,0,0,0,1,4,3,1.0,-0.0
347,307,C,0,0,1,0,1,0,1.0,-0.0
349,309,E,0,0,1,0,2,1,1.0,-0.0
353,313,A,1,0,0,0,1,0,1.0,-0.0
359,319,C,0,1,0,1,2,0,0.5,1.0
367,327,B,1,0,0,0,2,1,1.0,-0.0
373,333,E,1,0,0,0,3,2,1.0,-0.0
379,339,B,0,1,0,0,2,1,1.0,-0.0
383,343,C,0,0,3,0,3,0,1.0,-0.0
389,349,A,1,0,0,0,1,0,1.0,-0.0
397,357,E,0,1,1,0,3,1,0.5,1.0
401,361,A,0,0,2,0,2,0,1.0,-0.0
409,369,E,0,1,0,0,3,2,1.0,-0.0
419,379,C,0,0,1,0,1,0,1.0,-0.0
421,381,E,0,0,1,0,2,1,1.0,-0.0
431,391,C,0,1,0,1,2,0,0.5,1.0
433,393,E,0,0,0,1,2,1,1.0,-0.0
439,399,B,0,0,2,0,3,1,1.0,-0.0
443,403,C,1,0,1,0,2,0,0.5,1.0
449,409,A,1,0,0,0,1,0,1.0,-0.0
457,417,E,0,0,1,0,2,1,1.0,-0.0
461,421,A,1,0,0,0,1,0,1.0,-0.0
463,423,B,0,0,0,1,3,2,1.0,-0.0
467,427,C,1,0,1,0,2,0,0.5,1.0
479,439,C,0,0,1,0,1,0,1.0,-0.0
487,447,B,0,1,0,0,2,1,1.0,-0.0
491,451,C,0,1,0,1,2,0,0.5,1.0
499,459,B,0,1,0,0,4,3,1.0,-0.0
503,463,C,0,0,1,0,1,0,1.0,-0.0
509,469,A,0,0,2,0,2,0,1.0,-0.0
521,481,A,2,0,0,0,2,0,1.0,-0.0
523,483,B,0,0,1,1,3,1,0.5,1.0
541,501,E,0,0,0,1,2,1,1.0,-0.0
547,507,B,2,0,0,0,3,1,1.0,-0.0
557,517,A,0,0,0,2,2,0,1.0,-0.0
563,523,C,0,0,1,0,1,0,1.0,-0.0
569,529,A,0,0,0,2,2,0,1.0,-0.0
571,531,B,0,0,0,1,3,2,1.0,-0.0
577,537,E,0,0,0,1,2,1,1.0,-0.0
587,547,C,0,0,1,0,1,0,1.0,-0.0
593,553,A,0,0,2,0,2,0,1.0,-0.0
599,559,C,1,0,1,0,2,0,0.5,1.0
601,561,E,0,1,0,1,3,1,0.5,1.0
607,567,B,0,0,1,0,5,4,1.0,-0.0
613,573,E,0,0,0,1,2,1,1.0,-0.0
617,577,A,1,0,0,0,1,0,1.0,-0.0
619,579,B,1,0,0,0,2,1,1.0,-0.0
631,591,B,0,1,0,0,2,1,1.0,-0.0
641,601,A,1,0,0,0,1,0,1.0,-0.0
643,603,B,0,0,1,0,3,2,1.0,-0.0
647,607,C,0,0,1,0,1,0,1.0,-0.0
653,613,A,1,0,0,0,1,0,1.0,-0.0
659,619,C,0,0,1,0,1,0,1.0,-0.0
661,621,E,0,0,0,1,4,3,1.0,-0.0
673,633,E,0,0,1,0,2,1,1.0,-0.0
677,637,A,1,0,2,0,3,0,0.5555555555555556,0.9182958340544896
683,643,C,0,0,1,0,1,0,1.0,-0.0
691,651,B,0,0,2,0,3,1,1.0,-0.0
701,661,A,1,0,0,0,1,0,1.0,-0.0
709,669,E,0,0,1,0,2,1,1.0,-0.0
719,679,C,1,0,1,0,2,0,0.5,1.0
727,687,B,1,0,0,0,2,1,1.0,-0.0
733,693,E,0,0,1,1,4,2,0.5,1.0
739,699,B,0,1,0,0,2,1,1.0,-0.0
743,703,C,1,0,1,0,2,0,0.5,1.0
751,711,B,0,0,1,0,3,2,1.0,-0.0
757,717,E,0,0,0,1,2,1,1.0,-0.0
761,721,A,0,0,2,0,2,0,1.0,-0.0
769,729,E,0,0,0,0,6,6,0.0,0.0
773,733,A,1,0,0,0,1,0,1.0,-0.0
787,747,B,0,0,0,1,3,2,1.0,-0.0
797,757,A,1,0,0,0,1,0,1.0,-0.0
809,769,A,1,0,0,0,1,0,1.0,-0.0
811,771,B,0,1,0,0,2,1,1.0,-0.0
821,781,A,0,0,0,2,2,0,1.0,-0.0
823,783,B,0,1,0,0,4,3,1.0,-0.0
827,787,C,0,0,1,0,1,0,1.0,-0.0
829,789,E,0,0,0,1,2,1,1.0,-0.0
839,799,C,0,1,0,1,2,0,0.5,1.0
853,813,E,0,0,1,0,2,1,1.0,-0.0
857,817,A,0,0,2,0,2,0,1.0,-0.0
859,819,B,1,0,1,0,4,2,0.5,1.0
863,823,C,0,0,1,0,1,0,1.0,-0.0
877,837,E,0,0,1,0,4,3,1.0,-0.0
881,841,A,0,2,0,0,2,0,1.0,-0.0
883,843,B,0,1,0,0,2,1,1.0,-0.0
887,847,C,0,0,1,2,3,0,0.5555555555555556,0.9182958340544896
907,867,B,0,2,0,0,3,1,1.0,-0.0
911,871,C,1,0,1,0,2,0,0.5,1.0
919,879,B,0,1,0,0,2,1,1.0,-0.0
929,889,A,0,0,2,0,2,0,1.0,-0.0
937,897,E,1,0,0,1,3,1,0.5,1.0
941,901,A,0,2,0,0,2,0,1.0,-0.0
947,907,C,0,0,1,0,1,0,1.0,-0.0
953,913,A,0,0,0,2,2,0,1.0,-0.0
967,927,B,0,0,1,0,3,2,1.0,-0.0
971,931,C,0,0,3,0,3,0,1.0,-0.0
977,937,A,1,0,0,0,1,0,1.0,-0.0
983,943,C,0,1,0,1,2,0,0.5,1.0
991,951,B,0,1,0,0,2,1,1.0,-0.0
997,957,E,0,1,0,1,3,1,0.5,1.0
1009,969,E,0,1,1,0,3,1,0.5,1.0
1013,973,A,0,0,2,0,2,0,1.0,-0.0
1019,979,C,0,1,0,1,2,0,0.5,1.0
1021,981,E,1,0,0,0,3,2,1.0,-0.0
1031,991,C,0,0,1,0,1,0,1.0,-0.0
1033,993,E,0,0,1,0,2,1,1.0,-0.0
1039,999,B,1,0,0,0,4,3,1.0,-0.0
1049,1009,A,1,0,0,0,1,0,1.0,-0.0
1051,1011,B,1,0,0,0,2,1,1.0,-0.0
1061,1021,A,1,0,0,0,1,0,1.0,-0.0
1063,1023,B,0,0,1,1,3,1,0.5,1.0
1069,1029,E,0,0,3,0,4,1,1.0,-0.0
1087,1047,B,1,0,0,0,2,1,1.0,-0.0
1091,1051,C,0,0,1,0,1,0,1.0,-0.0
1093,1053,E,1,0,0,0,5,4,1.0,-0.0
1097,1057,A,0,0,2,0,2,0,1.0,-0.0
1103,1063,C,0,0,1,0,1,0,1.0,-0.0
1109,1069,A,1,0,0,0,1,0,1.0,-0.0
1117,1077,E,0,0,0,1,2,1,1.0,-0.0
1123,1083,B,0,0,2,0,3,1,1.0,-0.0
1129,1089,E,0,0,0,2,4,2,1.0,-0.0
1151,1111,C,0,1,0,1,2,0,0.5,1.0
1153,1113,E,0,1,1,0,3,1,0.5,1.0
1163,1123,C,0,0,1,0,1,0,1.0,-0.0
1171,1131,B,1,1,0,0,3,1,0.5,1.0
1181,1141,A,0,0,2,0,2,0,1.0,-0.0
1187,1147,C,1,0,1,0,2,0,0.5,1.0
1193,1153,A,1,0,0,0,1,0,1.0,-0.0
1201,1161,E,0,0,1,0,4,3,1.0,-0.0
1213,1173,E,0,1,0,1,3,1,0.5,1.0
1217,1177,A,0,0,0,2,2,0,1.0,-0.0
1223,1183,C,2,0,1,0,3,0,0.5555555555555556,0.9182958340544896
1229,1189,A,0,2,0,0,2,0,1.0,-0.0
1231,1191,B,1,0,0,0,2,1,1.0,-0.0
1237,1197,E,0,0,2,0,4,2,1.0,-0.0
1249,1209,E,1,0,1,0,3,1,0.5,1.0
1259,1219,C,0,1,0,1,2,0,0.5,1.0
1277,1237,A,1,0,0,0,1,0,1.0,-0.0
1279,1239,B,0,0,1,1,3,1,0.5,1.0
1283,1243,C,0,1,0,1,2,0,0.5,1.0
1289,1249,A,1,0,0,0,1,0,1.0,-0.0
1291,1251,B,0,0,1,0,3,2,1.0,-0.0
1297,1257,E,0,0,0,1,2,1,1.0,-0.0
1301,1261,A,2,0,0,0,2,0,1.0,-0.0
1303,1263,B,1,0,0,0,2,1,1.0,-0.0
1307,1267,C,1,0,1,0,2,0,0.5,1.0
1319,1279,C,0,0,1,0,1,0,1.0,-0.0
1321,1281,E,1,0,1,0,3,1,0.5,1.0
1327,1287,B,1,0,0,1,4,2,0.5,1.0
1361,1321,A,1,0,0,0,1,0,1.0,-0.0
1367,1327,C,0,0,1,0,1,0,1.0,-0.0
1373,1333,A,0,0,2,0,2,0,1.0,-0.0
1381,1341,E,0,1,0,0,3,2,1.0,-0.0
1399,1359,B,0,0,1,0,3,2,1.0,-0.0
1409,1369,A,2,0,0,0,2,0,1.0,-0.0
1423,1383,B,0,1,0,0,2,1,1.0,-0.0
1427,1387,C,1,0,1,0,2,0,0.5,1.0
1429,1389,E,0,0,1,0,2,1,1.0,-0.0
1433,1393,A,0,0,2,0,2,0,1.0,-0.0
1439,1399,C,0,0,1,0,1,0,1.0,-0.0
1447,1407,B,0,0,2,0,3,1,1.0,-0.0
1451,1411,C,0,1,0,1,2,0,0.5,1.0
1453,1413,E,1,0,0,0,3,2,1.0,-0.0
1459,1419,B,0,0,1,1,3,1,0.5,1.0
1471,1431,B,0,1,0,0,4,3,1.0,-0.0
1481,1441,A,0,0,0,2,2,0,1.0,-0.0
1483,1443,B,2,0,0,0,3,1,1.0,-0.0
1487,1447,C,0,0,1,0,1,0,1.0,-0.0
1489,1449,E,0,0,1,1,4,2,0.5,1.0
1493,1453,A,1,0,0,0,1,0,1.0,-0.0
1499,1459,C,0,0,1,0,1,0,1.0,-0.0
1511,1471,C,0,0,1,0,1,0,1.0,-0.0
1523,1483,C,0,0,1,0,1,0,1.0,-0.0
1531,1491,B,0,0,1,1,3,1,0.5,1.0
1543,1503,B,0,0,0,1,3,2,1.0,-0.0
1549,1509,E,0,0,0,1,2,1,1.0,-0.0
1553,1513,A,0,2,0,0,2,0,1.0,-0.0
1559,1519,C,0,0,3,0,3,0,1.0,-0.0
1567,1527,B,0,1,0,0,2,1,1.0,-0.0
1571,1531,C,0,0,1,0,1,0,1.0,-0.0
1579,1539,B,0,0,1,0,5,4,1.0,-0.0
1583,1543,C,0,0,1,0,1,0,1.0,-0.0
1597,1557,E,0,1,0,0,3,2,1.0,-0.0
1601,1561,A,0,0,2,0,2,0,1.0,-0.0
1607,1567,C,0,0,1,0,1,0,1.0,-0.0
1609,1569,E,0,0,1,0,2,1,1.0,-0.0
1613,1573,A,1,0,0,2,3,0,0.5555555555555556,0.9182958340544896
1619,1579,C,0,0,1,0,1,0,1.0,-0.0
1621,1581,E,0,1,1,0,3,1,0.5,1.0
1627,1587,B,0,0,0,2,3,1,1.0,-0.0
1637,1597,A,1,0,0,0,1,0,1.0,-0.0
1657,1617,E,0,0,2,1,4,1,0.5555555555555556,0.9182958340544896
1663,1623,B,1,0,0,0,2,1,1.0,-0.0
1667,1627,C,0,0,1,0,1,0,1.0,-0.0
1669,1629,E,1,0,0,0,3,2,1.0,-0.0
1693,1653,E,0,1,1,0,3,1,0.5,1.0
1697,1657,A,1,0,0,0,1,0,1.0,-0.0
1699,1659,B,0,0,2,0,3,1,1.0,-0.0
1709,1669,A,1,0,0,0,1,0,1.0,-0.0
1721,1681,A,0,2,0,0,2,0,1.0,-0.0
1723,1683,B,0,1,0,1,4,2,0.5,1.0
1733,1693,A,1,0,0,0,1,0,1.0,-0.0
1741,1701,E,0,0,1,0,6,5,1.0,-0.0
1747,1707,B,0,1,0,0,2,1,1.0,-0.0
1753,1713,E,0,0,1,0,2,1,1.0,-0.0
1759,1719,B,0,0,0,1,3,2,1.0,-0.0
1777,1737,E,1,0,0,0,3,2,1.0,-0.0
1783,1743,B,0,0,1,1,3,1,0.5,1.0
1787,1747,C,0,0,1,0,1,0,1.0,-0.0
1789,1749,E,0,1,0,1,3,1,0.5,1.0
1801,1761,E,0,0,0,1,2,1,1.0,-0.0
1811,1771,C,0,0,1,2,3,0,0.5555555555555556,0.9182958340544896
1823,1783,C,0,0,1,0,1,0,1.0,-0.0
1831,1791,B,0,0,1,0,3,2,1.0,-0.0
1847,1807,C,1,0,1,0,2,0,0.5,1.0
1861,1821,E,0,0,1,0,2,1,1.0,-0.0
1867,1827,B,0,1,1,0,4,2,0.5,1.0
1871,1831,C,0,0,1,0,1,0,1.0,-0.0
1873,1833,E,1,0,0,1,3,1,0.5,1.0
1877,1837,A,0,0,0,2,2,0,1.0,-0.0
1879,1839,B,1,0,0,0,2,1,1.0,-0.0
1889,1849,A,0,0,2,0,2,0,1.0,-0.0
1901,1861,A,1,0,0,0,1,0,1.0,-0.0
1907,1867,C,0,0,1,0,1,0,1.0,-0.0
1913,1873,A,1,0,0,0,1,0,1.0,-0.0
1931,1891,C,1,0,1,0,2,0,0.5,1.0
1933,1893,E,0,0,1,0,2,1,1.0,-0.0
1949,1909,A,0,0,0,2,2,0,1.0,-0.0
1951,1911,B,1,0,2,0,4,1,0.5555555555555556,0.9182958340544896
1973,1933,A,1,0,0,0,1,0,1.0,-0.0
1979,1939,C,1,0,1,0,2,0,0.5,1.0
1987,1947,B,0,0,0,2,3,1,1.0,-0.0
1993,1953,E,0,0,2,0,4,2,1.0,-0.0
1997,1957,A,0,0,2,0,2,0,1.0,-0.0
1999,1959,B,0,1,0,0,2,1,1.0,-0.0
2003,1963,C,1,0,1,0,2,0,0.5,1.0
2011,1971,B,1,0,0,0,4,3,1.0,-0.0
2017,1977,E,0,0,0,1,2,1,1.0,-0.0
2027,1987,C,0,0,1,0,1,0,1.0,-0.0
2029,1989,E,1,1,0,0,4,2,0.5,1.0
2039,1999,C,0,0,1,0,1,0,1.0,-0.0
2053,2013,E,1,0,0,1,3,1,0.5,1.0
2063,2023,C,0,2,1,0,3,0,0.5555555555555556,0.9182958340544896
2069,2029,A,1,0,0,0,1,0,1.0,-0.0
2081,2041,A,2,0,0,0,2,0,1.0,-0.0
2083,2043,B,0,0,0,1,3,2,1.0,-0.0
2087,2047,C,0,1,0,1,2,0,0.5,1.0
2089,2049,E,0,0,0,1,2,1,1.0,-0.0
2099,2059,C,0,1,0,1,2,0,0.5,1.0
2111,2071,C,1,0,1,0,2,0,0.5,1.0
2113,2073,E,0,0,1,0,2,1,1.0,-0.0
2129,2089,A,1,0,0,0,1,0,1.0,-0.0
2131,2091,B,0,2,0,0,3,1,1.0,-0.0
2137,2097,E,0,1,0,0,3,2,1.0,-0.0
2141,2101,A,0,0,0,2,2,0,1.0,-0.0
2143,2103,B,0,1,0,0,2,1,1.0,-0.0
2153,2113,A,1,0,0,0,1,0,1.0,-0.0
2161,2121,E,0,1,1,0,3,1,0.5,1.0
2179,2139,B,0,0,1,1,3,1,0.5,1.0
2203,2163,B,0,0,2,0,3,1,1.0,-0.0
2207,2167,C,0,1,0,1,2,0,0.5,1.0
2213,2173,A,0,2,0,0,2,0,1.0,-0.0
2221,2181,E,0,0,1,0,2,1,1.0,-0.0
2237,2197,A,3,0,0,0,3,0,1.0,-0.0
2239,2199,B,1,0,0,0,2,1,1.0,-0.0
2243,2203,C,0,0,1,0,1,0,1.0,-0.0
2251,2211,B,0,0,1,1,3,1,0.5,1.0
2267,2227,C,0,1,0,1,2,0,0.5,1.0
2269,2229,E,0,0,0,1,2,1,1.0,-0.0
2273,2233,A,0,1,1,1,3,0,0.3333333333333333,1.584962500721156
2281,2241,E,0,0,0,1,4,3,1.0,-0.0
2287,2247,B,0,0,1,1,3,1,0.5,1.0
2293,2253,E,0,0,1,0,2,1,1.0,-0.0
2297,2257,A,2,0,0,0,2,0,1.0,-0.0
2309,2269,A,1,0,0,0,1,0,1.0,-0.0
2311,2271,B,1,0,0,0,2,1,1.0,-0.0
2333,2293,A,1,0,0,0,1,0,1.0,-0.0
2339,2299,C,0,0,1,2,3,0,0.5555555555555556,0.9182958340544896
2341,2301,E,1,0,0,1,3,1,0.5,1.0
2347,2307,B,1,0,0,0,2,1,1.0,-0.0
2351,2311,C,0,0,1,0,1,0,1.0,-0.0
2357,2317,A,0,0,2,0,2,0,1.0,-0.0
2371,2331,B,1,0,1,0,4,2,0.5,1.0
2377,2337,E,0,1,1,0,3,1,0.5,1.0
2381,2341,A,1,0,0,0,1,0,1.0,-0.0
2383,2343,B,0,0,0,2,3,1,1.0,-0.0
2389,2349,E,0,1,0,0,5,4,1.0,-0.0
2393,2353,A,2,0,0,0,2,0,1.0,-0.0
2399,2359,C,1,0,1,0,2,0,0.5,1.0
2411,2371,C,0,0,1,0,1,0,1.0,-0.0
2417,2377,A,1,0,0,0,1,0,1.0,-0.0
2423,2383,C,0,0,1,0,1,0,1.0,-0.0
2437,2397,E,0,1,0,1,3,1,0.5,1.0
2441,2401,A,0,0,4,0,4,0,1.0,-0.0
2447,2407,C,0,1,0,1,2,0,0.5,1.0
2459,2419,C,0,1,0,1,2,0,0.5,1.0
2467,2427,B,0,1,0,0,2,1,1.0,-0.0
2473,2433,E,0,0,1,0,2,1,1.0,-0.0
2477,2437,A,1,0,0,0,1,0,1.0,-0.0
2503,2463,B,0,1,0,0,2,1,1.0,-0.0
2521,2481,E,0,0,0,1,2,1,1.0,-0.0
2531,2491,C,0,1,0,1,2,0,0.5,1.0
2539,2499,B,0,1,2,0,4,1,0.5555555555555556,0.9182958340544896
2543,2503,C,0,0,1,0,1,0,1.0,-0.0
2549,2509,A,2,0,0,0,2,0,1.0,-0.0
2551,2511,B,0,0,1,0,5,4,1.0,-0.0
2557,2517,E,0,0,0,1,2,1,1.0,-0.0
2579,2539,C,0,0,1,0,1,0,1.0,-0.0
2591,2551,C,0,0,1,0,1,0,1.0,-0.0
2593,2553,E,1,0,0,1,3,1,0.5,1.0
2609,2569,A,0,0,2,0,2,0,1.0,-0.0
2617,2577,E,0,0,1,0,2,1,1.0,-0.0
2621,2581,A,0,2,0,0,2,0,1.0,-0.0
2633,2593,A,1,0,0,0,1,0,1.0,-0.0
2647,2607,B,0,0,1,1,3,1,0.5,1.0
2657,2617,A,1,0,0,0,1,0,1.0,-0.0
2659,2619,B,1,0,0,0,4,3,1.0,-0.0
2663,2623,C,1,0,1,0,2,0,0.5,1.0
2671,2631,B,1,0,0,0,2,1,1.0,-0.0
2677,2637,E,0,1,0,0,3,2,1.0,-0.0
2683,2643,B,0,1,0,0,2,1,1.0,-0.0
2687,2647,C,0,0,1,0,1,0,1.0,-0.0
2689,2649,E,0,0,1,0,2,1,1.0,-0.0
2693,2653,A,0,0,2,0,2,0,1.0,-0.0
2699,2659,C,0,0,1,0,1,0,1.0,-0.0
2707,2667,B,0,0,2,0,3,1,1.0,-0.0
2711,2671,C,0,0,1,0,1,0,1.0,-0.0
2713,2673,E,0,0,0,1,6,5,1.0,-0.0
2719,2679,B,0,0,1,1,3,1,0.5,1.0
2729,2689,A,1,0,0,0,1,0,1.0,-0.0
2731,2691,B,1,0,0,1,4,2,0.5,1.0
2741,2701,A,2,0,0,0,2,0,1.0,-0.0
2749,2709,E,0,0,2,0,4,2,1.0,-0.0
2753,2713,A,1,0,0,0,1,0,1.0,-0.0
2767,2727,B,0,1,0,0,4,3,1.0,-0.0
2777,2737,A,0,1,1,1,3,0,0.3333333333333333,1.584962500721156
2789,2749,A,1,0,0,0,1,0,1.0,-0.0
2791,2751,B,0,0,1,1,3,1,0.5,1.0
2797,2757,E,0,0,1,0,2,1,1.0,-0.0
2801,2761,A,0,0,0,2,2,0,1.0,-0.0
2803,2763,B,0,0,1,0,3,2,1.0,-0.0
2819,2779,C,1,0,1,0,2,0,0.5,1.0
2833,2793,E,0,0,3,0,4,1,1.0,-0.0
2837,2797,A,1,0,0,0,1,0,1.0,-0.0
2843,2803,C,0,0,1,0,1,0,1.0,-0.0
2851,2811,B,1,0,0,0,2,1,1.0,-0.0
2857,2817,E,1,0,0,0,3,2,1.0,-0.0
2861,2821,A,1,0,2,0,3,0,0.5555555555555556,0.9182958340544896
2879,2839,C,0,1,0,1,2,0,0.5,1.0
2887,2847,B,2,0,0,0,3,1,1.0,-0.0
2897,2857,A,1,0,0,0,1,0,1.0,-0.0
2903,2863,C,1,0,1,0,2,0,0.5,1.0
2909,2869,A,0,0,2,0,2,0,1.0,-0.0
2917,2877,E,0,1,1,0,3,1,0.5,1.0
2927,2887,C,0,0,1,0,1,0,1.0,-0.0
2939,2899,C,1,0,1,0,2,0,0.5,1.0
2953,2913,E,0,0,0,1,2,1,1.0,-0.0
2957,2917,A,1,0,0,0,1,0,1.0,-0.0
2963,2923,C,1,0,1,0,2,0,0.5,1.0
2969,2929,A,0,2,0,0,2,0,1.0,-0.0
2971,2931,B,0,1,0,0,2,1,1.0,-0.0
2999,2959,C,0,1,0,1,2,0,0.5,1.0
3001,2961,E,0,0,1,1,4,2,0.5,1.0
3011,2971,C,0,0,1,0,1,0,1.0,-0.0
3019,2979,B,0,0,1,0,3,2,1.0,-0.0
3023,2983,C,1,0,1,0,2,0,0.5,1.0
3037,2997,E,1,0,0,0,5,4,1.0,-0.0
3041,3001,A,1,0,0,0,1,0,1.0,-0.0
3049,3009,E,0,1,0,1,3,1,0.5,1.0
3061,3021,E,0,1,1,0,3,1,0.5,1.0
3067,3027,B,1,0,0,0,2,1,1.0,-0.0
3079,3039,B,0,1,0,0,2,1,1.0,-0.0
3083,3043,C,0,1,0,1,2,0,0.5,1.0
3089,3049,A,1,0,0,0,1,0,1.0,-0.0
3109,3069,E,0,0,1,1,4,2,0.5,1.0
3119,3079,C,0,0,1,0,1,0,1.0,-0.0
3121,3081,E,1,0,1,0,3,1,0.5,1.0
3137,3097,A,0,0,2,0,2,0,1.0,-0.0
3163,3123,B,0,0,0,1,3,2,1.0,-0.0
3167,3127,C,0,1,0,1,2,0,0.5,1.0
3169,3129,E,0,1,1,0,3,1,0.5,1.0
3181,3141,E,1,0,0,0,3,2,1.0,-0.0
3187,3147,B,0,1,0,0,2,1,1.0,-0.0
3191,3151,C,0,1,0,1,2,0,0.5,1.0
3203,3163,C,0,0,1,0,1,0,1.0,-0.0
3209,3169,A,1,0,0,0,1,0,1.0,-0.0
3217,3177,E,0,1,0,0,3,2,1.0,-0.0
3221,3181,A,1,0,0,0,1,0,1.0,-0.0
3229,3189,E,0,0,1,0,2,1,1.0,-0.0
3251,3211,C,2,0,1,0,3,0,0.5555555555555556,0.9182958340544896
3253,3213,E,0,1,1,0,5,3,0.5,1.0
3257,3217,A,1,0,0,0,1,0,1.0,-0.0
3259,3219,B,1,1,0,0,3,1,0.5,1.0
3271,3231,B,0,0,0,1,3,2,1.0,-0.0
3299,3259,C,0,0,1,0,1,0,1.0,-0.0
3301,3261,E,0,0,1,0,2,1,1.0,-0.0
3307,3267,B,0,0,0,2,5,3,1.0,-0.0
3313,3273,E,0,0,0,1,2,1,1.0,-0.0
3319,3279,B,1,0,0,0,2,1,1.0,-0.0
3323,3283,C,0,0,3,0,3,0,1.0,-0.0
3329,3289,A,1,0,0,2,3,0,0.5555555555555556,0.9182958340544896
3331,3291,B,0,1,0,0,2,1,1.0,-0.0
3343,3303,B,0,0,1,0,3,2,1.0,-0.0
3347,3307,C,0,0,1,0,1,0,1.0,-0.0
3359,3319,C,0,0,1,0,1,0,1.0,-0.0
3361,3321,E,0,1,0,0,5,4,1.0,-0.0
3371,3331,C,0,0,1,0,1,0,1.0,-0.0
3373,3333,E,0,1,0,1,3,1,0.5,1.0
3389,3349,A,0,2,0,0,2,0,1.0,-0.0
3391,3351,B,1,0,0,0,2,1,1.0,-0.0
3407,3367,C,2,0,1,0,3,0,0.5555555555555556,0.9182958340544896
3413,3373,A,1,0,0,0,1,0,1.0,-0.0
3433,3393,E,1,1,0,0,4,2,0.5,1.0
3449,3409,A,0,0,2,0,2,0,1.0,-0.0
3457,3417,E,0,1,1,0,3,1,0.5,1.0
3461,3421,A,0,0,0,2,2,0,1.0,-0.0
3463,3423,B,0,0,2,0,3,1,1.0,-0.0
3467,3427,C,0,1,0,1,2,0,0.5,1.0
3469,3429,E,0,0,1,0,4,3,1.0,-0.0
3491,3451,C,0,2,1,0,3,0,0.5555555555555556,0.9182958340544896
3499,3459,B,1,0,0,0,2,1,1.0,-0.0
3511,3471,B,1,1,0,0,3,1,0.5,1.0
3517,3477,E,1,0,1,0,3,1,0.5,1.0
3527,3487,C,0,1,0,1,2,0,0.5,1.0
3529,3489,E,0,0,0,1,2,1,1.0,-0.0
3533,3493,A,0,0,2,0,2,0,1.0,-0.0
3539,3499,C,0,0,1,0,1,0,1.0,-0.0
3541,3501,E,0,1,0,0,3,2,1.0,-0.0
3547,3507,B,0,0,1,1,3,1,0.5,1.0
3557,3517,A,1,0,0,0,1,0,1.0,-0.0
3559,3519,B,0,1,0,1,4,2,0.5,1.0
3571,3531,B,0,0,0,2,3,1,1.0,-0.0
3581,3541,A,1,0,0,0,1,0,1.0,-0.0
3583,3543,B,0,1,0,0,2,1,1.0,-0.0
3593,3553,A,0,1,1,1,3,0,0.3333333333333333,1.584962500721156
3607,3567,B,0,2,0,0,3,1,1.0,-0.0
3613,3573,E,1,0,0,0,3,2,1.0,-0.0
3617,3577,A,1,0,2,0,3,0,0.5555555555555556,0.9182958340544896
3623,3583,C,0,0,1,0,1,0,1.0,-0.0
3631,3591,B,0,0,2,0,5,3,1.0,-0.0
3637,3597,E,1,0,0,1,3,1,0.5,1.0
3643,3603,B,1,0,0,0,2,1,1.0,-0.0
3659,3619,C,0,0,1,2,3,0,0.5555555555555556,0.9182958340544896
3671,3631,C,0,0,1,0,1,0,1.0,-0.0
3673,3633,E,0,1,1,0,3,1,0.5,1.0
3677,3637,A,1,0,0,0,1,0,1.0,-0.0
3691,3651,B,0,1,0,0,2,1,1.0,-0.0
3697,3657,E,0,1,0,1,3,1,0.5,1.0
3701,3661,A,0,0,2,0,2,0,1.0,-0.0
3709,3669,E,0,0,0,1,2,1,1.0,-0.0
3719,3679,C,1,0,1,0,2,0,0.5,1.0
3727,3687,B,0,1,0,0,2,1,1.0,-0.0
3733,3693,E,0,0,1,0,2,1,1.0,-0.0
3739,3699,B,0,1,0,0,4,3,1.0,-0.0
3761,3721,A,2,0,0,0,2,0,1.0,-0.0
3767,3727,C,0,0,1,0,1,0,1.0,-0.0
3769,3729,E,0,1,0,1,3,1,0.5,1.0
3779,3739,C,0,0,1,0,1,0,1.0,-0.0
3793,3753,E,0,0,1,0,4,3,1.0,-0.0
3797,3757,A,1,2,0,0,3,0,0.5555555555555556,0.9182958340544896
3803,3763,C,0,1,0,1,2,0,0.5,1.0
3821,3781,A,0,0,2,0,2,0,1.0,-0.0
3823,3783,B,2,0,0,0,3,1,1.0,-0.0
3833,3793,A,1,0,0,0,1,0,1.0,-0.0
3847,3807,B,0,0,0,1,5,4,1.0,-0.0
3851,3811,C,1,0,1,0,2,0,0.5,1.0
3853,3813,E,0,1,1,0,3,1,0.5,1.0
3863,3823,C,0,0,1,0,1,0,1.0,-0.0
3877,3837,E,0,0,1,0,2,1,1.0,-0.0
3881,3841,A,0,0,0,2,2,0,1.0,-0.0
3889,3849,E,0,0,0,1,2,1,1.0,-0.0
3907,3867,B,0,1,0,0,2,1,1.0,-0.0
3911,3871,C,0,0,3,0,3,0,1.0,-0.0
3917,3877,A,1,0,0,0,1,0,1.0,-0.0
3919,3879,B,0,0,0,1,3,2,1.0,-0.0
3923,3883,C,0,1,0,1,2,0,0.5,1.0
3929,3889,A,1,0,0,0,1,0,1.0,-0.0
3931,3891,B,1,0,0,0,2,1,1.0,-0.0
3943,3903,B,0,1,0,0,2,1,1.0,-0.0
3947,3907,C,0,0,1,0,1,0,1.0,-0.0
3967,3927,B,0,1,1,1,4,1,0.3333333333333333,1.584962500721156
3989,3949,A,0,0,0,2,2,0,1.0,-0.0
4001,3961,A,0,2,0,0,2,0,1.0,-0.0
4003,3963,B,1,0,0,0,2,1,1.0,-0.0
4007,3967,C,0,0,1,0,1,0,1.0,-0.0
4013,3973,A,0,2,0,0,2,0,1.0,-0.0
4019,3979,C,0,1,0,1,2,0,0.5,1.0
4021,3981,E,0,0,1,0,2,1,1.0,-0.0
4027,3987,B,0,0,0,1,3,2,1.0,-0.0
4049,4009,A,0,0,2,0,2,0,1.0,-0.0
4051,4011,B,0,0,1,1,3,1,0.5,1.0
4057,4017,E,1,0,1,0,3,1,0.5,1.0
4073,4033,A,2,0,0,0,2,0,1.0,-0.0
4079,4039,C,1,0,1,0,2,0,0.5,1.0
4091,4051,C,0,0,1,0,1,0,1.0,-0.0
4093,4053,E,1,0,1,0,3,1,0.5,1.0
4099,4059,B,0,1,0,1,4,2,0.5,1.0
4111,4071,B,0,0,0,2,3,1,1.0,-0.0
4127,4087,C,1,0,1,0,2,0,0.5,1.0
4129,4089,E,0,1,0,1,3,1,0.5,1.0
4133,4093,A,1,0,0,0,1,0,1.0,-0.0
4139,4099,C,0,0,1,0,1,0,1.0,-0.0
4153,4113,E,1,0,0,0,3,2,1.0,-0.0
4157,4117,A,0,0,0,2,2,0,1.0,-0.0
4159,4119,B,0,1,0,0,2,1,1.0,-0.0
4177,4137,E,0,1,1,0,3,1,0.5,1.0
4201,4161,E,1,0,1,0,3,1,0.5,1.0
4211,4171,C,1,0,1,0,2,0,0.5,1.0
4217,4177,A,1,0,0,0,1,0,1.0,-0.0
4219,4179,B,0,0,2,0,3,1,1.0,-0.0
4229,4189,A,0,0,0,2,2,0,1.0,-0.0
4231,4191,B,0,0,1,1,3,1,0.5,1.0
4241,4201,A,1,0,0,0,1,0,1.0,-0.0
4243,4203,B,0,0,0,1,3,2,1.0,-0.0
4253,4213,A,0,0,0,2,2,0,1.0,-0.0
4259,4219,C,0,0,1,0,1,0,1.0,-0.0
4261,4221,E,0,0,2,0,4,2,1.0,-0.0
4271,4231,C,0,0,1,0,1,0,1.0,-0.0
4273,4233,E,0,1,0,1,3,1,0.5,1.0
4283,4243,C,0,0,1,0,1,0,1.0,-0.0
4289,4249,A,0,0,2,0,2,0,1.0,-0.0
4297,4257,E,0,0,1,1,4,2,0.5,1.0
4327,4287,B,1,0,0,0,2,1,1.0,-0.0
4337,4297,A,1,0,0,0,1,0,1.0,-0.0
4339,4299,B,0,1,0,0,2,1,1.0,-0.0
4349,4309,A,0,0,2,0,2,0,1.0,-0.0
4357,4317,E,0,0,0,1,2,1,1.0,-0.0
4363,4323,B,0,0,0,2,3,1,1.0,-0.0
4373,4333,A,0,0,2,0,2,0,1.0,-0.0
4391,4351,C,1,0,1,0,2,0,0.5,1.0
4397,4357,A,1,0,0,0,1,0,1.0,-0.0
4409,4369,A,0,2,0,0,2,0,1.0,-0.0
4421,4381,A,2,0,0,0,2,0,1.0,-0.0
4423,4383,B,0,0,1,0,3,2,1.0,-0.0
4441,4401,E,0,0,1,0,4,3,1.0,-0.0
4447,4407,B,1,1,0,0,3,1,0.5,1.0
4451,4411,C,0,1,0,1,2,0,0.5,1.0
4457,4417,A,0,0,2,0,2,0,1.0,-0.0
4463,4423,C,0,0,1,0,1,0,1.0,-0.0
4481,4441,A,1,0,0,0,1,0,1.0,-0.0
4483,4443,B,0,1,0,0,2,1,1.0,-0.0
4493,4453,A,2,0,0,0,2,0,1.0,-0.0
4507,4467,B,1,0,0,0,2,1,1.0,-0.0
4513,4473,E,0,0,1,1,4,2,0.5,1.0
4517,4477,A,1,0,0,2,3,0,0.5555555555555556,0.9182958340544896
4519,4479,B,0,1,0,0,2,1,1.0,-0.0
4523,4483,C,0,0,1,0,1,0,1.0,-0.0
4547,4507,C,0,0,1,0,1,0,1.0,-0.0
4549,4509,E,0,0,0,1,4,3,1.0,-0.0
4561,4521,E,0,1,0,1,3,1,0.5,1.0
4567,4527,B,0,0,0,1,3,2,1.0,-0.0
4583,4543,C,0,0,1,2,3,0,0.5555555555555556,0.9182958340544896
4591,4551,B,1,1,0,0,3,1,0.5,1.0
4597,4557,E,0,0,3,0,4,1,1.0,-0.0
4603,4563,B,2,0,0,0,5,3,1.0,-0.0
4621,4581,E,0,1,0,0,3,2,1.0,-0.0
4637,4597,A,1,0,0,0,1,0,1.0,-0.0
4639,4599,B,1,0,1,0,4,2,0.5,1.0
4643,4603,C,0,0,1,0,1,0,1.0,-0.0
4649,4609,A,0,0,0,2,2,0,1.0,-0.0
4651,4611,B,0,2,0,0,3,1,1.0,-0.0
4657,4617,E,0,0,1,0,6,5,1.0,-0.0
4663,4623,B,0,0,1,1,3,1,0.5,1.0
4673,4633,A,0,2,0,0,2,0,1.0,-0.0
4679,4639,C,0,0,1,0,1,0,1.0,-0.0
4691,4651,C,0,0,1,0,1,0,1.0,-0.0
4703,4663,C,0,0,1,0,1,0,1.0,-0.0
4721,4681,A,0,0,2,0,2,0,1.0,-0.0
4723,4683,B,0,0,2,0,3,1,1.0,-0.0
4729,4689,E,0,1,0,0,3,2,1.0,-0.0
4733,4693,A,1,0,2,0,3,0,0.5555555555555556,0.9182958340544896
4751,4711,C,1,0,1,0,2,0,0.5,1.0
4759,4719,B,1,0,0,2,4,1,0.5555555555555556,0.9182958340544896
4783,4743,B,0,1,1,0,4,2,0.5,1.0
4787,4747,C,0,1,0,1,2,0,0.5,1.0
4789,4749,E,0,0,0,1,2,1,1.0,-0.0
4793,4753,A,1,0,2,0,3,0,0.5555555555555556,0.9182958340544896
4799,4759,C,0,0,1,0,1,0,1.0,-0.0
4801,4761,E,0,0,0,2,4,2,1.0,-0.0
4813,4773,E,1,0,1,0,3,1,0.5,1.0
4817,4777,A,0,2,0,0,2,0,1.0,-0.0
4831,4791,B,1,0,0,0,2,1,1.0,-0.0
4861,4821,E,0,0,0,1,2,1,1.0,-0.0
4871,4831,C,0,0,1,0,1,0,1.0,-0.0
4877,4837,A,0,0,2,0,2,0,1.0,-0.0
4889,4849,A,2,0,0,0,2,0,1.0,-0.0
4903,4863,B,1,0,0,0,2,1,1.0,-0.0
4909,4869,E,1,0,0,0,3,2,1.0,-0.0
4919,4879,C,0,2,1,0,3,0,0.5555555555555556,0.9182958340544896
4931,4891,C,1,0,1,0,2,0,0.5,1.0
4933,4893,E,0,1,1,0,3,1,0.5,1.0
4937,4897,A,0,0,0,2,2,0,1.0,-0.0
4943,4903,C,0,0,1,0,1,0,1.0,-0.0
4951,4911,B,0,1,0,0,2,1,1.0,-0.0
4957,4917,E,0,1,0,1,3,1,0.5,1.0
4967,4927,C,1,0,1,0,2,0,0.5,1.0
4969,4929,E,0,1,1,0,3,1,0.5,1.0
4973,4933,A,1,0,0,0,1,0,1.0,-0.0
4987,4947,B,1,1,0,0,3,1,0.5,1.0
4993,4953,E,1,0,1,0,3,1,0.5,1.0
4999,4959,B,0,1,1,0,4,2,0.5,1.0
5003,4963,C,1,0,1,0,2,0,0.5,1.0
5009,4969,A,1,0,0,0,1,0,1.0,-0.0
5011,4971,B,1,0,0,0,2,1,1.0,-0.0
5021,4981,A,0,2,0,0,2,0,1.0,-0.0
5023,4983,B,0,0,1,1,3,1,0.5,1.0
5039,4999,C,0,0,1,0,1,0,1.0,-0.0
5051,5011,C,0,0,1,0,1,0,1.0,-0.0
5059,5019,B,0,0,1,1,3,1,0.5,1.0
5077,5037,E,1,0,0,1,3,1,0.5,1.0
5081,5041,A,0,0,0,2,2,0,1.0,-0.0
5087,5047,C,0,0,3,0,3,0,1.0,-0.0
5099,5059,C,0,0,1,0,1,0,1.0,-0.0
5101,5061,E,1,0,1,0,3,1,0.5,1.0
5107,5067,B,0,0,0,1,3,2,1.0,-0.0
5113,5073,E,0,1,1,0,3,1,0.5,1.0
5119,5079,B,1,0,0,0,2,1,1.0,-0.0
5147,5107,C,0,0,1,0,1,0,1.0,-0.0
5153,5113,A,1,0,0,0,1,0,1.0,-0.0
5167,5127,B,0,1,0,0,2,1,1.0,-0.0
5171,5131,C,1,0,1,0,2,0,0.5,1.0
5179,5139,B,0,0,1,0,3,2,1.0,-0.0
5189,5149,A,0,0,2,0,2,0,1.0,-0.0
5197,5157,E,0,0,0,1,4,3,1.0,-0.0
5209,5169,E,0,0,1,0,2,1,1.0,-0.0
5227,5187,B,1,0,2,0,4,1,0.5555555555555556,0.9182958340544896
5231,5191,C,0,1,0,1,2,0,0.5,1.0
5233,5193,E,1,0,0,0,3,2,1.0,-0.0
5237,5197,A,1,0,0,0,1,0,1.0,-0.0
5261,5221,A,0,0,0,2,2,0,1.0,-0.0
5273,5233,A,1,0,0,0,1,0,1.0,-0.0
5279,5239,C,2,0,1,0,3,0,0.5555555555555556,0.9182958340544896
5281,5241,E,0,0,1,0,2,1,1.0,-0.0
5297,5257,A,0,0,2,0,2,0,1.0,-0.0
5303,5263,C,1,0,1,0,2,0,0.5,1.0
5309,5269,A,0,0,0,2,2,0,1.0,-0.0
5323,5283,B,0,0,0,1,3,2,1.0,-0.0
5333,5293,A,0,0,2,0,2,0,1.0,-0.0
5347,5307,B,1,1,0,0,3,1,0.5,1.0
5351,5311,C,0,1,0,1,2,0,0.5,1.0
5381,5341,A,1,0,2,0,3,0,0.5555555555555556,0.9182958340544896
5387,5347,C,0,0,1,0,1,0,1.0,-0.0
5393,5353,A,0,2,0,0,2,0,1.0,-0.0
5399,5359,C,0,1,0,1,2,0,0.5,1.0
5407,5367,B,1,0,0,0,2,1,1.0,-0.0
5413,5373,E,0,0,1,0,4,3,1.0,-0.0
5417,5377,A,0,0,2,0,2,0,1.0,-0.0
5419,5379,B,0,0,1,1,3,1,0.5,1.0
5431,5391,B,0,0,0,1,3,2,1.0,-0.0
5437,5397,E,0,1,1,0,3,1,0.5,1.0
5441,5401,A,0,0,0,2,2,0,1.0,-0.0
5443,5403,B,1,0,0,0,2,1,1.0,-0.0
5449,5409,E,1,0,0,0,3,2,1.0,-0.0
5471,5431,C,0,0,1,0,1,0,1.0,-0.0
5477,5437,A,1,0,0,0,1,0,1.0,-0.0
5479,5439,B,1,0,2,0,4,1,0.5555555555555556,0.9182958340544896
5483,5443,C,0,0,1,0,1,0,1.0,-0.0
5501,5461,A,0,0,2,0,2,0,1.0,-0.0
5503,5463,B,0,0,1,0,3,2,1.0,-0.0
5507,5467,C,0,0,1,2,3,0,0.5555555555555556,0.9182958340544896
5519,5479,C,0,0,1,0,1,0,1.0,-0.0
5521,5481,E,0,1,1,0,5,3,0.5,1.0
5527,5487,B,0,0,1,1,3,1,0.5,1.0
5531,5491,C,0,2,1,0,3,0,0.5555555555555556,0.9182958340544896
5557,5517,E,1,0,0,0,3,2,1.0,-0.0
5563,5523,B,0,0,1,1,3,1,0.5,1.0
5569,5529,E,1,0,1,0,3,1,0.5,1.0
5573,5533,A,0,0,0,2,2,0,1.0,-0.0
5581,5541,E,0,0,0,1,2,1,1.0,-0.0
5591,5551,C,2,0,1,0,3,0,0.5555555555555556,0.9182958340544896
5623,5583,B,1,0,0,0,2,1,1.0,-0.0
5639,5599,C,0,1,0,1,2,0,0.5,1.0
5641,5601,E,0,0,1,0,2,1,1.0,-0.0
5647,5607,B,0,1,1,0,4,2,0.5,1.0
5651,5611,C,1,0,1,0,2,0,0.5,1.0
5653,5613,E,0,0,0,1,2,1,1.0,-0.0
5657,5617,A,0,2,0,0,2,0,1.0,-0.0
5659,5619,B,1,0,0,0,2,1,1.0,-0.0
5669,5629,A,2,0,0,0,2,0,1.0,-0.0
5683,5643,B,0,0,1,1,5,3,0.5,1.0
5689,5649,E,0,1,1,0,3,1,0.5,1.0
5693,5653,A,1,0,0,0,1,0,1.0,-0.0
5701,5661,E,1,1,0,0,4,2,0.5,1.0
5711,5671,C,0,1,0,1,2,0,0.5,1.0
5717,5677,A,0,0,2,0,2,0,1.0,-0.0
5737,5697,E,0,0,1,0,4,3,1.0,-0.0
5741,5701,A,1,0,0,0,1,0,1.0,-0.0
5743,5703,B,0,1,0,0,2,1,1.0,-0.0
5749,5709,E,0,1,0,1,3,1,0.5,1.0
5779,5739,B,0,1,0,0,2,1,1.0,-0.0
5783,5743,C,0,0,1,0,1,0,1.0,-0.0
5791,5751,B,0,0,0,1,5,4,1.0,-0.0
5801,5761,A,0,0,2,0,2,0,1.0,-0.0
5807,5767,C,1,0,1,0,2,0,0.5,1.0
5813,5773,A,0,0,0,2,2,0,1.0,-0.0
5821,5781,E,0,1,0,1,3,1,0.5,1.0
5827,5787,B,0,0,1,0,3,2,1.0,-0.0
5839,5799,B,1,0,0,0,2,1,1.0,-0.0
5843,5803,C,1,0,1,0,2,0,0.5,1.0
5849,5809,A,2,0,0,0,2,0,1.0,-0.0
5851,5811,B,1,1,0,0,3,1,0.5,1.0
5857,5817,E,1,0,1,0,3,1,0.5,1.0
5861,5821,A,1,0,0,0,1,0,1.0,-0.0
5867,5827,C,0,0,1,0,1,0,1.0,-0.0
5869,5829,E,0,1,1,0,3,1,0.5,1.0
5879,5839,C,0,0,1,0,1,0,1.0,-0.0
5881,5841,E,0,0,0,2,4,2,1.0,-0.0
5897,5857,A,1,0,0,0,1,0,1.0,-0.0
5903,5863,C,1,1,0,1,3,0,0.3333333333333333,1.584962500721156
5923,5883,B,1,1,0,0,3,1,0.5,1.0
5927,5887,C,0,2,1,0,3,0,0.5555555555555556,0.9182958340544896
5939,5899,C,0,1,0,1,2,0,0.5,1.0
5953,5913,E,1,0,0,0,5,4,1.0,-0.0
5981,5941,A,2,0,0,0,2,0,1.0,-0.0
5987,5947,C,1,0,1,0,2,0,0.5,1.0
6007,5967,B,1,1,0,0,5,3,0.5,1.0
6011,5971,C,1,0,1,0,2,0,0.5,1.0
6029,5989,A,0,2,0,0,2,0,1.0,-0.0
6037,5997,E,0,0,1,0,2,1,1.0,-0.0
6043,6003,B,0,1,0,1,4,2,0.5,1.0
6047,6007,C,0,0,1,0,1,0,1.0,-0.0
6053,6013,A,0,0,2,0,2,0,1.0,-0.0
6067,6027,B,0,1,2,0,4,1,0.5555555555555556,0.9182958340544896
6073,6033,E,0,0,1,0,2,1,1.0,-0.0
6079,6039,B,1,0,0,1,4,2,0.5,1.0
6089,6049,A,0,0,0,2,2,0,1.0,-0.0
6091,6051,B,1,0,0,0,2,1,1.0,-0.0
6101,6061,A,0,1,1,1,3,0,0.3333333333333333,1.584962500721156
6113,6073,A,1,0,0,0,1,0,1.0,-0.0
6121,6081,E,0,0,0,1,2,1,1.0,-0.0
6131,6091,C,0,0,1,0,1,0,1.0,-0.0
6133,6093,E,0,1,0,0,3,2,1.0,-0.0
6143,6103,C,0,1,0,1,2,0,0.5,1.0
6151,6111,B,1,0,1,0,4,2,0.5,1.0
6163,6123,B,2,0,0,0,3,1,1.0,-0.0
6173,6133,A,1,0,0,0,1,0,1.0,-0.0
6197,6157,A,0,0,0,2,2,0,1.0,-0.0
6199,6159,B,1,0,0,0,2,1,1.0,-0.0
6203,6163,C,0,0,1,0,1,0,1.0,-0.0
6211,6171,B,0,1,0,2,4,1,0.5555555555555556,0.9182958340544896
6217,6177,E,0,1,0,1,3,1,0.5,1.0
6221,6181,A,0,0,2,0,2,0,1.0,-0.0
6229,6189,E,0,0,0,1,2,1,1.0,-0.0
6247,6207,B,0,1,0,0,2,1,1.0,-0.0
6257,6217,A,1,0,0,0,1,0,1.0,-0.0
6263,6223,C,0,0,3,0,3,0,1.0,-0.0
6269,6229,A,1,0,0,0,1,0,1.0,-0.0
6271,6231,B,0,0,2,0,3,1,1.0,-0.0
6277,6237,E,0,0,1,1,6,4,0.5,1.0
6287,6247,C,0,0,1,0,1,0,1.0,-0.0
6299,6259,C,0,1,0,1,2,0,0.5,1.0
6301,6261,E,0,0,0,1,2,1,1.0,-0.0
6311,6271,C,0,0,1,0,1,0,1.0,-0.0
6317,6277,A,1,0,0,0,1,0,1.0,-0.0
6323,6283,C,1,0,1,0,2,0,0.5,1.0
6329,6289,A,0,0,2,0,2,0,1.0,-0.0
6337,6297,E,0,0,0,1,2,1,1.0,-0.0
6343,6303,B,0,0,0,2,3,1,1.0,-0.0
6353,6313,A,0,0,0,2,2,0,1.0,-0.0
6359,6319,C,0,1,0,1,2,0,0.5,1.0
6361,6321,E,0,0,3,0,4,1,1.0,-0.0
6367,6327,B,1,0,1,0,4,2,0.5,1.0
6373,6333,E,0,0,0,1,2,1,1.0,-0.0
6379,6339,B,1,0,0,0,2,1,1.0,-0.0
6389,6349,A,0,0,2,0,2,0,1.0,-0.0
6397,6357,E,1,0,1,0,3,1,0.5,1.0
6421,6381,E,1,0,0,0,3,2,1.0,-0.0
6427,6387,B,0,1,0,0,2,1,1.0,-0.0
6449,6409,A,1,2,0,0,3,0,0.5555555555555556,0.9182958340544896
6451,6411,B,1,0,0,0,2,1,1.0,-0.0
6469,6429,E,0,0,1,0,2,1,1.0,-0.0
6473,6433,A,0,0,2,0,2,0,1.0,-0.0
6481,6441,E,0,1,1,0,3,1,0.5,1.0
6491,6451,C,0,0,1,0,1,0,1.0,-0.0
6521,6481,A,1,0,0,0,1,0,1.0,-0.0
6529,6489,E,0,0,2,0,4,2,1.0,-0.0
6547,6507,B,1,0,0,0,4,3,1.0,-0.0
6551,6511,C,0,1,0,1,2,0,0.5,1.0
6553,6513,E,1,0,0,1,3,1,0.5,1.0
6563,6523,C,0,1,0,1,2,0,0.5,1.0
6569,6529,A,1,0,0,0,1,0,1.0,-0.0
6571,6531,B,0,0,1,1,3,1,0.5,1.0
6577,6537,E,0,0,1,0,2,1,1.0,-0.0
6581,6541,A,0,0,2,0,2,0,1.0,-0.0
6599,6559,C,1,0,1,0,2,0,0.5,1.0
6607,6567,B,0,0,1,1,3,1,0.5,1.0
6619,6579,B,0,1,1,0,4,2,0.5,1.0
6637,6597,E,1,0,0,0,3,2,1.0,-0.0
6653,6613,A,0,2,0,0,2,0,1.0,-0.0
6659,6619,C,0,0,1,0,1,0,1.0,-0.0
6661,6621,E,0,0,0,1,2,1,1.0,-0.0
6673,6633,E,0,0,1,1,4,2,0.5,1.0
6679,6639,B,0,1,0,0,2,1,1.0,-0.0
6689,6649,A,2,0,0,0,2,0,1.0,-0.0
6691,6651,B,0,0,1,0,3,2,1.0,-0.0
6701,6661,A,1,0,0,0,1,0,1.0,-0.0
6703,6663,B,1,0,0,0,2,1,1.0,-0.0
6709,6669,E,1,0,1,0,5,3,0.5,1.0
6719,6679,C,0,0,1,0,1,0,1.0,-0.0
6733,6693,E,1,0,0,1,3,1,0.5,1.0
6737,6697,A,2,0,0,0,2,0,1.0,-0.0
6761,6721,A,1,0,0,2,3,0,0.5555555555555556,0.9182958340544896
6763,6723,B,0,0,0,1,5,4,1.0,-0.0
6779,6739,C,0,1,0,1,2,0,0.5,1.0
6781,6741,E,0,0,1,1,4,2,0.5,1.0
6791,6751,C,1,0,1,0,2,0,0.5,1.0
6793,6753,E,0,0,1,0,2,1,1.0,-0.0
6803,6763,C,0,0,1,0,1,0,1.0,-0.0
6823,6783,B,0,1,2,0,4,1,0.5555555555555556,0.9182958340544896
6827,6787,C,0,1,0,1,2,0,0.5,1.0
6829,6789,E,1,0,1,0,3,1,0.5,1.0
6833,6793,A,1,0,0,0,1,0,1.0,-0.0
6841,6801,E,0,0,0,1,2,1,1.0,-0.0
6857,6817,A,0,2,0,0,2,0,1.0,-0.0
6863,6823,C,0,0,1,0,1,0,1.0,-0.0
6869,6829,A,1,0,0,0,1,0,1.0,-0.0
6871,6831,B,0,0,0,2,5,3,1.0,-0.0
6883,6843,B,1,0,0,0,2,1,1.0,-0.0
6899,6859,C,0,0,3,0,3,0,1.0,-0.0
6907,6867,B,1,0,1,0,4,2,0.5,1.0
6911,6871,C,0,0,1,0,1,0,1.0,-0.0
6917,6877,A,1,0,0,2,3,0,0.5555555555555556,0.9182958340544896
6947,6907,C,0,0,1,0,1,0,1.0,-0.0
6949,6909,E,0,0,2,1,4,1,0.5555555555555556,0.9182958340544896
6959,6919,C,1,1,0,1,3,0,0.3333333333333333,1.584962500721156
6961,6921,E,1,0,0,0,3,2,1.0,-0.0
6967,6927,B,0,1,0,0,2,1,1.0,-0.0
6971,6931,C,0,1,0,1,2,0,0.5,1.0
6977,6937,A,0,0,2,0,2,0,1.0,-0.0
6983,6943,C,0,1,0,1,2,0,0.5,1.0
6991,6951,B,0,0,2,0,3,1,1.0,-0.0
6997,6957,E,0,1,0,0,3,2,1.0,-0.0
7001,6961,A,1,0,0,0,1,0,1.0,-0.0
7013,6973,A,0,0,2,0,2,0,1.0,-0.0
7019,6979,C,1,0,1,0,2,0,0.5,1.0
7027,6987,B,0,2,0,0,3,1,1.0,-0.0
7039,6999,B,0,1,0,0,2,1,1.0,-0.0
7043,7003,C,0,1,0,1,2,0,0.5,1.0
7057,7017,E,0,0,0,1,2,1,1.0,-0.0
7069,7029,E,0,0,0,2,4,2,1.0,-0.0
7079,7039,C,0,0,1,0,1,0,1.0,-0.0
7103,7063,C,1,0,1,0,2,0,0.5,1.0
7109,7069,A,1,0,0,0,1,0,1.0,-0.0
7121,7081,A,2,0,0,0,2,0,1.0,-0.0
7127,7087,C,1,0,1,0,2,0,0.5,1.0
7129,7089,E,0,1,1,0,3,1,0.5,1.0
7151,7111,C,1,0,1,0,2,0,0.5,1.0
7159,7119,B,0,1,1,0,4,2,0.5,1.0
7177,7137,E,2,0,0,0,4,2,1.0,-0.0
7187,7147,C,1,0,1,0,2,0,0.5,1.0
7193,7153,A,0,0,0,2,2,0,1.0,-0.0
7207,7167,B,1,0,0,0,2,1,1.0,-0.0
7211,7171,C,0,1,0,1,2,0,0.5,1.0
7213,7173,E,0,1,0,0,3,2,1.0,-0.0
7219,7179,B,0,1,0,0,2,1,1.0,-0.0
7229,7189,A,1,0,2,0,3,0,0.5555555555555556,0.9182958340544896
7237,7197,E,0,0,0,1,2,1,1.0,-0.0
7243,7203,B,0,0,4,0,5,1,1.0,-0.0
7247,7207,C,0,0,1,0,1,0,1.0,-0.0
7253,7213,A,1,0,0,0,1,0,1.0,-0.0
7283,7243,C,0,0,1,0,1,0,1.0,-0.0
7297,7257,E,0,1,0,1,3,1,0.5,1.0
7307,7267,C,2,0,1,0,3,0,0.5555555555555556,0.9182958340544896
7309,7269,E,0,0,0,1,2,1,1.0,-0.0
7321,7281,E,0,1,0,0,3,2,1.0,-0.0
7331,7291,C,0,1,0,1,2,0,0.5,1.0
7333,7293,E,1,1,0,1,4,1,0.3333333333333333,1.584962500721156
7349,7309,A,1,0,0,0,1,0,1.0,-0.0
7351,7311,B,1,0,0,0,2,1,1.0,-0.0
7369,7329,E,1,0,1,0,3,1,0.5,1.0
7393,7353,E,0,0,2,0,4,2,1.0,-0.0
7411,7371,B,1,0,1,0,6,4,0.5,1.0
7417,7377,E,0,0,0,1,2,1,1.0,-0.0
7433,7393,A,1,0,0,0,1,0,1.0,-0.0
7451,7411,C,0,0,1,0,1,0,1.0,-0.0
7457,7417,A,1,0,0,0,1,0,1.0,-0.0
7459,7419,B,1,0,0,0,2,1,1.0,-0.0
7477,7437,E,1,0,1,0,3,1,0.5,1.0
7481,7441,A,0,0,2,0,2,0,1.0,-0.0
7487,7447,C,0,1,0,1,2,0,0.5,1.0
7489,7449,E,1,0,0,1,3,1,0.5,1.0
7499,7459,C,0,0,1,0,1,0,1.0,-0.0
7507,7467,B,0,0,1,1,3,1,0.5,1.0
7517,7477,A,1,0,0,0,1,0,1.0,-0.0
7523,7483,C,1,0,1,0,2,0,0.5,1.0
7529,7489,A,1,0,0,0,1,0,1.0,-0.0
7537,7497,E,0,1,2,0,5,2,0.5555555555555556,0.9182958340544896
7541,7501,A,2,0,0,0,2,0,1.0,-0.0
7547,7507,C,0,0,1,0,1,0,1.0,-0.0
7549,7509,E,0,0,1,0,2,1,1.0,-0.0
7559,7519,C,1,0,1,0,2,0,0.5,1.0
7561,7521,E,1,0,0,1,3,1,0.5,1.0
7573,7533,E,0,0,1,0,6,5,1.0,-0.0
7577,7537,A,1,0,0,0,1,0,1.0,-0.0
7583,7543,C,1,0,1,0,2,0,0.5,1.0
7589,7549,A,1,0,0,0,1,0,1.0,-0.0
7591,7551,B,0,0,0,1,3,2,1.0,-0.0
7603,7563,B,1,0,0,0,2,1,1.0,-0.0
7607,7567,C,0,0,1,2,3,0,0.5555555555555556,0.9182958340544896
7621,7581,E,0,0,3,0,4,1,1.0,-0.0
7639,7599,B,0,2,0,0,3,1,1.0,-0.0
7643,7603,C,0,0,1,0,1,0,1.0,-0.0
7649,7609,A,0,0,2,0,2,0,1.0,-0.0
7669,7629,E,0,0,0,1,2,1,1.0,-0.0
7673,7633,A,0,2,0,0,2,0,1.0,-0.0
7681,7641,E,0,0,1,0,4,3,1.0,-0.0
7687,7647,B,0,1,0,0,2,1,1.0,-0.0
7691,7651,C,1,0,1,0,2,0,0.5,1.0
7699,7659,B,1,0,0,1,4,2,0.5,1.0
7703,7663,C,1,0,1,0,2,0,0.5,1.0
7717,7677,E,1,0,0,0,3,2,1.0,-0.0
7723,7683,B,1,1,0,0,3,1,0.5,1.0
7727,7687,C,0,0,1,0,1,0,1.0,-0.0
7741,7701,E,0,1,1,0,3,1,0.5,1.0
7753,7713,E,0,1,0,0,3,2,1.0,-0.0
7757,7717,A,1,0,0,0,1,0,1.0,-0.0
7759,7719,B,0,0,1,1,3,1,0.5,1.0
7789,7749,E,0,1,1,0,5,3,0.5,1.0
7793,7753,A,1,0,0,0,1,0,1.0,-0.0
7817,7777,A,0,1,1,1,3,0,0.3333333333333333,1.584962500721156
7823,7783,C,1,0,1,0,2,0,0.5,1.0
7829,7789,A,1,0,0,0,1,0,1.0,-0.0
7841,7801,A,0,2,0,0,2,0,1.0,-0.0
7853,7813,A,2,0,0,0,2,0,1.0,-0.0
7867,7827,B,0,1,0,0,2,1,1.0,-0.0
7873,7833,E,1,0,1,0,3,1,0.5,1.0
7877,7837,A,0,2,0,0,2,0,1.0,-0.0
7879,7839,B,1,0,1,0,4,2,0.5,1.0
7883,7843,C,0,0,1,2,3,0,0.5555555555555556,0.9182958340544896
7901,7861,A,0,0,2,0,2,0,1.0,-0.0
7907,7867,C,0,0,1,0,1,0,1.0,-0.0
7919,7879,C,0,0,1,0,1,0,1.0,-0.0
7927,7887,B,0,0,0,2,3,1,1.0,-0.0
7933,7893,E,1,0,0,0,3,2,1.0,-0.0
7937,7897,A,0,2,0,0,2,0,1.0,-0.0
7949,7909,A,0,0,0,2,2,0,1.0,-0.0
7951,7911,B,0,1,0,0,4,3,1.0,-0.0
7963,7923,B,0,0,2,0,3,1,1.0,-0.0
7993,7953,E,1,0,0,1,3,1,0.5,1.0
8009,7969,A,2,0,0,0,2,0,1.0,-0.0
8011,7971,B,0,1,0,0,2,1,1.0,-0.0
8017,7977,E,0,0,1,0,2,1,1.0,-0.0
8039,7999,C,1,0,1,0,2,0,0.5,1.0
8053,8013,E,0,0,1,0,2,1,1.0,-0.0
8059,8019,B,0,0,0,1,7,6,1.0,-0.0
8069,8029,A,1,0,2,0,3,0,0.5555555555555556,0.9182958340544896
8081,8041,A,0,1,1,1,3,0,0.3333333333333333,1.584962500721156
8087,8047,C,1,0,1,0,2,0,0.5,1.0
8089,8049,E,0,0,1,0,2,1,1.0,-0.0
8093,8053,A,1,0,0,0,1,0,1.0,-0.0
8101,8061,E,0,0,0,1,2,1,1.0,-0.0
8111,8071,C,1,0,1,0,2,0,0.5,1.0
8117,8077,A,0,2,0,0,2,0,1.0,-0.0
8123,8083,C,0,1,0,1,2,0,0.5,1.0
8147,8107,C,0,0,1,2,3,0,0.5555555555555556,0.9182958340544896
8161,8121,E,0,0,1,0,2,1,1.0,-0.0
8167,8127,B,0,0,2,0,5,3,1.0,-0.0
8171,8131,C,0,1,0,1,2,0,0.5,1.0
8179,8139,B,1,0,0,0,2,1,1.0,-0.0
8191,8151,B,1,0,1,1,4,1,0.3333333333333333,1.584962500721156
8209,8169,E,0,1,1,0,3,1,0.5,1.0
8219,8179,C,0,0,1,0,1,0,1.0,-0.0
8221,8181,E,0,1,0,0,5,4,1.0,-0.0
8231,8191,C,0,0,1,0,1,0,1.0,-0.0
8233,8193,E,0,0,1,0,2,1,1.0,-0.0
8237,8197,A,0,0,2,0,2,0,1.0,-0.0
8243,8203,C,1,0,1,0,2,0,0.5,1.0
8263,8223,B,0,1,0,0,2,1,1.0,-0.0
8269,8229,E,1,0,1,0,3,1,0.5,1.0
8273,8233,A,1,0,0,0,1,0,1.0,-0.0
8287,8247,B,1,0,0,0,2,1,1.0,-0.0
8291,8251,C,1,0,1,0,2,0,0.5,1.0
8293,8253,E,0,0,1,1,4,2,0.5,1.0
8297,8257,A,0,0,0,2,2,0,1.0,-0.0
8311,8271,B,0,0,1,0,3,2,1.0,-0.0
8317,8277,E,0,1,1,0,3,1,0.5,1.0
8329,8289,E,0,0,1,0,4,3,1.0,-0.0
8353,8313,E,0,1,1,0,3,1,0.5,1.0
8363,8323,C,0,2,1,0,3,0,0.5555555555555556,0.9182958340544896
8369,8329,A,1,0,0,0,1,0,1.0,-0.0
8377,8337,E,1,0,1,0,3,1,0.5,1.0
8387,8347,C,0,1,0,1,2,0,0.5,1.0
8389,8349,E,0,0,0,3,4,1,1.0,-0.0
8419,8379,B,0,0,3,0,5,2,1.0,-0.0
8423,8383,C,0,1,0,1,2,0,0.5,1.0
8429,8389,A,1,0,0,0,1,0,1.0,-0.0
8431,8391,B,1,0,0,0,2,1,1.0,-0.0
8443,8403,B,0,1,0,0,2,1,1.0,-0.0
8447,8407,C,1,0,1,0,2,0,0.5,1.0
8461,8421,E,0,1,1,0,3,1,0.5,1.0
8467,8427,B,0,2,0,0,3,1,1.0,-0.0
8501,8461,A,1,0,0,0,1,0,1.0,-0.0
8513,8473,A,2,0,0,0,2,0,1.0,-0.0
8521,8481,E,0,1,0,1,3,1,0.5,1.0
8527,8487,B,0,1,0,1,4,2,0.5,1.0
8537,8497,A,0,2,0,0,2,0,1.0,-0.0
8539,8499,B,1,0,0,0,2,1,1.0,-0.0
8543,8503,C,0,1,0,1,2,0,0.5,1.0
8563,8523,B,0,0,0,1,3,2,1.0,-0.0
8573,8533,A,0,1,1,1,3,0,0.3333333333333333,1.584962500721156
8581,8541,E,2,0,0,0,4,2,1.0,-0.0
8597,8557,A,0,0,2,0,2,0,1.0,-0.0
8599,8559,B,0,1,0,0,4,3,1.0,-0.0
8609,8569,A,0,1,1,1,3,0,0.3333333333333333,1.584962500721156
8623,8583,B,0,1,0,0,2,1,1.0,-0.0
8627,8587,C,1,0,1,0,2,0,0.5,1.0
8629,8589,E,1,0,1,0,3,1,0.5,1.0
8641,8601,E,1,0,0,1,3,1,0.5,1.0
8647,8607,B,0,0,2,0,3,1,1.0,-0.0
8663,8623,C,0,0,1,0,1,0,1.0,-0.0
8669,8629,A,1,0,0,0,1,0,1.0,-0.0
8677,8637,E,0,0,0,1,2,1,1.0,-0.0
8681,8641,A,1,0,0,0,1,0,1.0,-0.0
8689,8649,E,0,0,2,0,4,2,1.0,-0.0
8693,8653,A,0,2,0,0,2,0,1.0,-0.0
8699,8659,C,1,0,1,0,2,0,0.5,1.0
8707,8667,B,0,0,0,1,5,4,1.0,-0.0
8713,8673,E,0,0,2,1,4,1,0.5555555555555556,0.9182958340544896
8719,8679,B,0,0,0,2,3,1,1.0,-0.0
8731,8691,B,0,1,0,0,2,1,1.0,-0.0
8737,8697,E,1,0,1,0,3,1,0.5,1.0
8741,8701,A,0,1,1,1,3,0,0.3333333333333333,1.584962500721156
8747,8707,C,0,0,1,0,1,0,1.0,-0.0
8753,8713,A,1,0,0,0,1,0,1.0,-0.0
8761,8721,E,0,1,1,0,5,3,0.5,1.0
8779,8739,B,0,0,0,1,3,2,1.0,-0.0
8783,8743,C,1,0,1,0,2,0,0.5,1.0
8803,8763,B,0,0,1,1,3,1,0.5,1.0
8807,8767,C,0,1,0,1,2,0,0.5,1.0
8819,8779,C,0,0,1,0,1,0,1.0,-0.0
8821,8781,E,0,0,0,1,2,1,1.0,-0.0
8831,8791,C,0,1,0,1,2,0,0.5,1.0
8837,8797,A,0,0,2,0,2,0,1.0,-0.0
8839,8799,B,0,0,1,1,3,1,0.5,1.0
8849,8809,A,0,0,0,2,2,0,1.0,-0.0
8861,8821,A,1,0,0,0,1,0,1.0,-0.0
8863,8823,B,0,2,0,0,3,1,1.0,-0.0
8867,8827,C,2,0,1,0,3,0,0.5555555555555556,0.9182958340544896
8887,8847,B,0,0,0,1,3,2,1.0,-0.0
8893,8853,E,1,0,0,1,3,1,0.5,1.0
8923,8883,B,0,0,1,1,5,3,0.5,1.0
8929,8889,E,0,0,0,1,2,1,1.0,-0.0
8933,8893,A,1,0,0,0,1,0,1.0,-0.0
8941,8901,E,0,0,1,1,4,2,0.5,1.0
8951,8911,C,0,0,3,0,3,0,1.0,-0.0
8963,8923,C,0,0,1,0,1,0,1.0,-0.0
8969,8929,A,1,0,0,0,1,0,1.0,-0.0
8971,8931,B,2,0,0,0,3,1,1.0,-0.0
8999,8959,C,0,2,1,0,3,0,0.5555555555555556,0.9182958340544896
9001,8961,E,0,1,1,0,3,1,0.5,1.0
9007,8967,B,1,0,2,0,4,1,0.5555555555555556,0.9182958340544896
9011,8971,C,0,0,1,0,1,0,1.0,-0.0
9013,8973,E,1,0,0,0,3,2,1.0,-0.0
9029,8989,A,0,2,0,0,2,0,1.0,-0.0
9041,9001,A,1,0,0,0,1,0,1.0,-0.0
9043,9003,B,1,0,0,0,2,1,1.0,-0.0
9049,9009,E,1,0,1,1,5,2,0.3333333333333333,1.584962500721156
9059,9019,C,0,1,0,1,2,0,0.5,1.0
9067,9027,B,0,1,0,1,4,2,0.5,1.0
9091,9051,B,0,0,1,1,3,1,0.5,1.0
9103,9063,B,0,1,1,0,4,2,0.5,1.0
9109,9069,E,0,0,0,1,2,1,1.0,-0.0
9127,9087,B,1,1,0,0,3,1,0.5,1.0
9133,9093,E,1,0,1,0,3,1,0.5,1.0
9137,9097,A,0,0,0,2,2,0,1.0,-0.0
9151,9111,B,1,0,0,0,2,1,1.0,-0.0
9157,9117,E,0,1,0,0,3,2,1.0,-0.0
9161,9121,A,0,0,2,0,2,0,1.0,-0.0
9173,9133,A,1,0,0,0,1,0,1.0,-0.0
9181,9141,E,1,0,0,1,3,1,0.5,1.0
9187,9147,B,1,0,0,0,2,1,1.0,-0.0
9199,9159,B,0,0,1,1,3,1,0.5,1.0
9203,9163,C,0,1,2,1,4,0,0.375,1.5
9209,9169,A,0,2,0,0,2,0,1.0,-0.0
9221,9181,A,1,0,0,0,1,0,1.0,-0.0
9227,9187,C,0,0,1,0,1,0,1.0,-0.0
9239,9199,C,0,0,1,0,1,0,1.0,-0.0
9241,9201,E,0,0,1,0,2,1,1.0,-0.0
9257,9217,A,2,0,0,0,2,0,1.0,-0.0
9277,9237,E,0,0,1,0,2,1,1.0,-0.0
9281,9241,A,1,0,0,0,1,0,1.0,-0.0
9283,9243,B,1,0,1,0,4,2,0.5,1.0
9293,9253,A,0,0,2,0,2,0,1.0,-0.0
9311,9271,C,1,0,1,0,2,0,0.5,1.0
9319,9279,B,0,0,0,1,3,2,1.0,-0.0
9323,9283,C,0,0,1,0,1,0,1.0,-0.0
9337,9297,E,1,0,0,0,3,2,1.0,-0.0
9341,9301,A,0,0,0,2,2,0,1.0,-0.0
9343,9303,B,0,0,1,1,3,1,0.5,1.0
9349,9309,E,0,1,0,1,3,1,0.5,1.0
9371,9331,C,0,0,3,0,3,0,1.0,-0.0
9377,9337,A,1,0,0,0,1,0,1.0,-0.0
9391,9351,B,0,0,1,0,3,2,1.0,-0.0
9397,9357,E,0,0,0,1,2,1,1.0,-0.0
9403,9363,B,1,0,0,0,2,1,1.0,-0.0
9413,9373,A,1,0,2,0,3,0,0.5555555555555556,0.9182958340544896
9419,9379,C,0,1,0,1,2,0,0.5,1.0
9421,9381,E,0,1,0,1,3,1,0.5,1.0
9431,9391,C,0,0,1,0,1,0,1.0,-0.0
9433,9393,E,0,1,1,0,3,1,0.5,1.0
9437,9397,A,1,0,0,0,1,0,1.0,-0.0
9439,9399,B,2,0,0,0,3,1,1.0,-0.0
9461,9421,A,1,0,0,0,1,0,1.0,-0.0
9463,9423,B,1,0,0,0,4,3,1.0,-0.0
9467,9427,C,0,1,0,1,2,0,0.5,1.0
9473,9433,A,1,0,0,0,1,0,1.0,-0.0
9479,9439,C,0,0,1,0,1,0,1.0,-0.0
9491,9451,C,1,0,1,0,2,0,0.5,1.0
9497,9457,A,1,0,2,0,3,0,0.5555555555555556,0.9182958340544896
9511,9471,B,0,1,1,1,4,1,0.3333333333333333,1.584962500721156
9521,9481,A,0,0,2,0,2,0,1.0,-0.0
9533,9493,A,0,0,0,2,2,0,1.0,-0.0
9539,9499,C,0,0,1,2,3,0,0.5555555555555556,0.9182958340544896
9547,9507,B,1,0,0,0,2,1,1.0,-0.0
9551,9511,C,0,0,1,0,1,0,1.0,-0.0
9587,9547,C,0,0,1,0,1,0,1.0,-0.0
9601,9561,E,0,0,1,0,2,1,1.0,-0.0
9613,9573,E,0,0,0,1,2,1,1.0,-0.0
9619,9579,B,0,0,2,0,3,1,1.0,-0.0
9623,9583,C,2,0,1,0,3,0,0.5555555555555556,0.9182958340544896
9629,9589,A,0,0,2,0,2,0,1.0,-0.0
9631,9591,B,0,0,1,1,3,1,0.5,1.0
9643,9603,B,1,0,0,1,4,2,0.5,1.0
9649,9609,E,0,0,0,1,2,1,1.0,-0.0
9661,9621,E,1,0,0,0,3,2,1.0,-0.0
9677,9637,A,0,0,0,2,2,0,1.0,-0.0
9679,9639,B,0,1,1,0,6,4,0.5,1.0
9689,9649,A,1,0,0,0,1,0,1.0,-0.0
9697,9657,E,1,1,0,0,4,2,0.5,1.0
9719,9679,C,0,0,1,0,1,0,1.0,-0.0
9721,9681,E,0,1,1,0,3,1,0.5,1.0
9733,9693,E,0,0,0,1,4,3,1.0,-0.0
9739,9699,B,1,1,0,0,3,1,0.5,1.0
9743,9703,C,1,0,1,0,2,0,0.5,1.0
9749,9709,A,1,0,2,0,3,0,0.5555555555555556,0.9182958340544896
9767,9727,C,0,1,0,1,2,0,0.5,1.0
9769,9729,E,0,0,0,2,4,2,1.0,-0.0
9781,9741,E,0,1,0,1,3,1,0.5,1.0
9787,9747,B,0,0,2,0,5,3,1.0,-0.0
9791,9751,C,0,0,3,0,3,0,1.0,-0.0
9803,9763,C,1,0,1,0,2,0,0.5,1.0
9811,9771,B,0,1,0,0,2,1,1.0,-0.0
9817,9777,E,0,0,1,0,2,1,1.0,-0.0
9829,9789,E,1,0,0,1,3,1,0.5,1.0
9833,9793,A,0,0,2,0,2,0,1.0,-0.0
9839,9799,C,0,1,0,1,2,0,0.5,1.0
9851,9811,C,0,0,1,0,1,0,1.0,-0.0
9857,9817,A,1,0,0,0,1,0,1.0,-0.0
9859,9819,B,0,0,0,1,3,2,1.0,-0.0
9871,9831,B,0,2,0,0,3,1,1.0,-0.0
9883,9843,B,1,1,0,0,3,1,0.5,1.0
9887,9847,C,1,0,1,0,2,0,0.5,1.0
9901,9861,E,0,1,1,0,3,1,0.5,1.0
9907,9867,B,1,0,0,2,4,1,0.5555555555555556,0.9182958340544896
9923,9883,C,0,0,1,0,1,0,1.0,-0.0
9929,9889,A,0,1,1,1,3,0,0.3333333333333333,1.584962500721156
9931,9891,B,1,0,1,0,4,2,0.5,1.0
9941,9901,A,1,0,0,0,1,0,1.0,-0.0
9949,9909,E,0,0,1,0,4,3,1.0,-0.0
9967,9927,B,0,0,0,1,3,2,1.0,-0.0
9973,9933,E,0,0,2,1,4,1,0.5555555555555556,0.9182958340544896
10007,9967,C,0,0,1,0,1,0,1.0,-0.0
10009,9969,E,0,0,0,1,2,1,1.0,-0.0
10037,9997,A,2,0,0,0,2,0,1.0,-0.0
10039,9999,B,0,1,0,1,4,2,0.5,1.0
10061,10021,A,0,0,0,2,2,0,1.0,-0.0
10067,10027,C,1,0,1,0,2,0,0.5,1.0
10069,10029,E,0,0,1,0,2,1,1.0,-0.0
10079,10039,C,0,0,1,0,1,0,1.0,-0.0
10091,10051,C,0,0,1,2,3,0,0.5555555555555556,0.9182958340544896
10093,10053,E,1,0,0,0,3,2,1.0,-0.0
10099,10059,B,0,0,1,1,3,1,0.5,1.0
10103,10063,C,0,1,0,1,2,0,0.5,1.0
10111,10071,B,1,0,0,0,4,3,1.0,-0.0
10133,10093,A,1,0,0,0,1,0,1.0,-0.0
10139,10099,C,0,0,1,0,1,0,1.0,-0.0
10141,10101,E,2,0,1,0,4,1,0.5555555555555556,0.9182958340544896
10151,10111,C,0,0,1,0,1,0,1.0,-0.0
10159,10119,B,1,0,0,0,2,1,1.0,-0.0
10163,10123,C,0,1,0,1,2,0,0.5,1.0
10169,10129,A,0,0,2,0,2,0,1.0,-0.0
10177,10137,E,1,0,1,0,3,1,0.5,1.0
10181,10141,A,1,0,0,0,1,0,1.0,-0.0
10193,10153,A,1,0,0,2,3,0,0.5555555555555556,0.9182958340544896
10211,10171,C,1,0,1,0,2,0,0.5,1.0
10223,10183,C,0,1,0,1,2,0,0.5,1.0
10243,10203,B,0,0,1,1,3,1,0.5,1.0
10247,10207,C,0,1,0,1,2,0,0.5,1.0
10253,10213,A,0,0,2,0,2,0,1.0,-0.0
10259,10219,C,0,1,0,1,2,0,0.5,1.0
10267,10227,B,0,0,2,0,3,1,1.0,-0.0
10271,10231,C,1,0,1,0,2,0,0.5,1.0
10273,10233,E,0,0,1,0,4,3,1.0,-0.0
10289,10249,A,2,0,0,0,2,0,1.0,-0.0
10301,10261,A,0,0,2,0,2,0,1.0,-0.0
10303,10263,B,0,0,0,2,3,1,1.0,-0.0
10313,10273,A,1,0,0,0,1,0,1.0,-0.0
10321,10281,E,0,1,0,1,3,1,0.5,1.0
10331,10291,C,0,1,0,1,2,0,0.5,1.0
10333,10293,E,1,0,0,1,3,1,0.5,1.0
10337,10297,A,0,0,2,0,2,0,1.0,-0.0
10343,10303,C,0,0,1,0,1,0,1.0,-0.0
10357,10317,E,1,0,1,0,3,1,0.5,1.0
10369,10329,E,1,0,0,1,3,1,0.5,1.0
10391,10351,C,0,1,0,1,2,0,0.5,1.0
10399,10359,B,0,0,0,1,3,2,1.0,-0.0
10427,10387,C,1,1,0,1,3,0,0.3333333333333333,1.584962500721156
10429,10389,E,0,0,1,0,2,1,1.0,-0.0
10433,10393,A,0,0,2,0,2,0,1.0,-0.0
10453,10413,E,1,1,0,0,4,2,0.5,1.0
10457,10417,A,0,0,0,2,2,0,1.0,-0.0
10459,10419,B,0,0,1,1,3,1,0.5,1.0
10463,10423,C,1,0,1,0,2,0,0.5,1.0
10477,10437,E,0,0,2,1,4,1,0.5555555555555556,0.9182958340544896
10487,10447,C,1,0,1,0,2,0,0.5,1.0
10499,10459,C,0,0,1,0,1,0,1.0,-0.0
10501,10461,E,0,1,0,1,3,1,0.5,1.0
10513,10473,E,0,0,0,1,2,1,1.0,-0.0
10529,10489,A,0,2,0,0,2,0,1.0,-0.0
10531,10491,B,1,1,0,0,3,1,0.5,1.0
10559,10519,C,1,0,1,0,2,0,0.5,1.0
10567,10527,B,0,1,0,2,4,1,0.5555555555555556,0.9182958340544896
10589,10549,A,0,1,1,1,3,0,0.3333333333333333,1.584962500721156
10597,10557,E,0,1,0,1,5,3,0.5,1.0
10601,10561,A,0,0,0,2,2,0,1.0,-0.0
10607,10567,C,0,0,1,0,1,0,1.0,-0.0
10613,10573,A,2,0,0,0,2,0,1.0,-0.0
10627,10587,B,1,0,0,0,2,1,1.0,-0.0
10631,10591,C,0,2,1,0,3,0,0.5555555555555556,0.9182958340544896
10639,10599,B,0,1,0,0,2,1,1.0,-0.0
10651,10611,B,0,0,0,1,5,4,1.0,-0.0
10657,10617,E,0,0,0,1,2,1,1.0,-0.0
10663,10623,B,1,0,0,0,2,1,1.0,-0.0
10667,10627,C,0,0,1,0,1,0,1.0,-0.0
10687,10647,B,2,0,1,0,5,2,0.5555555555555556,0.9182958340544896
10691,10651,C,0,0,1,0,1,0,1.0,-0.0
10709,10669,A,0,0,0,2,2,0,1.0,-0.0
10711,10671,B,0,1,0,0,2,1,1.0,-0.0
10723,10683,B,0,0,0,1,3,2,1.0,-0.0
10729,10689,E,0,1,1,0,3,1,0.5,1.0
10733,10693,A,1,2,0,0,3,0,0.5555555555555556,0.9182958340544896
10739,10699,C,1,0,1,0,2,0,0.5,1.0
10753,10713,E,0,0,1,0,2,1,1.0,-0.0
10771,10731,B,1,0,2,0,4,1,0.5555555555555556,0.9182958340544896
10781,10741,A,0,0,0,2,2,0,1.0,-0.0
10789,10749,E,0,0,1,0,2,1,1.0,-0.0
10799,10759,C,0,2,1,0,3,0,0.5555555555555556,0.9182958340544896
10831,10791,B,1,0,0,1,4,2,0.5,1.0
10837,10797,E,1,0,0,1,3,1,0.5,1.0
10847,10807,C,0,1,0,1,2,0,0.5,1.0
10853,10813,A,0,0,0,2,2,0,1.0,-0.0
10859,10819,C,1,0,1,0,2,0,0.5,1.0
10861,10821,E,0,0,1,0,2,1,1.0,-0.0
10867,10827,B,0,1,0,0,4,3,1.0,-0.0
10883,10843,C,1,0,1,0,2,0,0.5,1.0
10889,10849,A,0,0,2,0,2,0,1.0,-0.0
10891,10851,B,0,1,0,0,2,1,1.0,-0.0
10903,10863,B,0,1,0,1,4,2,0.5,1.0
10909,10869,E,0,0,0,1,2,1,1.0,-0.0
10937,10897,A,0,2,0,0,2,0,1.0,-0.0
10939,10899,B,0,1,1,0,4,2,0.5,1.0
10949,10909,A,1,0,0,0,1,0,1.0,-0.0
10957,10917,E,1,0,0,0,3,2,1.0,-0.0
10973,10933,A,1,2,0,0,3,0,0.5555555555555556,0.9182958340544896
10979,10939,C,0,0,1,0,1,0,1.0,-0.0
10987,10947,B,0,2,0,0,3,1,1.0,-0.0
10993,10953,E,0,1,0,0,3,2,1.0,-0.0
11003,10963,C,1,0,1,0,2,0,0.5,1.0
11027,10987,C,0,0,1,0,1,0,1.0,-0.0
11047,11007,B,0,0,0,1,3,2,1.0,-0.0
11057,11017,A,0,0,0,2,2,0,1.0,-0.0
11059,11019,B,1,0,0,0,2,1,1.0,-0.0
11069,11029,A,0,2,0,0,2,0,1.0,-0.0
11071,11031,B,0,1,0,0,2,1,1.0,-0.0
11083,11043,B,1,0,0,0,4,3,1.0,-0.0
11087,11047,C,0,0,1,0,1,0,1.0,-0.0
11093,11053,A,0,0,2,0,2,0,1.0,-0.0
11113,11073,E,0,0,1,0,2,1,1.0,-0.0
11117,11077,A,0,1,1,1,3,0,0.3333333333333333,1.584962500721156
11119,11079,B,0,0,1,0,3,2,1.0,-0.0
11131,11091,B,1,0,0,0,2,1,1.0,-0.0
11149,11109,E,0,0,1,2,4,1,0.5555555555555556,0.9182958340544896
11159,11119,C,0,0,1,0,1,0,1.0,-0.0
11161,11121,E,1,0,0,1,3,1,0.5,1.0
11171,11131,C,0,0,1,0,1,0,1.0,-0.0
11173,11133,E,1,0,0,0,3,2,1.0,-0.0
11177,11137,A,1,0,2,0,3,0,0.5555555555555556,0.9182958340544896
11197,11157,E,0,0,0,1,2,1,1.0,-0.0
11213,11173,A,1,0,0,0,1,0,1.0,-0.0
11239,11199,B,1,0,0,0,2,1,1.0,-0.0
11243,11203,C,0,1,0,1,2,0,0.5,1.0
11251,11211,B,1,1,0,0,3,1,0.5,1.0
11257,11217,E,0,0,1,0,2,1,1.0,-0.0
11261,11221,A,1,0,2,0,3,0,0.5555555555555556,0.9182958340544896
11273,11233,A,0,0,0,2,2,0,1.0,-0.0
11279,11239,C,0,0,1,0,1,0,1.0,-0.0
11287,11247,B,0,0,1,1,3,1,0.5,1.0
11299,11259,B,0,0,1,0,5,4,1.0,-0.0
11311,11271,B,1,2,0,0,4,1,0.5555555555555556,0.9182958340544896
11317,11277,E,0,0,1,1,4,2,0.5,1.0
11321,11281,A,0,2,0,0,2,0,1.0,-0.0
11329,11289,E,0,1,0,1,3,1,0.5,1.0
11351,11311,C,0,0,1,0,1,0,1.0,-0.0
11353,11313,E,0,0,0,1,4,3,1.0,-0.0
11369,11329,A,1,0,0,0,1,0,1.0,-0.0
11383,11343,B,0,0,2,0,3,1,1.0,-0.0
11393,11353,A,1,0,0,0,1,0,1.0,-0.0
11399,11359,C,1,0,1,0,2,0,0.5,1.0
11411,11371,C,0,1,0,1,2,0,0.5,1.0
11423,11383,C,0,0,1,0,1,0,1.0,-0.0
11437,11397,E,0,1,0,1,3,1,0.5,1.0
11443,11403,B,1,0,1,0,4,2,0.5,1.0
11447,11407,C,1,1,0,1,3,0,0.3333333333333333,1.584962500721156
11467,11427,B,1,1,0,0,3,1,0.5,1.0
11471,11431,C,0,0,1,2,3,0,0.5555555555555556,0.9182958340544896
11483,11443,C,0,0,1,0,1,0,1.0,-0.0
11489,11449,A,0,0,0,2,2,0,1.0,-0.0
11491,11451,B,0,0,0,2,3,1,1.0,-0.0
11497,11457,E,0,0,2,0,4,2,1.0,-0.0
11503,11463,B,0,1,0,0,2,1,1.0,-0.0
11519,11479,C,1,0,1,0,2,0,0.5,1.0
11527,11487,B,0,0,2,0,3,1,1.0,-0.0
11549,11509,A,0,2,0,0,2,0,1.0,-0.0
11551,11511,B,0,0,1,0,3,2,1.0,-0.0
11579,11539,C,0,1,0,1,2,0,0.5,1.0
11587,11547,B,0,0,0,1,3,2,1.0,-0.0
11593,11553,E,0,0,0,1,2,1,1.0,-0.0
11597,11557,A,1,0,2,0,3,0,0.5555555555555556,0.9182958340544896
11617,11577,E,0,1,0,1,3,1,0.5,1.0
11621,11581,A,2,0,0,0,2,0,1.0,-0.0
11633,11593,A,1,0,0,0,1,0,1.0,-0.0
11657,11617,A,1,0,0,0,1,0,1.0,-0.0
11677,11637,E,0,0,0,1,4,3,1.0,-0.0
11681,11641,A,0,0,2,0,2,0,1.0,-0.0
11689,11649,E,0,1,0,1,3,1,0.5,1.0
11699,11659,C,0,1,0,1,2,0,0.5,1.0
11701,11661,E,2,0,0,1,4,1,0.5555555555555556,0.9182958340544896
11717,11677,A,1,0,0,0,1,0,1.0,-0.0
11719,11679,B,1,1,0,0,3,1,0.5,1.0
11731,11691,B,1,0,0,0,4,3,1.0,-0.0
11743,11703,B,0,0,0,2,3,1,1.0,-0.0
11777,11737,A,1,0,0,2,3,0,0.5555555555555556,0.9182958340544896
11779,11739,B,1,0,2,0,4,1,0.5555555555555556,0.9182958340544896
11783,11743,C,0,0,1,0,1,0,1.0,-0.0
11789,11749,A,0,0,2,0,2,0,1.0,-0.0
11801,11761,A,0,0,2,0,2,0,1.0,-0.0
11807,11767,C,0,2,1,0,3,0,0.5555555555555556,0.9182958340544896
11813,11773,A,2,0,0,0,2,0,1.0,-0.0
11821,11781,E,0,1,1,1,5,2,0.3333333333333333,1.584962500721156
11827,11787,B,0,1,0,0,2,1,1.0,-0.0
11831,11791,C,1,0,1,0,2,0,0.5,1.0
11833,11793,E,0,0,1,0,2,1,1.0,-0.0
11839,11799,B,0,0,1,1,5,3,0.5,1.0
11863,11823,B,0,0,1,1,3,1,0.5,1.0
11867,11827,C,0,0,1,0,1,0,1.0,-0.0
11887,11847,B,0,0,0,2,3,1,1.0,-0.0
11897,11857,A,0,0,0,2,2,0,1.0,-0.0
11903,11863,C,0,0,1,0,1,0,1.0,-0.0
11909,11869,A,1,0,0,2,3,0,0.5555555555555556,0.9182958340544896
11923,11883,B,0,2,0,0,3,1,1.0,-0.0
11927,11887,C,0,0,1,0,1,0,1.0,-0.0
11933,11893,A,0,0,2,0,2,0,1.0,-0.0
11939,11899,C,1,0,1,0,2,0,0.5,1.0
11941,11901,E,0,0,1,0,2,1,1.0,-0.0
11953,11913,E,0,0,2,1,4,1,0.5555555555555556,0.9182958340544896
11959,11919,B,0,2,0,0,3,1,1.0,-0.0
11969,11929,A,0,0,2,0,2,0,1.0,-0.0
11971,11931,B,1,1,0,0,3,1,0.5,1.0
11981,11941,A,1,0,0,0,1,0,1.0,-0.0
11987,11947,C,1,0,1,0,2,0,0.5,1.0
12007,11967,B,0,1,0,0,2,1,1.0,-0.0
12011,11971,C,0,0,1,0,1,0,1.0,-0.0
12037,11997,E,0,0,2,0,4,2,1.0,-0.0
12041,12001,A,0,0,0,2,2,0,1.0,-0.0
12043,12003,B,0,1,0,0,2,1,1.0,-0.0
12049,12009,E,0,0,1,0,2,1,1.0,-0.0
12071,12031,C,0,1,0,1,2,0,0.5,1.0
12073,12033,E,0,0,1,1,4,2,0.5,1.0
12097,12057,E,0,0,0,1,2,1,1.0,-0.0
12101,12061,A,0,0,2,0,2,0,1.0,-0.0
12107,12067,C,0,1,0,1,2,0,0.5,1.0
12109,12069,E,0,1,0,0,5,4,1.0,-0.0
12113,12073,A,1,0,0,0,1,0,1.0,-0.0
12119,12079,C,0,1,0,1,2,0,0.5,1.0
12143,12103,C,1,0,3,0,4,0,0.625,0.8112781244591328
12149,12109,A,1,0,0,0,1,0,1.0,-0.0
12157,12117,E,1,0,1,0,3,1,0.5,1.0
12161,12121,A,0,1,1,1,3,0,0.3333333333333333,1.584962500721156
12163,12123,B,0,1,0,0,4,3,1.0,-0.0
12197,12157,A,1,0,0,0,1,0,1.0,-0.0
12203,12163,C,0,0,1,0,1,0,1.0,-0.0
12211,12171,B,1,0,0,0,2,1,1.0,-0.0
12227,12187,C,1,0,1,0,2,0,0.5,1.0
12239,12199,C,0,1,0,1,2,0,0.5,1.0
12241,12201,E,0,0,2,1,4,1,0.5555555555555556,0.9182958340544896
12251,12211,C,0,0,1,0,1,0,1.0,-0.0
12253,12213,E,0,0,0,2,4,2,1.0,-0.0
12263,12223,C,0,1,0,1,2,0,0.5,1.0
12269,12229,A,0,0,2,0,2,0,1.0,-0.0
12277,12237,E,0,0,0,1,2,1,1.0,-0.0
12281,12241,A,1,0,0,0,1,0,1.0,-0.0
12289,12249,E,0,1,0,0,3,2,1.0,-0.0
12301,12261,E,1,0,1,0,3,1,0.5,1.0
12323,12283,C,0,1,0,1,2,0,0.5,1.0
12329,12289,A,1,0,0,0,1,0,1.0,-0.0
12343,12303,B,0,0,0,1,3,2,1.0,-0.0
12347,12307,C,1,0,1,0,2,0,0.5,1.0
12373,12333,E,0,0,1,0,2,1,1.0,-0.0
12377,12337,A,3,0,0,0,3,0,1.0,-0.0
12379,12339,B,1,0,0,0,4,3,1.0,-0.0
12391,12351,B,0,0,0,2,3,1,1.0,-0.0
12401,12361,A,0,0,0,2,2,0,1.0,-0.0
12409,12369,E,0,0,3,0,4,1,1.0,-0.0
12413,12373,A,1,0,0,0,1,0,1.0,-0.0
12421,12381,E,0,0,0,1,2,1,1.0,-0.0
12433,12393,E,0,1,0,0,7,6,1.0,-0.0
12437,12397,A,0,0,2,2,4,0,0.5,1.0
12451,12411,B,0,1,1,0,4,2,0.5,1.0
12457,12417,E,0,0,0,1,2,1,1.0,-0.0
12473,12433,A,1,0,0,0,1,0,1.0,-0.0
12479,12439,C,1,0,1,0,2,0,0.5,1.0
12487,12447,B,0,1,0,0,4,3,1.0,-0.0
12491,12451,C,0,0,1,0,1,0,1.0,-0.0
12497,12457,A,1,0,0,0,1,0,1.0,-0.0
12503,12463,C,0,0,1,2,3,0,0.5555555555555556,0.9182958340544896
12511,12471,B,0,1,0,0,2,1,1.0,-0.0
12517,12477,E,0,0,1,0,2,1,1.0,-0.0
12527,12487,C,0,0,1,0,1,0,1.0,-0.0
12539,12499,C,0,1,0,1,2,0,0.5,1.0
12541,12501,E,0,0,1,0,4,3,1.0,-0.0
12547,12507,B,0,0,1,1,3,1,0.5,1.0
12553,12513,E,1,0,1,0,3,1,0.5,1.0
12569,12529,A,0,1,1,1,3,0,0.3333333333333333,1.584962500721156
12577,12537,E,0,0,2,0,4,2,1.0,-0.0
12583,12543,B,1,1,0,0,3,1,0.5,1.0
12589,12549,E,0,1,0,1,3,1,0.5,1.0
12601,12561,E,0,1,1,0,3,1,0.5,1.0
12611,12571,C,1,0,1,0,2,0,0.5,1.0
12613,12573,E,0,0,1,1,4,2,0.5,1.0
12619,12579,B,0,0,1,1,3,1,0.5,1.0
12637,12597,E,1,1,1,0,4,1,0.3333333333333333,1.584962500721156
12641,12601,A,1,0,0,0,1,0,1.0,-0.0
12647,12607,C,1,0,1,0,2,0,0.5,1.0
12653,12613,A,1,0,0,0,1,0,1.0,-0.0
12659,12619,C,0,0,1,0,1,0,1.0,-0.0
12671,12631,C,0,1,0,1,2,0,0.5,1.0
12689,12649,A,1,0,2,0,3,0,0.5555555555555556,0.9182958340544896
12697,12657,E,0,0,1,0,2,1,1.0,-0.0
12703,12663,B,0,0,2,0,5,3,1.0,-0.0
12713,12673,A,0,1,1,1,3,0,0.3333333333333333,1.584962500721156
12721,12681,E,0,1,0,0,3,2,1.0,-0.0
12739,12699,B,0,1,0,1,4,2,0.5,1.0
12743,12703,C,0,0,1,0,1,0,1.0,-0.0
12757,12717,E,1,0,0,0,5,4,1.0,-0.0
12763,12723,B,0,1,0,0,2,1,1.0,-0.0
12781,12741,E,0,1,1,0,3,1,0.5,1.0
12791,12751,C,0,1,0,1,2,0,0.5,1.0
12799,12759,B,0,1,0,0,2,1,1.0,-0.0
12809,12769,A,0,2,0,0,2,0,1.0,-0.0
12821,12781,A,1,0,0,0,1,0,1.0,-0.0
12823,12783,B,1,0,0,0,2,1,1.0,-0.0
12829,12789,E,0,1,2,0,5,2,0.5555555555555556,0.9182958340544896
12841,12801,E,0,1,0,1,3,1,0.5,1.0
12853,12813,E,0,0,0,1,2,1,1.0,-0.0
12889,12849,E,0,0,0,1,2,1,1.0,-0.0
12893,12853,A,1,0,0,0,1,0,1.0,-0.0
12899,12859,C,0,0,1,2,3,0,0.5555555555555556,0.9182958340544896
12907,12867,B,0,1,0,0,2,1,1.0,-0.0
12911,12871,C,1,0,1,0,2,0,0.5,1.0
12917,12877,A,0,0,2,0,2,0,1.0,-0.0
12919,12879,B,0,1,0,0,6,5,1.0,-0.0
12923,12883,C,1,0,1,0,2,0,0.5,1.0
12941,12901,A,1,0,2,0,3,0,0.5555555555555556,0.9182958340544896
12953,12913,A,2,0,0,0,2,0,1.0,-0.0
12959,12919,C,0,0,1,0,1,0,1.0,-0.0
12967,12927,B,0,0,2,0,3,1,1.0,-0.0
12973,12933,E,0,0,0,1,4,3,1.0,-0.0
12979,12939,B,0,0,1,1,3,1,0.5,1.0
12983,12943,C,0,0,3,0,3,0,1.0,-0.0
13001,12961,A,2,0,0,0,2,0,1.0,-0.0
13003,12963,B,0,2,0,0,3,1,1.0,-0.0
13007,12967,C,0,0,1,0,1,0,1.0,-0.0
13009,12969,E,0,0,0,2,4,2,1.0,-0.0
13033,12993,E,1,0,0,1,3,1,0.5,1.0
13037,12997,A,0,2,0,0,2,0,1.0,-0.0
13043,13003,C,0,0,1,0,1,0,1.0,-0.0
13049,13009,A,1,0,0,0,1,0,1.0,-0.0
13063,13023,B,0,0,1,0,3,2,1.0,-0.0
13093,13053,E,1,0,1,0,3,1,0.5,1.0
13099,13059,B,0,0,0,1,3,2,1.0,-0.0
13103,13063,C,0,0,1,0,1,0,1.0,-0.0
13109,13069,A,0,0,2,0,2,0,1.0,-0.0
13121,13081,A,0,0,2,0,2,0,1.0,-0.0
13127,13087,C,0,1,0,1,2,0,0.5,1.0
13147,13107,B,0,2,0,0,3,1,1.0,-0.0
13151,13111,C,1,0,1,0,2,0,0.5,1.0
13159,13119,B,0,1,0,0,2,1,1.0,-0.0
13163,13123,C,0,1,0,1,2,0,0.5,1.0
13171,13131,B,0,0,1,0,3,2,1.0,-0.0
13177,13137,E,0,1,1,0,3,1,0.5,1.0
13183,13143,B,2,0,0,0,3,1,1.0,-0.0
13187,13147,C,0,0,1,0,1,0,1.0,-0.0
13217,13177,A,1,0,0,0,1,0,1.0,-0.0
13219,13179,B,0,0,0,2,3,1,1.0,-0.0
13229,13189,A,1,0,0,2,3,0,0.5555555555555556,0.9182958340544896
13241,13201,A,0,0,2,0,2,0,1.0,-0.0
13249,13209,E,1,1,1,0,4,1,0.3333333333333333,1.584962500721156
13259,13219,C,0,0,1,0,1,0,1.0,-0.0
13267,13227,B,0,1,0,0,2,1,1.0,-0.0
13291,13251,B,0,0,2,0,3,1,1.0,-0.0
13297,13257,E,0,0,0,1,4,3,1.0,-0.0
13309,13269,E,0,0,1,0,2,1,1.0,-0.0
13313,13273,A,2,0,0,0,2,0,1.0,-0.0
13327,13287,B,0,0,2,0,3,1,1.0,-0.0
13331,13291,C,0,0,1,0,1,0,1.0,-0.0
13337,13297,A,1,0,0,0,1,0,1.0,-0.0
13339,13299,B,1,0,1,1,4,1,0.3333333333333333,1.584962500721156
13367,13327,C,0,0,1,0,1,0,1.0,-0.0
13381,13341,E,0,0,1,0,2,1,1.0,-0.0
13397,13357,A,1,0,2,0,3,0,0.5555555555555556,0.9182958340544896
13399,13359,B,2,0,0,0,3,1,1.0,-0.0
13411,13371,B,0,1,0,0,2,1,1.0,-0.0
13417,13377,E,1,0,3,0,5,1,0.625,0.8112781244591328
13421,13381,A,1,0,0,0,1,0,1.0,-0.0
13441,13401,E,1,0,0,0,3,2,1.0,-0.0
13451,13411,C,0,0,1,0,1,0,1.0,-0.0
13457,13417,A,1,0,0,0,1,0,1.0,-0.0
13463,13423,C,1,0,1,0,2,0,0.5,1.0
13469,13429,A,2,0,0,0,2,0,1.0,-0.0
13477,13437,E,0,1,0,0,3,2,1.0,-0.0
13487,13447,C,0,2,1,0,3,0,0.5555555555555556,0.9182958340544896
13499,13459,C,1,0,1,0,2,0,0.5,1.0
13513,13473,E,0,0,1,0,4,3,1.0,-0.0
13523,13483,C,1,0,1,0,2,0,0.5,1.0
13537,13497,E,1,0,0,1,3,1,0.5,1.0
13553,13513,A,1,0,0,0,1,0,1.0,-0.0
13567,13527,B,0,0,0,1,5,4,1.0,-0.0
13577,13537,A,1,0,0,0,1,0,1.0,-0.0
13591,13551,B,0,1,0,0,2,1,1.0,-0.0
13597,13557,E,0,0,1,0,2,1,1.0,-0.0
13613,13573,A,1,0,2,0,3,0,0.5555555555555556,0.9182958340544896
13619,13579,C,1,0,1,0,2,0,0.5,1.0
13627,13587,B,0,0,1,1,3,1,0.5,1.0
13633,13593,E,0,1,0,1,3,1,0.5,1.0
13649,13609,A,0,0,2,0,2,0,1.0,-0.0
13669,13629,E,0,0,1,2,4,1,0.5555555555555556,0.9182958340544896
13679,13639,C,0,1,0,1,2,0,0.5,1.0
13681,13641,E,0,0,0,1,2,1,1.0,-0.0
13687,13647,B,1,0,0,0,2,1,1.0,-0.0
13691,13651,C,1,1,0,1,3,0,0.3333333333333333,1.584962500721156
13693,13653,E,1,1,0,0,4,2,0.5,1.0
13697,13657,A,0,0,2,0,2,0,1.0,-0.0
13709,13669,A,1,0,0,0,1,0,1.0,-0.0
13711,13671,B,0,0,3,0,5,2,1.0,-0.0
13721,13681,A,1,0,0,0,1,0,1.0,-0.0
13723,13683,B,1,0,0,0,2,1,1.0,-0.0
13729,13689,E,2,0,0,0,6,4,1.0,-0.0
13751,13711,C,0,0,1,0,1,0,1.0,-0.0
13757,13717,A,0,1,1,1,3,0,0.3333333333333333,1.584962500721156
13759,13719,B,0,2,0,0,3,1,1.0,-0.0
13763,13723,C,0,0,1,0,1,0,1.0,-0.0
13781,13741,A,1,0,2,0,3,0,0.5555555555555556,0.9182958340544896
13789,13749,E,0,0,0,1,2,1,1.0,-0.0
13799,13759,C,0,0,1,0,1,0,1.0,-0.0
13807,13767,B,1,1,0,0,3,1,0.5,1.0
13829,13789,A,1,0,0,0,1,0,1.0,-0.0
13831,13791,B,1,0,0,0,2,1,1.0,-0.0
13841,13801,A,2,0,0,0,2,0,1.0,-0.0
13859,13819,C,1,0,1,0,2,0,0.5,1.0
13873,13833,E,0,2,0,0,4,2,1.0,-0.0
13877,13837,A,0,2,0,0,2,0,1.0,-0.0
13879,13839,B,0,0,1,1,3,1,0.5,1.0
13883,13843,C,1,0,1,0,2,0,0.5,1.0
13901,13861,A,0,0,0,2,2,0,1.0,-0.0
13903,13863,B,1,0,0,0,2,1,1.0,-0.0
13907,13867,C,0,0,3,0,3,0,1.0,-0.0
13913,13873,A,1,0,0,0,1,0,1.0,-0.0
13921,13881,E,1,0,1,0,3,1,0.5,1.0
13931,13891,C,0,1,0,1,2,0,0.5,1.0
13933,13893,E,1,0,0,1,3,1,0.5,1.0
13963,13923,B,1,1,1,0,5,2,0.3333333333333333,1.584962500721156
13967,13927,C,1,0,1,0,2,0,0.5,1.0
13997,13957,A,0,2,0,0,2,0,1.0,-0.0
13999,13959,B,0,0,0,2,5,3,1.0,-0.0
14009,13969,A,2,0,0,0,2,0,1.0,-0.0
14011,13971,B,1,0,0,0,2,1,1.0,-0.0
14029,13989,E,0,0,1,0,2,1,1.0,-0.0
14033,13993,A,0,0,2,0,2,0,1.0,-0.0
14051,14011,C,0,0,1,0,1,0,1.0,-0.0
14057,14017,A,0,0,0,2,2,0,1.0,-0.0
14071,14031,B,0,0,0,1,3,2,1.0,-0.0
14081,14041,A,0,0,2,0,2,0,1.0,-0.0
14083,14043,B,0,0,2,0,3,1,1.0,-0.0
14087,14047,C,0,1,0,1,2,0,0.5,1.0
14107,14067,B,0,1,0,0,4,3,1.0,-0.0
14143,14103,B,0,0,1,0,3,2,1.0,-0.0
14149,14109,E,0,0,0,1,2,1,1.0,-0.0
14153,14113,A,0,0,0,2,2,0,1.0,-0.0
14159,14119,C,1,0,1,0,2,0,0.5,1.0
14173,14133,E,1,0,1,0,3,1,0.5,1.0
14177,14137,A,0,0,2,0,2,0,1.0,-0.0
14197,14157,E,1,0,0,2,5,2,0.5555555555555556,0.9182958340544896
14207,14167,C,1,0,1,0,2,0,0.5,1.0
14221,14181,E,0,1,1,0,3,1,0.5,1.0
14243,14203,C,1,0,1,0,2,0,0.5,1.0
14249,14209,A,2,0,0,0,2,0,1.0,-0.0
14251,14211,B,0,0,1,0,3,2,1.0,-0.0
14281,14241,E,0,1,0,1,3,1,0.5,1.0
14293,14253,E,0,0,0,1,2,1,1.0,-0.0
14303,14263,C,0,1,0,1,2,0,0.5,1.0
14321,14281,A,1,0,0,0,1,0,1.0,-0.0
14323,14283,B,0,0,0,2,5,3,1.0,-0.0
14327,14287,C,2,0,1,0,3,0,0.5555555555555556,0.9182958340544896
14341,14301,E,0,0,1,1,4,2,0.5,1.0
14347,14307,B,0,0,1,1,3,1,0.5,1.0
14369,14329,A,0,1,1,1,3,0,0.3333333333333333,1.584962500721156
14387,14347,C,0,0,1,0,1,0,1.0,-0.0
14389,14349,E,0,0,1,0,2,1,1.0,-0.0
14401,14361,E,0,0,0,1,2,1,1.0,-0.0
14407,14367,B,1,0,0,0,2,1,1.0,-0.0
14411,14371,C,1,0,1,0,2,0,0.5,1.0
14419,14379,B,0,1,0,0,2,1,1.0,-0.0
14423,14383,C,1,0,1,0,2,0,0.5,1.0
14431,14391,B,1,1,0,0,5,3,0.5,1.0
14437,14397,E,0,0,0,1,2,1,1.0,-0.0
14447,14407,C,0,0,1,0,1,0,1.0,-0.0
14449,14409,E,0,1,0,0,3,2,1.0,-0.0
14461,14421,E,0,0,1,2,4,1,0.5555555555555556,0.9182958340544896
14479,14439,B,1,0,0,0,2,1,1.0,-0.0
14489,14449,A,1,0,0,0,1,0,1.0,-0.0
14503,14463,B,0,0,0,1,3,2,1.0,-0.0
14519,14479,C,0,0,1,0,1,0,1.0,-0.0
14533,14493,E,0,0,1,0,2,1,1.0,-0.0
14537,14497,A,1,0,2,0,3,0,0.5555555555555556,0.9182958340544896
14543,14503,C,0,0,1,0,1,0,1.0,-0.0
14549,14509,A,0,0,0,2,2,0,1.0,-0.0
14551,14511,B,0,0,2,0,3,1,1.0,-0.0
14557,14517,E,0,1,0,0,3,2,1.0,-0.0
14561,14521,A,2,0,0,0,2,0,1.0,-0.0
14563,14523,B,0,0,1,1,3,1,0.5,1.0
14591,14551,C,0,0,1,0,1,0,1.0,-0.0
14593,14553,E,0,0,2,1,6,3,0.5555555555555556,0.9182958340544896
14621,14581,A,0,0,2,0,2,0,1.0,-0.0
14627,14587,C,0,1,0,1,2,0,0.5,1.0
14629,14589,E,1,0,0,0,3,2,1.0,-0.0
14633,14593,A,1,0,0,0,1,0,1.0,-0.0
14639,14599,C,1,0,1,0,2,0,0.5,1.0
14653,14613,E,0,0,0,1,2,1,1.0,-0.0
14657,14617,A,0,0,0,2,2,0,1.0,-0.0
14669,14629,A,1,0,0,0,1,0,1.0,-0.0
14683,14643,B,0,0,1,0,3,2,1.0,-0.0
14699,14659,C,0,1,0,1,2,0,0.5,1.0
14713,14673,E,1,0,1,0,3,1,0.5,1.0
14717,14677,A,2,0,0,0,2,0,1.0,-0.0
14723,14683,C,0,0,1,0,1,0,1.0,-0.0
14731,14691,B,0,0,0,2,3,1,1.0,-0.0
14737,14697,E,0,0,0,2,4,2,1.0,-0.0
14741,14701,A,2,0,0,0,2,0,1.0,-0.0
14747,14707,C,0,0,1,2,3,0,0.5555555555555556,0.9182958340544896
14753,14713,A,1,0,0,0,1,0,1.0,-0.0
14759,14719,C,0,1,0,1,2,0,0.5,1.0
14767,14727,B,1,0,0,0,2,1,1.0,-0.0
14771,14731,C,0,0,1,0,1,0,1.0,-0.0
14779,14739,B,0,3,0,0,4,1,1.0,-0.0
14783,14743,C,0,1,0,1,2,0,0.5,1.0
14797,14757,E,0,0,0,1,2,1,1.0,-0.0
14813,14773,A,0,1,1,1,3,0,0.3333333333333333,1.584962500721156
14821,14781,E,1,0,1,0,3,1,0.5,1.0
14827,14787,B,0,1,1,0,4,2,0.5,1.0
14831,14791,C,1,0,1,0,2,0,0.5,1.0
14843,14803,C,0,1,0,1,2,0,0.5,1.0
14851,14811,B,0,1,0,0,2,1,1.0,-0.0
14867,14827,C,0,0,1,0,1,0,1.0,-0.0
14869,14829,E,0,0,0,1,2,1,1.0,-0.0
14879,14839,C,0,0,1,2,3,0,0.5555555555555556,0.9182958340544896
14887,14847,B,0,1,2,0,4,1,0.5555555555555556,0.9182958340544896
14891,14851,C,0,0,1,0,1,0,1.0,-0.0
14897,14857,A,0,0,0,2,2,0,1.0,-0.0
14923,14883,B,0,1,0,2,4,1,0.5555555555555556,0.9182958340544896
14929,14889,E,1,0,1,0,3,1,0.5,1.0
14939,14899,C,0,1,0,1,2,0,0.5,1.0
14947,14907,B,1,0,0,0,2,1,1.0,-0.0
14951,14911,C,2,0,1,0,3,0,0.5555555555555556,0.9182958340544896
14957,14917,A,0,0,2,0,2,0,1.0,-0.0
14969,14929,A,1,0,0,0,1,0,1.0,-0.0
14983,14943,B,0,2,0,0,3,1,1.0,-0.0
15013,14973,E,0,0,2,1,4,1,0.5555555555555556,0.9182958340544896
15017,14977,A,0,2,0,0,2,0,1.0,-0.0
15031,14991,B,0,0,1,1,3,1,0.5,1.0
15053,15013,A,1,0,0,0,1,0,1.0,-0.0
15061,15021,E,1,0,0,0,3,2,1.0,-0.0
15073,15033,E,0,0,1,0,2,1,1.0,-0.0
15077,15037,A,0,0,0,2,2,0,1.0,-0.0
15083,15043,C,0,0,3,0,3,0,1.0,-0.0
15091,15051,B,0,2,0,0,3,1,1.0,-0.0
15101,15061,A,1,0,0,0,1,0,1.0,-0.0
15107,15067,C,2,0,1,0,3,0,0.5555555555555556,0.9182958340544896
15121,15081,E,1,0,0,1,3,1,0.5,1.0
15131,15091,C,0,0,1,0,1,0,1.0,-0.0
15137,15097,A,0,0,2,0,2,0,1.0,-0.0
15139,15099,B,0,0,1,1,3,1,0.5,1.0
15149,15109,A,0,2,0,0,2,0,1.0,-0.0
15161,15121,A,1,0,0,0,1,0,1.0,-0.0
15173,15133,A,2,0,0,0,2,0,1.0,-0.0
15187,15147,B,0,1,0,1,6,4,0.5,1.0
15193,15153,E,0,0,0,1,2,1,1.0,-0.0
15199,15159,B,0,0,2,0,3,1,1.0,-0.0
15217,15177,E,0,0,1,0,2,1,1.0,-0.0
15227,15187,C,0,0,1,0,1,0,1.0,-0.0
15233,15193,A,1,0,0,0,1,0,1.0,-0.0
15241,15201,E,0,0,0,1,4,3,1.0,-0.0
15259,15219,B,0,1,1,0,4,2,0.5,1.0
15263,15223,C,1,0,1,0,2,0,0.5,1.0
15269,15229,A,2,0,0,0,2,0,1.0,-0.0
15271,15231,B,1,0,0,0,2,1,1.0,-0.0
15277,15237,E,1,0,0,0,3,2,1.0,-0.0
15287,15247,C,1,0,1,0,2,0,0.5,1.0
15289,15249,E,1,1,0,1,4,1,0.3333333333333333,1.584962500721156
15299,15259,C,0,0,1,0,1,0,1.0,-0.0
15307,15267,B,0,0,2,0,3,1,1.0,-0.0
15313,15273,E,0,1,0,0,3,2,1.0,-0.0
15319,15279,B,0,0,1,1,3,1,0.5,1.0
15329,15289,A,1,0,0,0,1,0,1.0,-0.0
15331,15291,B,0,0,1,0,3,2,1.0,-0.0
15349,15309,E,0,0,1,0,8,7,1.0,-0.0
15359,15319,C,0,0,1,0,1,0,1.0,-0.0
15361,15321,E,0,0,1,0,2,1,1.0,-0.0
15373,15333,E,0,1,1,0,3,1,0.5,1.0
15377,15337,A,1,0,2,0,3,0,0.5555555555555556,0.9182958340544896
15383,15343,C,1,0,1,0,2,0,0.5,1.0
15391,15351,B,0,1,2,0,4,1,0.5555555555555556,0.9182958340544896
15401,15361,A,1,0,0,0,1,0,1.0,-0.0
15413,15373,A,1,0,0,0,1,0,1.0,-0.0
15427,15387,B,0,0,1,1,3,1,0.5,1.0
15439,15399,B,0,1,0,1,4,2,0.5,1.0
15443,15403,C,1,0,1,0,2,0,0.5,1.0
15451,15411,B,0,0,0,2,3,1,1.0,-0.0
15461,15421,A,0,0,2,0,2,0,1.0,-0.0
15467,15427,C,0,0,1,0,1,0,1.0,-0.0
15473,15433,A,1,0,0,2,3,0,0.5555555555555556,0.9182958340544896
15493,15453,E,0,2,0,0,4,2,1.0,-0.0
15497,15457,A,1,2,0,0,3,0,0.5555555555555556,0.9182958340544896
15511,15471,B,0,0,0,1,5,4,1.0,-0.0
15527,15487,C,0,1,0,1,2,0,0.5,1.0
15541,15501,E,0,0,1,0,2,1,1.0,-0.0
15551,15511,C,0,0,1,0,1,0,1.0,-0.0
15559,15519,B,0,0,2,0,3,1,1.0,-0.0
15569,15529,A,0,2,0,0,2,0,1.0,-0.0
15581,15541,A,1,0,0,0,1,0,1.0,-0.0
15583,15543,B,1,0,0,1,4,2,0.5,1.0
15601,15561,E,1,0,2,0,5,2,0.5555555555555556,0.9182958340544896
15607,15567,B,0,1,0,0,2,1,1.0,-0.0
15619,15579,B,1,0,0,0,4,3,1.0,-0.0
15629,15589,A,0,1,1,1,3,0,0.3333333333333333,1.584962500721156
15641,15601,A,1,0,0,0,1,0,1.0,-0.0
15643,15603,B,0,0,1,1,3,1,0.5,1.0
15647,15607,C,0,0,1,0,1,0,1.0,-0.0
15649,15609,E,0,0,1,2,4,1,0.5555555555555556,0.9182958340544896
15661,15621,E,0,1,1,0,3,1,0.5,1.0
15667,15627,B,1,0,0,0,2,1,1.0,-0.0
15671,15631,C,0,1,2,1,4,0,0.375,1.5
15679,15639,B,1,1,0,0,3,1,0.5,1.0
15683,15643,C,0,0,1,0,1,0,1.0,-0.0
15727,15687,B,0,0,1,1,5,3,0.5,1.0
15731,15691,C,1,1,0,1,3,0,0.3333333333333333,1.584962500721156
15733,15693,E,0,0,0,1,2,1,1.0,-0.0
15737,15697,A,0,0,0,2,2,0,1.0,-0.0
15739,15699,B,1,0,0,0,2,1,1.0,-0.0
15749,15709,A,0,0,0,2,2,0,1.0,-0.0
15761,15721,A,0,0,2,0,2,0,1.0,-0.0
15767,15727,C,0,0,1,0,1,0,1.0,-0.0
15773,15733,A,1,0,0,0,1,0,1.0,-0.0
15787,15747,B,1,1,0,0,3,1,0.5,1.0
15791,15751,C,1,0,1,0,2,0,0.5,1.0
15797,15757,A,0,0,2,0,2,0,1.0,-0.0
15803,15763,C,0,1,0,1,2,0,0.5,1.0
15809,15769,A,2,0,0,0,2,0,1.0,-0.0
15817,15777,E,1,0,0,0,3,2,1.0,-0.0
15823,15783,B,0,1,0,0,2,1,1.0,-0.0
15859,15819,B,0,1,0,0,2,1,1.0,-0.0
15877,15837,E,0,0,0,1,2,1,1.0,-0.0
15881,15841,A,1,0,2,0,3,0,0.5555555555555556,0.9182958340544896
15887,15847,C,1,1,0,1,3,0,0.3333333333333333,1.584962500721156
15889,15849,E,0,0,0,1,4,3,1.0,-0.0
15901,15861,E,0,1,0,1,3,1,0.5,1.0
15907,15867,B,0,1,1,0,4,2,0.5,1.0
15913,15873,E,2,0,0,1,4,1,0.5555555555555556,0.9182958340544896
15919,15879,B,0,0,2,0,3,1,1.0,-0.0
15923,15883,C,1,0,1,0,2,0,0.5,1.0
15937,15897,E,1,0,1,0,3,1,0.5,1.0
15959,15919,C,0,0,1,0,1,0,1.0,-0.0
15971,15931,C,0,1,0,1,2,0,0.5,1.0
15973,15933,E,0,1,0,1,3,1,0.5,1.0
15991,15951,B,2,0,0,0,3,1,1.0,-0.0
16001,15961,A,0,0,0,2,2,0,1.0,-0.0
16007,15967,C,1,0,1,0,2,0,0.5,1.0
16033,15993,E,1,0,0,0,3,2,1.0,-0.0
16057,16017,E,0,1,1,0,3,1,0.5,1.0
16061,16021,A,2,0,0,0,2,0,1.0,-0.0
16063,16023,B,1,0,2,0,4,1,0.5555555555555556,0.9182958340544896
16067,16027,C,0,0,1,2,3,0,0.5555555555555556,0.9182958340544896
16069,16029,E,1,1,0,0,4,2,0.5,1.0
16073,16033,A,1,0,0,0,1,0,1.0,-0.0
16087,16047,B,0,0,1,0,3,2,1.0,-0.0
16091,16051,C,1,0,1,0,2,0,0.5,1.0
16097,16057,A,1,0,0,0,1,0,1.0,-0.0
16103,16063,C,0,0,1,0,1,0,1.0,-0.0
16111,16071,B,0,0,1,1,3,1,0.5,1.0
16127,16087,C,0,0,1,0,1,0,1.0,-0.0
16139,16099,C,0,1,0,1,2,0,0.5,1.0
16141,16101,E,1,0,0,0,3,2,1.0,-0.0
16183,16143,B,0,1,0,0,2,1,1.0,-0.0
16187,16147,C,1,0,1,0,2,0,0.5,1.0
16189,16149,E,1,0,1,0,3,1,0.5,1.0
16193,16153,A,0,2,0,0,2,0,1.0,-0.0
16217,16177,A,0,0,2,0,2,0,1.0,-0.0
16223,16183,C,0,0,1,0,1,0,1.0,-0.0
16229,16189,A,1,0,0,0,1,0,1.0,-0.0
16231,16191,B,0,1,1,0,4,2,0.5,1.0
16249,16209,E,1,0,0,0,3,2,1.0,-0.0
16253,16213,A,0,0,2,0,2,0,1.0,-0.0
16267,16227,B,1,0,0,0,4,3,1.0,-0.0
16273,16233,E,0,1,1,0,3,1,0.5,1.0
16301,16261,A,0,1,1,1,3,0,0.3333333333333333,1.584962500721156
16319,16279,C,1,0,1,0,2,0,0.5,1.0
16333,16293,E,0,0,1,0,2,1,1.0,-0.0
16339,16299,B,0,0,0,1,3,2,1.0,-0.0
16349,16309,A,0,0,0,2,2,0,1.0,-0.0
16361,16321,A,0,0,2,0,2,0,1.0,-0.0
16363,16323,B,0,1,0,0,2,1,1.0,-0.0
16369,16329,E,0,0,1,0,2,1,1.0,-0.0
16381,16341,E,1,0,0,1,3,1,0.5,1.0
16411,16371,B,0,1,0,1,4,2,0.5,1.0
16417,16377,E,0,1,1,0,3,1,0.5,1.0
16421,16381,A,1,0,0,0,1,0,1.0,-0.0
16427,16387,C,1,0,1,0,2,0,0.5,1.0
16433,16393,A,3,0,0,0,3,0,1.0,-0.0
16447,16407,B,0,0,0,1,3,2,1.0,-0.0
16451,16411,C,0,0,1,0,1,0,1.0,-0.0
16453,16413,E,0,0,0,1,2,1,1.0,-0.0
16477,16437,E,0,0,1,0,2,1,1.0,-0.0
16481,16441,A,0,2,0,0,2,0,1.0,-0.0
16487,16447,C,0,0,1,0,1,0,1.0,-0.0
16493,16453,A,1,0,0,0,1,0,1.0,-0.0
16519,16479,B,0,0,1,0,3,2,1.0,-0.0
16529,16489,A,0,0,0,2,2,0,1.0,-0.0
16547,16507,C,0,1,0,1,2,0,0.5,1.0
16553,16513,A,1,0,2,0,3,0,0.5555555555555556,0.9182958340544896
16561,16521,E,0,0,0,1,2,1,1.0,-0.0
16567,16527,B,0,0,2,0,3,1,1.0,-0.0
16573,16533,E,0,0,0,2,4,2,1.0,-0.0
16603,16563,B,1,0,0,0,2,1,1.0,-0.0
16607,16567,C,0,0,1,0,1,0,1.0,-0.0
16619,16579,C,0,1,0,1,2,0,0.5,1.0
16631,16591,C,0,1,0,1,2,0,0.5,1.0
16633,16593,E,0,0,0,1,2,1,1.0,-0.0
16649,16609,A,0,2,0,0,2,0,1.0,-0.0
16651,16611,B,0,1,2,0,4,1,0.5555555555555556,0.9182958340544896
16657,16617,E,0,1,0,1,3,1,0.5,1.0
16661,16621,A,0,0,0,2,2,0,1.0,-0.0
16673,16633,A,1,0,0,0,1,0,1.0,-0.0
16691,16651,C,0,0,1,0,1,0,1.0,-0.0
16693,16653,E,2,0,1,0,4,1,0.5555555555555556,0.9182958340544896
16699,16659,B,0,1,0,0,4,3,1.0,-0.0
16703,16663,C,1,0,1,0,2,0,0.5,1.0
16729,16689,E,0,0,1,0,2,1,1.0,-0.0
16741,16701,E,0,1,1,0,3,1,0.5,1.0
16747,16707,B,1,0,0,0,2,1,1.0,-0.0
16759,16719,B,0,1,0,0,2,1,1.0,-0.0
16763,16723,C,1,0,1,0,2,0,0.5,1.0
16787,16747,C,0,0,1,0,1,0,1.0,-0.0
16811,16771,C,1,0,1,0,2,0,0.5,1.0
16823,16783,C,1,0,1,0,2,0,0.5,1.0
16829,16789,A,0,0,2,0,2,0,1.0,-0.0
16831,16791,B,1,1,0,0,3,1,0.5,1.0
16843,16803,B,0,0,1,0,3,2,1.0,-0.0
16871,16831,C,0,0,1,0,1,0,1.0,-0.0
16879,16839,B,0,0,0,1,3,2,1.0,-0.0
16883,16843,C,0,0,1,0,1,0,1.0,-0.0
16889,16849,A,0,1,1,1,3,0,0.3333333333333333,1.584962500721156
16901,16861,A,2,0,0,0,2,0,1.0,-0.0
16903,16863,B,1,0,1,1,4,1,0.3333333333333333,1.584962500721156
16921,16881,E,0,1,1,0,3,1,0.5,1.0
16927,16887,B,2,0,0,0,3,1,1.0,-0.0
16931,16891,C,0,0,3,0,3,0,1.0,-0.0
16937,16897,A,2,0,0,0,2,0,1.0,-0.0
16943,16903,C,0,0,1,0,1,0,1.0,-0.0
16963,16923,B,1,0,0,0,2,1,1.0,-0.0
16979,16939,C,1,0,1,0,2,0,0.5,1.0
16981,16941,E,0,0,1,0,2,1,1.0,-0.0
16987,16947,B,0,1,1,0,4,2,0.5,1.0
16993,16953,E,0,0,0,1,2,1,1.0,-0.0
17011,16971,B,0,1,0,0,2,1,1.0,-0.0
17021,16981,A,1,0,0,0,1,0,1.0,-0.0
17027,16987,C,0,0,1,0,1,0,1.0,-0.0
17029,16989,E,0,1,1,0,3,1,0.5,1.0
17033,16993,A,1,0,0,0,1,0,1.0,-0.0
17041,17001,E,0,1,0,0,3,2,1.0,-0.0
17047,17007,B,0,1,0,0,2,1,1.0,-0.0
17053,17013,E,0,1,0,1,3,1,0.5,1.0
17077,17037,E,0,0,1,0,4,3,1.0,-0.0
17093,17053,A,1,0,0,0,1,0,1.0,-0.0
17099,17059,C,1,0,1,0,2,0,0.5,1.0
17107,17067,B,1,0,0,0,2,1,1.0,-0.0
17117,17077,A,1,0,0,0,1,0,1.0,-0.0
17123,17083,C,0,1,0,1,2,0,0.5,1.0
17137,17097,E,0,1,1,0,3,1,0.5,1.0
17159,17119,C,0,2,1,0,3,0,0.5555555555555556,0.9182958340544896
17167,17127,B,0,1,0,1,4,2,0.5,1.0
17183,17143,C,0,0,3,0,3,0,1.0,-0.0
17189,17149,A,0,0,0,2,2,0,1.0,-0.0
17191,17151,B,0,1,0,0,2,1,1.0,-0.0
17203,17163,B,0,0,0,1,3,2,1.0,-0.0
17207,17167,C,0,0,1,0,1,0,1.0,-0.0
17209,17169,E,1,0,0,1,3,1,0.5,1.0
17231,17191,C,0,0,1,0,1,0,1.0,-0.0
17239,17199,B,1,0,2,0,6,3,0.5555555555555556,0.9182958340544896
17257,17217,E,0,1,0,0,3,2,1.0,-0.0
17291,17251,C,1,0,1,0,2,0,0.5,1.0
17293,17253,E,0,0,0,1,6,5,1.0,-0.0
17299,17259,B,0,0,1,1,3,1,0.5,1.0
17317,17277,E,1,0,0,1,3,1,0.5,1.0
17321,17281,A,0,0,0,2,2,0,1.0,-0.0
17327,17287,C,0,1,0,1,2,0,0.5,1.0
17333,17293,A,1,0,0,0,1,0,1.0,-0.0
17341,17301,E,1,0,1,0,3,1,0.5,1.0
17351,17311,C,1,0,1,0,2,0,0.5,1.0
17359,17319,B,0,0,0,2,3,1,1.0,-0.0
17377,17337,E,0,0,1,0,2,1,1.0,-0.0
17383,17343,B,0,1,0,1,4,2,0.5,1.0
17387,17347,C,0,0,1,2,3,0,0.5555555555555556,0.9182958340544896
17389,17349,E,0,0,0,1,2,1,1.0,-0.0
17393,17353,A,1,0,2,0,3,0,0.5555555555555556,0.9182958340544896
17401,17361,E,0,0,1,0,4,3,1.0,-0.0
17417,17377,A,1,0,0,0,1,0,1.0,-0.0
17419,17379,B,0,0,0,1,3,2,1.0,-0.0
17431,17391,B,0,1,1,1,4,1,0.3333333333333333,1.584962500721156
17443,17403,B,0,1,0,0,2,1,1.0,-0.0
17449,17409,E,1,0,1,0,3,1,0.5,1.0
17467,17427,B,2,0,0,0,3,1,1.0,-0.0
17471,17431,C,0,0,1,0,1,0,1.0,-0.0
17477,17437,A,0,1,1,1,3,0,0.3333333333333333,1.584962500721156
17483,17443,C,0,0,1,0,1,0,1.0,-0.0
17489,17449,A,1,0,0,0,1,0,1.0,-0.0
17491,17451,B,1,0,1,0,4,2,0.5,1.0
17497,17457,E,0,0,0,3,4,1,1.0,-0.0
17509,17469,E,0,0,0,1,4,3,1.0,-0.0
17519,17479,C,0,0,1,2,3,0,0.5555555555555556,0.9182958340544896
17539,17499,B,0,0,2,0,3,1,1.0,-0.0
17551,17511,B,1,1,0,0,3,1,0.5,1.0
17569,17529,E,0,0,0,1,2,1,1.0,-0.0
17573,17533,A,0,2,0,0,2,0,1.0,-0.0
17579,17539,C,0,0,1,0,1,0,1.0,-0.0
17581,17541,E,0,1,0,0,3,2,1.0,-0.0
17597,17557,A,2,0,0,0,2,0,1.0,-0.0
17599,17559,B,0,0,1,0,3,2,1.0,-0.0
17609,17569,A,1,0,0,0,1,0,1.0,-0.0
17623,17583,B,0,1,0,0,2,1,1.0,-0.0
17627,17587,C,1,0,1,0,2,0,0.5,1.0
17657,17617,A,0,0,2,0,2,0,1.0,-0.0
17659,17619,B,0,0,1,1,3,1,0.5,1.0
17669,17629,A,1,2,0,0,3,0,0.5555555555555556,0.9182958340544896
17681,17641,A,1,0,0,2,3,0,0.5555555555555556,0.9182958340544896
17683,17643,B,1,0,0,0,2,1,1.0,-0.0
17707,17667,B,1,0,1,0,4,2,0.5,1.0
17713,17673,E,0,1,1,0,3,1,0.5,1.0
17729,17689,A,0,0,4,0,4,0,1.0,-0.0
17737,17697,E,0,1,0,1,3,1,0.5,1.0
17747,17707,C,0,0,1,0,1,0,1.0,-0.0
17749,17709,E,0,0,0,1,2,1,1.0,-0.0
17761,17721,E,0,0,0,2,4,2,1.0,-0.0
17783,17743,C,0,1,0,1,2,0,0.5,1.0
17789,17749,A,1,0,0,0,1,0,1.0,-0.0
17791,17751,B,2,0,0,0,3,1,1.0,-0.0
17807,17767,C,1,0,1,0,2,0,0.5,1.0
17827,17787,B,0,0,2,2,5,1,0.5,1.0
17837,17797,A,3,0,0,0,3,0,1.0,-0.0
17839,17799,B,1,1,0,0,3,1,0.5,1.0
17851,17811,B,0,0,0,1,3,2,1.0,-0.0
17863,17823,B,2,0,0,0,3,1,1.0,-0.0
17881,17841,E,1,0,1,0,3,1,0.5,1.0
17891,17851,C,0,0,1,0,1,0,1.0,-0.0
17903,17863,C,0,0,1,0,1,0,1.0,-0.0
17909,17869,A,0,0,0,2,2,0,1.0,-0.0
17911,17871,B,1,0,1,1,4,1,0.3333333333333333,1.584962500721156
17921,17881,A,1,0,0,0,1,0,1.0,-0.0
17923,17883,B,0,0,1,0,3,2,1.0,-0.0
17929,17889,E,0,1,1,0,3,1,0.5,1.0
17939,17899,C,1,0,1,0,2,0,0.5,1.0
17957,17917,A,0,1,1,1,3,0,0.3333333333333333,1.584962500721156
17959,17919,B,1,0,0,1,4,2,0.5,1.0
17971,17931,B,0,0,2,0,3,1,1.0,-0.0
17977,17937,E,1,0,0,0,3,2,1.0,-0.0
17981,17941,A,0,1,1,1,3,0,0.3333333333333333,1.584962500721156
17987,17947,C,0,1,0,1,2,0,0.5,1.0
17989,17949,E,1,0,1,0,3,1,0.5,1.0
18013,17973,E,0,1,0,0,3,2,1.0,-0.0
18041,18001,A,0,0,0,2,2,0,1.0,-0.0
18043,18003,B,0,2,0,0,3,1,1.0,-0.0
18047,18007,C,0,1,0,1,2,0,0.5,1.0
18049,18009,E,0,1,0,1,5,3,0.5,1.0
18059,18019,C,1,0,1,0,2,0,0.5,1.0
18061,18021,E,0,0,1,0,2,1,1.0,-0.0
18077,18037,A,0,2,0,0,2,0,1.0,-0.0
18089,18049,A,1,0,0,0,1,0,1.0,-0.0
18097,18057,E,1,0,1,0,3,1,0.5,1.0
18119,18079,C,0,1,0,1,2,0,0.5,1.0
18121,18081,E,0,1,2,0,5,2,0.5555555555555556,0.9182958340544896
18127,18087,B,0,1,0,0,2,1,1.0,-0.0
18131,18091,C,1,0,1,0,2,0,0.5,1.0
18133,18093,E,1,0,1,0,3,1,0.5,1.0
18143,18103,C,1,0,1,0,2,0,0.5,1.0
18149,18109,A,1,0,2,0,3,0,0.5555555555555556,0.9182958340544896
18169,18129,E,0,0,1,0,2,1,1.0,-0.0
18181,18141,E,0,0,0,1,2,1,1.0,-0.0
18191,18151,C,1,0,1,0,2,0,0.5,1.0
18199,18159,B,0,1,0,0,2,1,1.0,-0.0
18211,18171,B,1,0,0,0,4,3,1.0,-0.0
18217,18177,E,1,0,0,1,3,1,0.5,1.0
18223,18183,B,0,1,1,1,4,1,0.3333333333333333,1.584962500721156
18229,18189,E,0,0,1,1,4,2,0.5,1.0
18233,18193,A,0,1,1,1,3,0,0.3333333333333333,1.584962500721156
18251,18211,C,0,0,1,0,1,0,1.0,-0.0
18253,18213,E,1,0,0,1,3,1,0.5,1.0
18257,18217,A,1,0,0,0,1,0,1.0,-0.0
18269,18229,A,1,0,0,0,1,0,1.0,-0.0
18287,18247,C,0,1,0,1,2,0,0.5,1.0
18289,18249,E,0,0,2,1,4,1,0.5555555555555556,0.9182958340544896
18301,18261,E,1,0,0,0,3,2,1.0,-0.0
18307,18267,B,0,1,0,0,2,1,1.0,-0.0
18311,18271,C,0,0,1,2,3,0,0.5555555555555556,0.9182958340544896
18313,18273,E,0,0,1,0,2,1,1.0,-0.0
18329,18289,A,1,0,0,0,1,0,1.0,-0.0
18341,18301,A,1,0,0,0,1,0,1.0,-0.0
18353,18313,A,1,0,0,0,1,0,1.0,-0.0
18367,18327,B,0,2,0,0,3,1,1.0,-0.0
18371,18331,C,0,1,0,1,2,0,0.5,1.0
18379,18339,B,0,1,0,0,2,1,1.0,-0.0
18397,18357,E,0,1,1,0,3,1,0.5,1.0
18401,18361,A,1,0,2,0,3,0,0.5555555555555556,0.9182958340544896
18413,18373,A,0,0,2,0,2,0,1.0,-0.0
18427,18387,B,0,0,0,1,5,4,1.0,-0.0
18433,18393,E,0,0,0,1,2,1,1.0,-0.0
18439,18399,B,1,0,0,0,2,1,1.0,-0.0
18443,18403,C,0,0,1,2,3,0,0.5555555555555556,0.9182958340544896
18451,18411,B,0,1,2,0,4,1,0.5555555555555556,0.9182958340544896
18457,18417,E,1,0,1,0,3,1,0.5,1.0
18461,18421,A,3,0,0,0,3,0,1.0,-0.0
18481,18441,E,0,0,0,1,4,3,1.0,-0.0
18493,18453,E,0,0,1,0,2,1,1.0,-0.0
18503,18463,C,1,0,1,0,2,0,0.5,1.0
18517,18477,E,1,0,0,0,3,2,1.0,-0.0
18521,18481,A,1,0,0,0,1,0,1.0,-0.0
18523,18483,B,1,1,0,0,3,1,0.5,1.0
18539,18499,C,1,0,1,0,2,0,0.5,1.0
18541,18501,E,0,1,1,0,3,1,0.5,1.0
18553,18513,E,0,1,0,2,5,2,0.5555555555555556,0.9182958340544896
18583,18543,B,0,0,2,0,3,1,1.0,-0.0
18587,18547,C,0,1,0,1,2,0,0.5,1.0
18593,18553,A,1,0,0,0,1,0,1.0,-0.0
18617,18577,A,2,0,0,0,2,0,1.0,-0.0
18637,18597,E,0,0,1,0,2,1,1.0,-0.0
18661,18621,E,0,1,0,0,3,2,1.0,-0.0
18671,18631,C,1,0,1,0,2,0,0.5,1.0
18679,18639,B,1,0,1,0,4,2,0.5,1.0
18691,18651,B,1,0,0,0,2,1,1.0,-0.0
18701,18661,A,1,0,0,0,1,0,1.0,-0.0
18713,18673,A,0,0,0,2,2,0,1.0,-0.0
18719,18679,C,0,0,1,0,1,0,1.0,-0.0
18731,18691,C,0,0,1,0,1,0,1.0,-0.0
18743,18703,C,0,1,0,1,2,0,0.5,1.0
18749,18709,A,0,2,0,0,2,0,1.0,-0.0
18757,18717,E,0,1,1,0,3,1,0.5,1.0
18773,18733,A,1,0,0,2,3,0,0.5555555555555556,0.9182958340544896
18787,18747,B,0,0,1,0,3,2,1.0,-0.0
18793,18753,E,0,0,2,1,4,1,0.5555555555555556,0.9182958340544896
18797,18757,A,1,0,0,0,1,0,1.0,-0.0
18803,18763,C,0,1,0,1,2,0,0.5,1.0
18839,18799,C,0,1,0,1,2,0,0.5,1.0
18859,18819,B,0,2,0,0,5,3,1.0,-0.0
18869,18829,A,0,0,2,0,2,0,1.0,-0.0
18899,18859,C,0,0,1,0,1,0,1.0,-0.0
18911,18871,C,0,1,0,1,2,0,0.5,1.0
18913,18873,E,0,1,0,0,5,4,1.0,-0.0
18917,18877,A,0,0,2,0,2,0,1.0,-0.0
18919,18879,B,0,1,2,0,4,1,0.5555555555555556,0.9182958340544896
18947,18907,C,2,0,1,0,3,0,0.5555555555555556,0.9182958340544896
18959,18919,C,0,0,1,0,1,0,1.0,-0.0
18973,18933,E,0,0,0,1,2,1,1.0,-0.0
18979,18939,B,0,0,0,2,3,1,1.0,-0.0
19001,18961,A,0,0,2,0,2,0,1.0,-0.0
19009,18969,E,0,0,0,1,2,1,1.0,-0.0
19013,18973,A,1,0,0,0,1,0,1.0,-0.0
19031,18991,C,1,0,1,0,2,0,0.5,1.0
19037,18997,A,1,0,0,2,3,0,0.5555555555555556,0.9182958340544896
19051,19011,B,1,0,0,0,2,1,1.0,-0.0
19069,19029,E,0,0,1,0,2,1,1.0,-0.0
19073,19033,A,0,0,2,0,2,0,1.0,-0.0
19079,19039,C,1,0,1,0,2,0,0.5,1.0
19081,19041,E,1,0,0,1,3,1,0.5,1.0
19087,19047,B,0,0,2,0,3,1,1.0,-0.0
19121,19081,A,1,0,0,0,1,0,1.0,-0.0
19139,19099,C,0,1,0,1,2,0,0.5,1.0
19141,19101,E,0,0,1,0,2,1,1.0,-0.0
19157,19117,A,0,0,2,0,2,0,1.0,-0.0
19163,19123,C,1,0,1,0,2,0,0.5,1.0
19181,19141,A,1,0,0,0,1,0,1.0,-0.0
19183,19143,B,1,0,0,0,4,3,1.0,-0.0
19207,19167,B,0,1,0,0,2,1,1.0,-0.0
19211,19171,C,1,0,1,0,2,0,0.5,1.0
19213,19173,E,0,0,1,2,4,1,0.5555555555555556,0.9182958340544896
19219,19179,B,0,0,1,0,3,2,1.0,-0.0
19231,19191,B,1,0,0,0,2,1,1.0,-0.0
19237,19197,E,0,0,1,0,6,5,1.0,-0.0
19249,19209,E,1,0,1,0,3,1,0.5,1.0
19259,19219,C,0,0,1,0,1,0,1.0,-0.0
19267,19227,B,1,2,0,0,4,1,0.5555555555555556,0.9182958340544896
19273,19233,E,1,0,0,0,3,2,1.0,-0.0
19289,19249,A,1,0,0,0,1,0,1.0,-0.0
19301,19261,A,0,1,1,1,3,0,0.3333333333333333,1.584962500721156
19309,19269,E,0,1,0,0,3,2,1.0,-0.0
19319,19279,C,1,0,1,0,2,0,0.5,1.0
19333,19293,E,1,0,0,1,3,1,0.5,1.0
19373,19333,A,1,0,0,0,1,0,1.0,-0.0
19379,19339,C,0,1,0,1,2,0,0.5,1.0
19381,19341,E,0,0,2,0,4,2,1.0,-0.0
19387,19347,B,0,1,0,0,2,1,1.0,-0.0
19391,19351,C,1,0,1,0,2,0,0.5,1.0
19403,19363,C,0,2,1,0,3,0,0.5555555555555556,0.9182958340544896
19417,19377,E,0,1,0,0,3,2,1.0,-0.0
19421,19381,A,1,0,0,0,1,0,1.0,-0.0
19423,19383,B,1,0,1,1,4,1,0.3333333333333333,1.584962500721156
19427,19387,C,0,0,1,0,1,0,1.0,-0.0
19429,19389,E,0,1,0,1,3,1,0.5,1.0
19433,19393,A,0,1,1,1,3,0,0.3333333333333333,1.584962500721156
19441,19401,E,0,1,1,0,3,1,0.5,1.0
19447,19407,B,1,0,0,0,2,1,1.0,-0.0
19457,19417,A,1,0,0,0,1,0,1.0,-0.0
19463,19423,C,0,0,1,0,1,0,1.0,-0.0
19469,19429,A,1,0,0,0,1,0,1.0,-0.0
19471,19431,B,0,1,1,0,4,2,0.5,1.0
19477,19437,E,0,0,2,1,4,1,0.5555555555555556,0.9182958340544896
19483,19443,B,1,0,0,0,2,1,1.0,-0.0
19489,19449,E,1,0,0,0,3,2,1.0,-0.0
19501,19461,E,1,0,1,0,3,1,0.5,1.0
19507,19467,B,0,0,2,0,5,3,1.0,-0.0
19531,19491,B,1,1,0,0,3,1,0.5,1.0
19541,19501,A,1,0,0,0,1,0,1.0,-0.0
19543,19503,B,0,1,0,1,4,2,0.5,1.0
19553,19513,A,1,0,2,0,3,0,0.5555555555555556,0.9182958340544896
19559,19519,C,0,1,0,1,2,0,0.5,1.0
19571,19531,C,0,0,1,0,1,0,1.0,-0.0
19577,19537,A,0,0,2,0,2,0,1.0,-0.0
19583,19543,C,0,0,1,0,1,0,1.0,-0.0
19597,19557,E,0,2,0,0,4,2,1.0,-0.0
19603,19563,B,0,1,0,0,2,1,1.0,-0.0
19609,19569,E,0,1,0,1,3,1,0.5,1.0
19661,19621,A,0,0,2,0,2,0,1.0,-0.0
19681,19641,E,0,0,1,0,2,1,1.0,-0.0
19687,19647,B,1,0,0,1,4,2,0.5,1.0
19697,19657,A,0,0,0,2,2,0,1.0,-0.0
19699,19659,B,1,0,0,0,2,1,1.0,-0.0
19709,19669,A,1,2,0,0,3,0,0.5555555555555556,0.9182958340544896
19717,19677,E,1,0,1,0,3,1,0.5,1.0
19727,19687,C,0,0,1,0,1,0,1.0,-0.0
19739,19699,C,0,0,1,0,1,0,1.0,-0.0
19751,19711,C,0,1,0,1,2,0,0.5,1.0
19753,19713,E,0,0,1,0,2,1,1.0,-0.0
19759,19719,B,1,0,1,0,4,2,0.5,1.0
19763,19723,C,0,0,1,2,3,0,0.5555555555555556,0.9182958340544896
19777,19737,E,0,1,1,0,5,3,0.5,1.0
19793,19753,A,1,0,0,0,1,0,1.0,-0.0
19801,19761,E,0,1,1,0,3,1,0.5,1.0
19813,19773,E,3,0,0,0,5,2,1.0,-0.0
19819,19779,B,0,0,1,1,3,1,0.5,1.0
19841,19801,A,1,0,0,0,1,0,1.0,-0.0
19843,19803,B,0,1,1,1,4,1,0.3333333333333333,1.584962500721156
19853,19813,A,1,0,0,0,1,0,1.0,-0.0
19861,19821,E,0,0,1,0,2,1,1.0,-0.0
19867,19827,B,0,0,1,0,3,2,1.0,-0.0
19889,19849,A,0,0,0,2,2,0,1.0,-0.0
19891,19851,B,1,1,0,0,3,1,0.5,1.0
19913,19873,A,0,1,1,1,3,0,0.3333333333333333,1.584962500721156
19919,19879,C,1,0,1,0,2,0,0.5,1.0
19927,19887,B,0,0,1,1,3,1,0.5,1.0
19937,19897,A,0,2,0,0,2,0,1.0,-0.0
19949,19909,A,0,0,2,0,2,0,1.0,-0.0
19961,19921,A,0,0,0,2,2,0,1.0,-0.0
19963,19923,B,1,1,0,0,3,1,0.5,1.0
19973,19933,A,0,0,2,0,2,0,1.0,-0.0
19979,19939,C,1,0,1,0,2,0,0.5,1.0
19991,19951,C,0,1,0,1,2,0,0.5,1.0
19993,19953,E,0,0,1,0,4,3,1.0,-0.0
19997,19957,A,0,0,2,0,2,0,1.0,-0.0
20011,19971,B,0,1,1,0,4,2,0.5,1.0
20021,19981,A,1,2,0,0,3,0,0.5555555555555556,0.9182958340544896
20023,19983,B,1,0,0,0,2,1,1.0,-0.0
20029,19989,E,1,0,0,0,3,2,1.0,-0.0
20047,20007,B,1,0,1,0,6,4,0.5,1.0
20051,20011,C,0,0,1,0,1,0,1.0,-0.0
20063,20023,C,0,0,1,0,1,0,1.0,-0.0
20071,20031,B,0,0,1,1,3,1,0.5,1.0
20089,20049,E,0,1,1,0,3,1,0.5,1.0
20101,20061,E,0,0,0,1,4,3,1.0,-0.0
20107,20067,B,0,1,0,0,2,1,1.0,-0.0
20113,20073,E,0,0,1,0,2,1,1.0,-0.0
20117,20077,A,0,2,0,0,2,0,1.0,-0.0
20123,20083,C,0,0,3,0,3,0,1.0,-0.0
20129,20089,A,1,0,0,0,1,0,1.0,-0.0
20143,20103,B,0,1,0,0,2,1,1.0,-0.0
20147,20107,C,0,0,1,0,1,0,1.0,-0.0
20149,20109,E,0,0,1,0,2,1,1.0,-0.0
20161,20121,E,0,1,1,0,3,1,0.5,1.0
20173,20133,E,0,1,0,0,3,2,1.0,-0.0
20177,20137,A,2,0,0,0,2,0,1.0,-0.0
20183,20143,C,0,0,1,0,1,0,1.0,-0.0
20201,20161,A,1,0,0,0,1,0,1.0,-0.0
20219,20179,C,0,1,0,1,2,0,0.5,1.0
20231,20191,C,1,0,1,0,2,0,0.5,1.0
20233,20193,E,0,1,1,0,3,1,0.5,1.0
20249,20209,A,0,0,2,0,2,0,1.0,-0.0
20261,20221,A,2,0,0,0,2,0,1.0,-0.0
20269,20229,E,1,0,0,1,3,1,0.5,1.0
20287,20247,B,1,1,0,0,3,1,0.5,1.0
20297,20257,A,0,0,0,2,2,0,1.0,-0.0
20323,20283,B,0,1,0,0,2,1,1.0,-0.0
20327,20287,C,0,0,1,0,1,0,1.0,-0.0
20333,20293,A,1,0,2,0,3,0,0.5555555555555556,0.9182958340544896
20341,20301,E,0,1,1,0,3,1,0.5,1.0
20347,20307,B,0,0,2,0,3,1,1.0,-0.0
20353,20313,E,2,0,0,0,4,2,1.0,-0.0
20357,20317,A,0,0,0,2,2,0,1.0,-0.0
20359,20319,B,1,1,0,0,3,1,0.5,1.0
20369,20329,A,0,2,0,0,2,0,1.0,-0.0
20389,20349,E,0,1,2,0,5,2,0.5555555555555556,0.9182958340544896
20393,20353,A,1,0,0,0,1,0,1.0,-0.0
20399,20359,C,0,0,1,0,1,0,1.0,-0.0
20407,20367,B,1,0,1,0,4,2,0.5,1.0
20411,20371,C,1,0,1,0,2,0,0.5,1.0
20431,20391,B,0,0,1,1,3,1,0.5,1.0
20441,20401,A,0,0,0,2,2,0,1.0,-0.0
20443,20403,B,0,0,0,1,3,2,1.0,-0.0
20477,20437,A,0,0,0,2,2,0,1.0,-0.0
20479,20439,B,1,0,0,0,4,3,1.0,-0.0
20483,20443,C,0,0,1,0,1,0,1.0,-0.0
20507,20467,C,1,0,1,0,2,0,0.5,1.0
20509,20469,E,0,0,1,0,2,1,1.0,-0.0
20521,20481,E,0,0,0,1,2,1,1.0,-0.0
20533,20493,E,0,0,0,2,6,4,1.0,-0.0
20543,20503,C,0,2,1,0,3,0,0.5555555555555556,0.9182958340544896
20549,20509,A,1,0,0,0,1,0,1.0,-0.0
20551,20511,B,0,1,1,0,4,2,0.5,1.0
20563,20523,B,1,0,0,0,2,1,1.0,-0.0
20593,20553,E,1,1,1,0,4,1,0.3333333333333333,1.584962500721156
20599,20559,B,0,1,1,1,4,1,0.3333333333333333,1.584962500721156
20611,20571,B,0,1,0,0,2,1,1.0,-0.0
20627,20587,C,0,2,1,0,3,0,0.5555555555555556,0.9182958340544896
20639,20599,C,0,0,1,0,1,0,1.0,-0.0
20641,20601,E,1,0,1,0,5,3,0.5,1.0
20663,20623,C,0,1,0,1,2,0,0.5,1.0
20681,20641,A,1,0,0,0,1,0,1.0,-0.0
20693,20653,A,0,0,2,0,2,0,1.0,-0.0
20707,20667,B,0,0,0,2,3,1,1.0,-0.0
20717,20677,A,0,1,1,1,3,0,0.3333333333333333,1.584962500721156
20719,20679,B,1,1,0,0,3,1,0.5,1.0
20731,20691,B,0,0,1,2,5,2,0.5555555555555556,0.9182958340544896
20743,20703,B,0,0,2,0,3,1,1.0,-0.0
20747,20707,C,0,0,1,0,1,0,1.0,-0.0
20749,20709,E,1,0,0,1,5,3,0.5,1.0
20753,20713,A,0,1,1,1,3,0,0.3333333333333333,1.584962500721156
20759,20719,C,0,0,1,0,1,0,1.0,-0.0
20771,20731,C,0,0,1,0,1,0,1.0,-0.0
20773,20733,E,0,0,0,1,2,1,1.0,-0.0
20789,20749,A,1,0,0,0,1,0,1.0,-0.0
20807,20767,C,1,0,1,0,2,0,0.5,1.0
20809,20769,E,0,0,2,1,4,1,0.5555555555555556,0.9182958340544896
20849,20809,A,1,0,0,0,1,0,1.0,-0.0
20857,20817,E,0,1,0,0,5,4,1.0,-0.0
20873,20833,A,0,0,0,2,2,0,1.0,-0.0
20879,20839,C,2,0,1,0,3,0,0.5555555555555556,0.9182958340544896
20887,20847,B,1,0,0,0,2,1,1.0,-0.0
20897,20857,A,1,0,0,0,1,0,1.0,-0.0
20899,20859,B,1,1,0,0,3,1,0.5,1.0
20903,20863,C,1,0,1,0,2,0,0.5,1.0
20921,20881,A,1,0,2,0,3,0,0.5555555555555556,0.9182958340544896
20929,20889,E,0,0,1,1,4,2,0.5,1.0
20939,20899,C,0,0,1,0,1,0,1.0,-0.0
20947,20907,B,0,1,0,1,4,2,0.5,1.0
20959,20919,B,0,0,2,0,3,1,1.0,-0.0
20963,20923,C,1,0,3,0,4,0,0.625,0.8112781244591328
20981,20941,A,0,0,2,0,2,0,1.0,-0.0
20983,20943,B,1,0,0,1,4,2,0.5,1.0
21001,20961,E,0,2,0,0,4,2,1.0,-0.0
21011,20971,C,1,0,1,0,2,0,0.5,1.0
21013,20973,E,0,0,1,0,2,1,1.0,-0.0
21017,20977,A,0,0,0,2,2,0,1.0,-0.0
21019,20979,B,1,0,1,0,6,4,0.5,1.0
21023,20983,C,0,0,1,0,1,0,1.0,-0.0
21031,20991,B,1,0,0,0,2,1,1.0,-0.0
21059,21019,C,0,0,1,0,1,0,1.0,-0.0
21061,21021,E,1,0,2,1,5,1,0.375,1.5
21067,21027,B,0,0,2,0,3,1,1.0,-0.0
21089,21049,A,1,0,2,0,3,0,0.5555555555555556,0.9182958340544896
21101,21061,A,1,0,0,0,1,0,1.0,-0.0
21107,21067,C,0,0,1,0,1,0,1.0,-0.0
21121,21081,E,0,0,1,0,2,1,1.0,-0.0
21139,21099,B,2,0,0,0,3,1,1.0,-0.0
21143,21103,C,0,1,0,1,2,0,0.5,1.0
21149,21109,A,0,1,1,1,3,0,0.3333333333333333,1.584962500721156
21157,21117,E,0,0,1,0,2,1,1.0,-0.0
21163,21123,B,0,0,1,0,3,2,1.0,-0.0
21169,21129,E,0,0,0,1,2,1,1.0,-0.0
21179,21139,C,0,0,1,0,1,0,1.0,-0.0
21187,21147,B,0,1,2,0,4,1,0.5555555555555556,0.9182958340544896
21191,21151,C,1,0,1,0,2,0,0.5,1.0
21193,21153,E,0,1,0,1,3,1,0.5,1.0
21211,21171,B,1,0,0,0,2,1,1.0,-0.0
21221,21181,A,0,0,0,2,2,0,1.0,-0.0
21227,21187,C,0,0,1,0,1,0,1.0,-0.0
21247,21207,B,1,0,0,0,2,1,1.0,-0.0
21269,21229,A,1,0,0,2,3,0,0.5555555555555556,0.9182958340544896
21277,21237,E,0,0,0,1,2,1,1.0,-0.0
21283,21243,B,2,0,0,0,3,1,1.0,-0.0
21313,21273,E,0,1,1,0,3,1,0.5,1.0
21317,21277,A,1,0,0,0,1,0,1.0,-0.0
21319,21279,B,0,2,0,0,3,1,1.0,-0.0
21323,21283,C,0,0,1,0,1,0,1.0,-0.0
21341,21301,A,0,1,1,1,3,0,0.3333333333333333,1.584962500721156
21347,21307,C,1,1,0,1,3,0,0.3333333333333333,1.584962500721156
21377,21337,A,0,0,2,0,2,0,1.0,-0.0
21379,21339,B,0,0,1,0,3,2,1.0,-0.0
21383,21343,C,1,0,1,0,2,0,0.5,1.0
21391,21351,B,0,0,0,2,3,1,1.0,-0.0
21397,21357,E,0,1,1,0,5,3,0.5,1.0
21401,21361,A,0,2,0,0,2,0,1.0,-0.0
21407,21367,C,0,1,0,1,2,0,0.5,1.0
21419,21379,C,0,0,1,0,1,0,1.0,-0.0
21433,21393,E,1,0,0,0,3,2,1.0,-0.0
21467,21427,C,1,0,1,0,2,0,0.5,1.0
21481,21441,E,1,0,1,0,3,1,0.5,1.0
21487,21447,B,0,0,1,0,3,2,1.0,-0.0
21491,21451,C,1,0,1,0,2,0,0.5,1.0
21493,21453,E,0,0,0,1,2,1,1.0,-0.0
21499,21459,B,0,0,0,2,3,1,1.0,-0.0
21503,21463,C,2,0,1,0,3,0,0.5555555555555556,0.9182958340544896
21517,21477,E,0,0,1,0,2,1,1.0,-0.0
21521,21481,A,1,0,0,0,1,0,1.0,-0.0
21523,21483,B,0,0,2,1,5,2,0.5555555555555556,0.9182958340544896
21529,21489,E,1,1,1,0,4,1,0.3333333333333333,1.584962500721156
21557,21517,A,1,0,0,0,1,0,1.0,-0.0
21559,21519,B,0,1,0,0,4,3,1.0,-0.0
21563,21523,C,0,0,1,0,1,0,1.0,-0.0
21569,21529,A,1,0,0,0,1,0,1.0,-0.0
21577,21537,E,0,1,0,0,3,2,1.0,-0.0
21587,21547,C,0,1,0,1,2,0,0.5,1.0
21589,21549,E,0,1,0,1,3,1,0.5,1.0
21599,21559,C,0,0,1,0,1,0,1.0,-0.0
21601,21561,E,0,0,0,1,2,1,1.0,-0.0
21611,21571,C,1,1,0,1,3,0,0.3333333333333333,1.584962500721156
21613,21573,E,0,1,0,1,5,3,0.5,1.0
21617,21577,A,1,0,0,0,1,0,1.0,-0.0
21647,21607,C,0,2,1,0,3,0,0.5555555555555556,0.9182958340544896
21649,21609,E,0,0,4,0,6,2,1.0,-0.0
21661,21621,E,0,0,1,0,2,1,1.0,-0.0
21673,21633,E,0,0,0,1,2,1,1.0,-0.0
21683,21643,C,0,1,0,1,2,0,0.5,1.0
21701,21661,A,1,0,0,0,1,0,1.0,-0.0
21713,21673,A,1,0,0,0,1,0,1.0,-0.0
21727,21687,B,0,1,0,0,2,1,1.0,-0.0
21737,21697,A,2,0,0,0,2,0,1.0,-0.0
21739,21699,B,0,0,0,1,3,2,1.0,-0.0
21751,21711,B,1,0,0,0,2,1,1.0,-0.0
21757,21717,E,0,0,2,0,4,2,1.0,-0.0
21767,21727,C,0,0,1,0,1,0,1.0,-0.0
21773,21733,A,0,0,2,0,2,0,1.0,-0.0
21787,21747,B,0,0,0,2,3,1,1.0,-0.0
21799,21759,B,0,1,0,0,2,1,1.0,-0.0
21803,21763,C,1,0,1,0,2,0,0.5,1.0
21817,21777,E,1,1,1,0,4,1,0.3333333333333333,1.584962500721156
21821,21781,A,0,0,0,2,2,0,1.0,-0.0
21839,21799,C,0,0,1,0,1,0,1.0,-0.0
21841,21801,E,2,0,1,0,4,1,0.5555555555555556,0.9182958340544896
21851,21811,C,0,1,0,1,2,0,0.5,1.0
21859,21819,B,0,0,2,0,3,1,1.0,-0.0
21863,21823,C,1,0,1,0,2,0,0.5,1.0
21871,21831,B,0,0,1,1,3,1,0.5,1.0
21881,21841,A,1,0,0,0,1,0,1.0,-0.0
21893,21853,A,1,2,0,0,3,0,0.5555555555555556,0.9182958340544896
21911,21871,C,0,0,1,0,1,0,1.0,-0.0
21929,21889,A,0,1,1,1,3,0,0.3333333333333333,1.584962500721156
21937,21897,E,0,0,1,0,4,3,1.0,-0.0
21943,21903,B,0,1,2,0,4,1,0.5555555555555556,0.9182958340544896
21961,21921,E,0,0,0,1,2,1,1.0,-0.0
21977,21937,A,1,0,0,0,1,0,1.0,-0.0
21991,21951,B,0,0,1,0,5,4,1.0,-0.0
21997,21957,E,1,0,0,1,3,1,0.5,1.0
22003,21963,B,1,0,0,0,2,1,1.0,-0.0
22013,21973,A,1,0,2,0,3,0,0.5555555555555556,0.9182958340544896
22027,21987,B,1,0,1,0,4,2,0.5,1.0
22031,21991,C,0,0,1,0,1,0,1.0,-0.0
22037,21997,A,1,0,0,0,1,0,1.0,-0.0
22039,21999,B,1,0,0,0,2,1,1.0,-0.0
22051,22011,B,0,1,0,2,4,1,0.5555555555555556,0.9182958340544896
22063,22023,B,0,0,0,1,3,2,1.0,-0.0
22067,22027,C,0,0,1,0,1,0,1.0,-0.0
22073,22033,A,0,0,0,2,2,0,1.0,-0.0
22079,22039,C,0,0,1,0,1,0,1.0,-0.0
22091,22051,C,0,0,1,0,1,0,1.0,-0.0
22093,22053,E,0,0,1,0,2,1,1.0,-0.0
22109,22069,A,0,2,0,0,2,0,1.0,-0.0
22111,22071,B,0,0,2,0,3,1,1.0,-0.0
22123,22083,B,1,1,0,0,3,1,0.5,1.0
22129,22089,E,1,0,1,0,3,1,0.5,1.0
22133,22093,A,1,0,0,0,1,0,1.0,-0.0
22147,22107,B,1,0,0,0,2,1,1.0,-0.0
22153,22113,E,1,0,1,0,7,5,0.5,1.0
22157,22117,A,0,2,0,0,2,0,1.0,-0.0
22159,22119,B,1,1,0,0,3,1,0.5,1.0
22171,22131,B,0,0,0,1,3,2,1.0,-0.0
22189,22149,E,0,0,0,2,4,2,1.0,-0.0
22193,22153,A,1,0,0,0,1,0,1.0,-0.0
22229,22189,A,1,0,0,0,1,0,1.0,-0.0
22247,22207,C,0,1,0,1,2,0,0.5,1.0
22259,22219,C,0,1,0,1,2,0,0.5,1.0
22271,22231,C,0,0,1,2,3,0,0.5555555555555556,0.9182958340544896
22273,22233,E,0,0,1,0,2,1,1.0,-0.0
22277,22237,A,2,0,0,0,2,0,1.0,-0.0
22279,22239,B,0,1,1,0,4,2,0.5,1.0
22283,22243,C,1,1,0,1,3,0,0.3333333333333333,1.584962500721156
22291,22251,B,1,0,0,0,2,1,1.0,-0.0
22303,22263,B,1,1,0,0,3,1,0.5,1.0
22307,22267,C,1,0,1,0,2,0,0.5,1.0
22343,22303,C,0,0,1,0,1,0,1.0,-0.0
22349,22309,A,0,0,2,0,2,0,1.0,-0.0
22367,22327,C,0,1,0,1,2,0,0.5,1.0
22369,22329,E,0,0,0,1,4,3,1.0,-0.0
22381,22341,E,0,1,0,1,3,1,0.5,1.0
22391,22351,C,0,0,3,0,3,0,1.0,-0.0
22397,22357,A,0,0,2,0,2,0,1.0,-0.0
22409,22369,A,1,0,0,0,1,0,1.0,-0.0
22433,22393,A,1,0,2,0,3,0,0.5555555555555556,0.9182958340544896
22441,22401,E,0,0,1,1,4,2,0.5,1.0
22447,22407,B,1,0,1,1,4,1,0.3333333333333333,1.584962500721156
22453,22413,E,1,0,1,0,3,1,0.5,1.0
22469,22429,A,0,0,0,2,2,0,1.0,-0.0
22481,22441,A,1,0,0,0,1,0,1.0,-0.0
22483,22443,B,0,1,0,0,2,1,1.0,-0.0
22501,22461,E,0,0,0,1,2,1,1.0,-0.0
22511,22471,C,0,1,0,1,2,0,0.5,1.0
22531,22491,B,0,1,2,0,6,3,0.5555555555555556,0.9182958340544896
22541,22501,A,1,0,0,0,1,0,1.0,-0.0
22543,22503,B,2,0,0,0,3,1,1.0,-0.0
22549,22509,E,1,1,0,0,4,2,0.5,1.0
22567,22527,B,0,0,1,0,3,2,1.0,-0.0
22571,22531,C,0,0,1,0,1,0,1.0,-0.0
22573,22533,E,1,1,1,0,4,1,0.3333333333333333,1.584962500721156
22613,22573,A,1,0,0,0,1,0,1.0,-0.0
22619,22579,C,1,0,1,0,2,0,0.5,1.0
22621,22581,E,2,0,0,0,4,2,1.0,-0.0
22637,22597,A,0,0,0,2,2,0,1.0,-0.0
22639,22599,B,0,0,1,0,7,6,1.0,-0.0
22643,22603,C,1,0,1,0,2,0,0.5,1.0
22651,22611,B,1,0,0,0,2,1,1.0,-0.0
22669,22629,E,1,0,1,0,3,1,0.5,1.0
22679,22639,C,0,0,1,0,1,0,1.0,-0.0
22691,22651,C,0,0,1,0,1,0,1.0,-0.0
22697,22657,A,0,0,2,0,2,0,1.0,-0.0
22699,22659,B,1,0,1,1,4,1,0.3333333333333333,1.584962500721156
22709,22669,A,1,0,0,0,1,0,1.0,-0.0
22717,22677,E,0,0,0,1,2,1,1.0,-0.0
22721,22681,A,2,0,0,0,2,0,1.0,-0.0
22727,22687,C,0,0,3,0,3,0,1.0,-0.0
22739,22699,C,0,0,1,0,1,0,1.0,-0.0
22741,22701,E,0,0,1,2,4,1,0.5555555555555556,0.9182958340544896
22751,22711,C,1,0,1,0,2,0,0.5,1.0
22769,22729,A,0,1,1,1,3,0,0.3333333333333333,1.584962500721156
22777,22737,E,1,1,0,1,4,1,0.3333333333333333,1.584962500721156
22783,22743,B,0,0,3,0,5,2,1.0,-0.0
22787,22747,C,0,0,1,2,3,0,0.5555555555555556,0.9182958340544896
22807,22767,B,0,1,0,0,2,1,1.0,-0.0
22811,22771,C,1,0,1,0,2,0,0.5,1.0
22817,22777,A,1,0,0,0,1,0,1.0,-0.0
22853,22813,A,0,0,2,0,2,0,1.0,-0.0
22859,22819,C,1,0,1,0,2,0,0.5,1.0
22861,22821,E,0,0,0,1,2,1,1.0,-0.0
22871,22831,C,0,2,1,0,3,0,0.5555555555555556,0.9182958340544896
22877,22837,A,0,2,0,0,2,0,1.0,-0.0
22901,22861,A,1,0,0,0,1,0,1.0,-0.0
22907,22867,C,1,0,1,0,2,0,0.5,1.0
22921,22881,E,0,1,0,1,3,1,0.5,1.0
22937,22897,A,0,0,2,0,2,0,1.0,-0.0
22943,22903,C,1,0,1,0,2,0,0.5,1.0
22961,22921,A,1,0,0,0,1,0,1.0,-0.0
22963,22923,B,0,0,1,0,5,4,1.0,-0.0
22973,22933,A,0,1,1,1,3,0,0.3333333333333333,1.584962500721156
22993,22953,E,1,0,1,0,3,1,0.5,1.0
23003,22963,C,0,0,1,0,1,0,1.0,-0.0
23011,22971,B,1,0,2,0,4,1,0.5555555555555556,0.9182958340544896
23017,22977,E,1,0,0,1,5,3,0.5,1.0
23021,22981,A,0,0,4,0,4,0,1.0,-0.0
23027,22987,C,1,0,1,0,2,0,0.5,1.0
23029,22989,E,1,0,1,0,3,1,0.5,1.0
23039,22999,C,1,0,1,0,2,0,0.5,1.0
23041,23001,E,0,2,0,1,4,1,0.5555555555555556,0.9182958340544896
23053,23013,E,1,0,0,0,3,2,1.0,-0.0
23057,23017,A,1,0,0,0,1,0,1.0,-0.0
23059,23019,B,0,1,0,0,2,1,1.0,-0.0
23063,23023,C,1,0,1,2,4,0,0.375,1.5
23071,23031,B,1,0,0,0,4,3,1.0,-0.0
23081,23041,A,1,0,0,0,1,0,1.0,-0.0
23087,23047,C,1,0,1,0,2,0,0.5,1.0
23099,23059,C,0,0,1,0,1,0,1.0,-0.0
23117,23077,A,0,0,0,2,2,0,1.0,-0.0
23131,23091,B,0,0,1,1,3,1,0.5,1.0
23143,23103,B,0,1,1,0,4,2,0.5,1.0
23159,23119,C,1,0,1,0,2,0,0.5,1.0
23167,23127,B,1,1,0,0,3,1,0.5,1.0
23173,23133,E,0,1,0,1,3,1,0.5,1.0
23189,23149,A,0,0,2,0,2,0,1.0,-0.0
23197,23157,E,0,0,1,1,4,2,0.5,1.0
23201,23161,A,0,1,1,1,3,0,0.3333333333333333,1.584962500721156
23203,23163,B,0,0,1,1,3,1,0.5,1.0
23209,23169,E,0,0,1,0,2,1,1.0,-0.0
23227,23187,B,0,0,0,2,3,1,1.0,-0.0
23251,23211,B,0,0,0,1,3,2,1.0,-0.0
23269,23229,E,0,2,0,0,4,2,1.0,-0.0
23279,23239,C,0,1,0,1,2,0,0.5,1.0
23291,23251,C,0,0,1,0,1,0,1.0,-0.0
23293,23253,E,1,0,0,1,3,1,0.5,1.0
23297,23257,A,2,0,0,0,2,0,1.0,-0.0
23311,23271,B,0,1,0,0,2,1,1.0,-0.0
23321,23281,A,0,0,2,0,2,0,1.0,-0.0
23327,23287,C,1,1,0,1,3,0,0.3333333333333333,1.584962500721156
23333,23293,A,1,0,0,0,1,0,1.0,-0.0
23339,23299,C,0,1,0,1,2,0,0.5,1.0
23357,23317,A,0,0,2,0,2,0,1.0,-0.0
23369,23329,A,0,2,0,0,2,0,1.0,-0.0
23371,23331,B,0,1,1,1,4,1,0.3333333333333333,1.584962500721156
23399,23359,C,0,0,1,2,3,0,0.5555555555555556,0.9182958340544896
23417,23377,A,2,0,0,0,2,0,1.0,-0.0
23431,23391,B,0,1,0,1,4,2,0.5,1.0
23447,23407,C,0,1,0,1,2,0,0.5,1.0
23459,23419,C,0,1,0,1,2,0,0.5,1.0
23473,23433,E,1,0,0,1,3,1,0.5,1.0
23497,23457,E,1,0,1,0,3,1,0.5,1.0
23509,23469,E,0,0,0,1,2,1,1.0,-0.0
23531,23491,C,2,0,1,0,3,0,0.5555555555555556,0.9182958340544896
23537,23497,A,1,0,0,0,1,0,1.0,-0.0
23539,23499,B,1,0,1,0,4,2,0.5,1.0
23549,23509,A,1,0,0,0,1,0,1.0,-0.0
23557,23517,E,1,0,1,0,5,3,0.5,1.0
23561,23521,A,0,0,2,0,2,0,1.0,-0.0
23563,23523,B,0,1,0,0,2,1,1.0,-0.0
23567,23527,C,1,0,1,0,2,0,0.5,1.0
23581,23541,E,0,0,2,1,4,1,0.5555555555555556,0.9182958340544896
23593,23553,E,1,0,0,0,3,2,1.0,-0.0
23599,23559,B,0,1,0,0,2,1,1.0,-0.0
23603,23563,C,0,0,1,0,1,0,1.0,-0.0
23609,23569,A,2,0,2,0,4,0,0.5,1.0
23623,23583,B,0,0,2,0,3,1,1.0,-0.0
23627,23587,C,1,0,1,0,2,0,0.5,1.0
23629,23589,E,0,1,0,0,3,2,1.0,-0.0
23633,23593,A,1,0,0,0,1,0,1.0,-0.0
23663,23623,C,0,0,1,0,1,0,1.0,-0.0
23669,23629,A,1,0,0,0,1,0,1.0,-0.0
23671,23631,B,0,1,0,0,2,1,1.0,-0.0
23677,23637,E,0,0,1,0,2,1,1.0,-0.0
23687,23647,C,1,1,0,1,3,0,0.3333333333333333,1.584962500721156
23689,23649,E,0,0,0,1,2,1,1.0,-0.0
23719,23679,B,1,0,0,0,4,3,1.0,-0.0
23741,23701,A,0,2,0,0,2,0,1.0,-0.0
23743,23703,B,0,1,0,0,2,1,1.0,-0.0
23747,23707,C,1,0,1,0,2,0,0.5,1.0
23753,23713,A,0,0,0,2,2,0,1.0,-0.0
23761,23721,E,0,0,0,1,2,1,1.0,-0.0
23767,23727,B,0,0,0,2,3,1,1.0,-0.0
23773,23733,E,0,1,0,0,5,4,1.0,-0.0
23789,23749,A,0,1,1,1,3,0,0.3333333333333333,1.584962500721156
23801,23761,A,1,0,0,0,1,0,1.0,-0.0
23813,23773,A,1,0,0,0,1,0,1.0,-0.0
23819,23779,C,0,0,3,0,3,0,1.0,-0.0
23827,23787,B,0,1,0,0,4,3,1.0,-0.0
23831,23791,C,1,0,1,0,2,0,0.5,1.0
23833,23793,E,0,0,2,1,4,1,0.5555555555555556,0.9182958340544896
23857,23817,E,0,1,0,1,3,1,0.5,1.0
23869,23829,E,2,0,0,1,4,1,0.5555555555555556,0.9182958340544896
23873,23833,A,1,0,0,0,1,0,1.0,-0.0
23879,23839,C,1,0,1,0,2,0,0.5,1.0
23887,23847,B,0,1,0,0,2,1,1.0,-0.0
23893,23853,E,0,0,1,0,2,1,1.0,-0.0
23899,23859,B,1,0,0,1,4,2,0.5,1.0
23909,23869,A,1,0,0,0,1,0,1.0,-0.0
23911,23871,B,2,0,0,0,3,1,1.0,-0.0
23917,23877,E,0,0,2,0,4,2,1.0,-0.0
23929,23889,E,0,0,1,0,2,1,1.0,-0.0
23957,23917,A,1,0,0,0,1,0,1.0,-0.0
23971,23931,B,0,0,1,0,3,2,1.0,-0.0
23977,23937,E,0,1,1,0,3,1,0.5,1.0
23981,23941,A,0,2,0,0,2,0,1.0,-0.0
23993,23953,A,0,2,0,0,2,0,1.0,-0.0
24001,23961,E,0,0,3,0,4,1,1.0,-0.0
24007,23967,B,0,0,0,1,3,2,1.0,-0.0
24019,23979,B,1,0,0,0,2,1,1.0,-0.0
24023,23983,C,0,1,0,1,2,0,0.5,1.0
24029,23989,A,0,1,1,1,3,0,0.3333333333333333,1.584962500721156
24043,24003,B,0,0,2,0,5,3,1.0,-0.0
24049,24009,E,0,1,1,0,3,1,0.5,1.0
24061,24021,E,1,1,0,0,4,2,0.5,1.0
24071,24031,C,1,0,1,0,2,0,0.5,1.0
24077,24037,A,1,0,2,0,3,0,0.5555555555555556,0.9182958340544896
24083,24043,C,0,0,1,0,1,0,1.0,-0.0
24091,24051,B,1,0,0,0,2,1,1.0,-0.0
24097,24057,E,0,0,0,1,8,7,1.0,-0.0
24103,24063,B,1,1,0,0,3,1,0.5,1.0
24107,24067,C,0,1,0,1,2,0,0.5,1.0
24109,24069,E,0,1,0,1,3,1,0.5,1.0
24113,24073,A,1,0,2,0,3,0,0.5555555555555556,0.9182958340544896
24121,24081,E,1,0,0,1,3,1,0.5,1.0
24133,24093,E,1,0,0,0,3,2,1.0,-0.0
24137,24097,A,1,0,0,0,1,0,1.0,-0.0
24151,24111,B,0,0,1,1,5,3,0.5,1.0
24169,24129,E,0,0,1,1,4,2,0.5,1.0
24179,24139,C,0,1,0,1,2,0,0.5,1.0
24181,24141,E,1,0,1,0,3,1,0.5,1.0
24197,24157,A,0,2,2,0,4,0,0.5,1.0
24203,24163,C,1,0,1,0,2,0,0.5,1.0
24223,24183,B,0,0,0,1,3,2,1.0,-0.0
24229,24189,E,1,0,0,1,3,1,0.5,1.0
24239,24199,C,1,0,1,0,2,0,0.5,1.0
24247,24207,B,0,1,0,0,2,1,1.0,-0.0
24251,24211,C,0,0,1,2,3,0,0.5555555555555556,0.9182958340544896
24281,24241,A,0,0,2,0,2,0,1.0,-0.0
24317,24277,A,0,0,0,2,2,0,1.0,-0.0
24329,24289,A,0,0,0,2,2,0,1.0,-0.0
24337,24297,E,1,1,1,0,4,1,0.3333333333333333,1.584962500721156
24359,24319,C,0,1,0,1,2,0,0.5,1.0
24371,24331,C,0,1,0,1,2,0,0.5,1.0
24373,24333,E,0,0,0,1,2,1,1.0,-0.0
24379,24339,B,1,0,2,0,4,1,0.5555555555555556,0.9182958340544896
24391,24351,B,0,1,0,0,2,1,1.0,-0.0
24407,24367,C,0,0,1,2,3,0,0.5555555555555556,0.9182958340544896
24413,24373,A,1,0,0,0,1,0,1.0,-0.0
24419,24379,C,0,0,1,0,1,0,1.0,-0.0
24421,24381,E,0,0,2,0,6,4,1.0,-0.0
24439,24399,B,0,0,0,1,3,2,1.0,-0.0
24443,24403,C,0,1,0,1,2,0,0.5,1.0
24469,24429,E,0,1,0,1,3,1,0.5,1.0
24473,24433,A,0,2,0,0,2,0,1.0,-0.0
24481,24441,E,0,0,0,1,2,1,1.0,-0.0
24499,24459,B,0,0,1,1,3,1,0.5,1.0
24509,24469,A,1,0,0,0,1,0,1.0,-0.0
24517,24477,E,0,1,1,0,3,1,0.5,1.0
24527,24487,C,0,1,0,1,2,0,0.5,1.0
24533,24493,A,0,0,2,0,2,0,1.0,-0.0
24547,24507,B,0,1,1,0,4,2,0.5,1.0
24551,24511,C,1,0,1,0,2,0,0.5,1.0
24571,24531,B,2,1,0,0,4,1,0.5555555555555556,0.9182958340544896
24593,24553,A,0,0,2,0,2,0,1.0,-0.0
24611,24571,C,0,0,1,0,1,0,1.0,-0.0
24623,24583,C,2,0,1,0,3,0,0.5555555555555556,0.9182958340544896
24631,24591,B,0,0,2,0,3,1,1.0,-0.0
24659,24619,C,1,0,1,0,2,0,0.5,1.0
24671,24631,C,0,0,1,0,1,0,1.0,-0.0
24677,24637,A,0,0,0,2,2,0,1.0,-0.0
24683,24643,C,1,0,1,0,2,0,0.5,1.0
24691,24651,B,0,0,0,2,5,3,1.0,-0.0
24697,24657,E,0,0,0,1,2,1,1.0,-0.0
24709,24669,E,0,1,0,0,3,2,1.0,-0.0
24733,24693,E,0,0,0,1,2,1,1.0,-0.0
24749,24709,A,1,0,0,0,1,0,1.0,-0.0
24763,24723,B,0,1,1,0,4,2,0.5,1.0
24767,24727,C,1,0,1,0,2,0,0.5,1.0
24781,24741,E,1,0,0,0,3,2,1.0,-0.0
24793,24753,E,1,0,1,0,3,1,0.5,1.0
24799,24759,B,0,0,1,1,5,3,0.5,1.0
24809,24769,A,0,1,1,1,3,0,0.3333333333333333,1.584962500721156
24821,24781,A,1,0,0,0,1,0,1.0,-0.0
24841,24801,E,0,1,1,0,3,1,0.5,1.0
24847,24807,B,1,0,0,0,2,1,1.0,-0.0
24851,24811,C,1,0,1,0,2,0,0.5,1.0
24859,24819,B,0,1,0,0,2,1,1.0,-0.0
24877,24837,E,0,1,1,0,3,1,0.5,1.0
24889,24849,E,0,0,0,2,4,2,1.0,-0.0
24907,24867,B,0,0,1,0,5,4,1.0,-0.0
24917,24877,A,1,0,0,0,1,0,1.0,-0.0
24919,24879,B,1,0,0,0,2,1,1.0,-0.0
24923,24883,C,0,1,0,1,2,0,0.5,1.0
24943,24903,B,0,0,1,0,3,2,1.0,-0.0
24953,24913,A,0,0,2,0,2,0,1.0,-0.0
24967,24927,B,0,0,1,1,3,1,0.5,1.0
24971,24931,C,0,1,0,1,2,0,0.5,1.0
24977,24937,A,0,0,0,2,2,0,1.0,-0.0
24979,24939,B,0,1,1,0,4,2,0.5,1.0
24989,24949,A,2,0,0,0,2,0,1.0,-0.0
25013,24973,A,1,2,0,0,3,0,0.5555555555555556,0.9182958340544896
25031,24991,C,1,0,1,0,2,0,0.5,1.0
25033,24993,E,0,1,0,0,3,2,1.0,-0.0
25037,24997,A,0,0,2,0,2,0,1.0,-0.0
25057,25017,E,0,1,1,0,3,1,0.5,1.0
25073,25033,A,1,0,0,0,1,0,1.0,-0.0
25087,25047,B,0,0,0,3,5,2,1.0,-0.0
25097,25057,A,1,0,0,0,1,0,1.0,-0.0
25111,25071,B,1,1,0,0,3,1,0.5,1.0
25117,25077,E,1,0,1,0,3,1,0.5,1.0
25121,25081,A,0,0,2,0,2,0,1.0,-0.0
25127,25087,C,0,0,1,0,1,0,1.0,-0.0
25147,25107,B,0,1,0,0,2,1,1.0,-0.0
25153,25113,E,0,1,0,1,3,1,0.5,1.0
25163,25123,C,2,0,1,0,3,0,0.5555555555555556,0.9182958340544896
25169,25129,A,2,0,0,0,2,0,1.0,-0.0
25171,25131,B,1,0,0,0,2,1,1.0,-0.0
25183,25143,B,0,3,0,0,4,1,1.0,-0.0
25189,25149,E,0,1,0,1,3,1,0.5,1.0
25219,25179,B,1,0,1,1,4,1,0.3333333333333333,1.584962500721156
25229,25189,A,1,0,0,0,1,0,1.0,-0.0
25237,25197,E,1,0,0,1,3,1,0.5,1.0
25243,25203,B,0,0,2,0,3,1,1.0,-0.0
25247,25207,C,2,0,1,0,3,0,0.5555555555555556,0.9182958340544896
25253,25213,A,0,0,2,0,2,0,1.0,-0.0
25261,25221,E,1,0,1,0,3,1,0.5,1.0
25301,25261,A,1,0,0,0,1,0,1.0,-0.0
25303,25263,B,0,1,1,0,4,2,0.5,1.0
25307,25267,C,0,1,0,1,2,0,0.5,1.0
25309,25269,E,0,0,0,1,2,1,1.0,-0.0
25321,25281,E,0,2,0,0,4,2,1.0,-0.0
25339,25299,B,1,0,0,0,4,3,1.0,-0.0
25343,25303,C,0,0,1,0,1,0,1.0,-0.0
25349,25309,A,1,0,0,0,1,0,1.0,-0.0
25357,25317,E,1,1,0,0,4,2,0.5,1.0
25367,25327,C,0,0,3,0,3,0,1.0,-0.0
25373,25333,A,0,0,2,2,4,0,0.5,1.0
25391,25351,C,0,1,0,1,2,0,0.5,1.0
25409,25369,A,0,0,0,2,2,0,1.0,-0.0
25411,25371,B,0,0,0,1,3,2,1.0,-0.0
25423,25383,B,1,0,0,0,2,1,1.0,-0.0
25439,25399,C,0,1,0,1,2,0,0.5,1.0
25447,25407,B,0,1,0,0,4,3,1.0,-0.0
25453,25413,E,0,1,1,0,3,1,0.5,1.0
25457,25417,A,0,0,2,0,2,0,1.0,-0.0
25463,25423,C,0,0,1,0,1,0,1.0,-0.0
25469,25429,A,0,0,0,2,2,0,1.0,-0.0
25471,25431,B,0,1,2,0,4,1,0.5555555555555556,0.9182958340544896
25523,25483,C,0,1,0,1,2,0,0.5,1.0
25537,25497,E,1,0,0,0,3,2,1.0,-0.0
25541,25501,A,0,0,2,0,2,0,1.0,-0.0
25561,25521,E,1,0,0,1,3,1,0.5,1.0
25577,25537,A,1,0,0,0,1,0,1.0,-0.0
25579,25539,B,0,1,0,0,2,1,1.0,-0.0
25583,25543,C,0,2,1,0,3,0,0.5555555555555556,0.9182958340544896
25589,25549,A,0,2,0,0,2,0,1.0,-0.0
25601,25561,A,1,0,0,0,1,0,1.0,-0.0
25603,25563,B,1,0,0,0,2,1,1.0,-0.0
25609,25569,E,0,0,0,1,4,3,1.0,-0.0
25621,25581,E,0,0,1,0,2,1,1.0,-0.0
25633,25593,E,0,1,1,0,3,1,0.5,1.0
25639,25599,B,0,1,1,1,4,1,0.3333333333333333,1.584962500721156
25643,25603,C,0,0,1,0,1,0,1.0,-0.0
25657,25617,E,0,0,1,0,2,1,1.0,-0.0
25667,25627,C,0,0,3,0,3,0,1.0,-0.0
25673,25633,A,1,0,0,0,1,0,1.0,-0.0
25679,25639,C,0,0,1,0,1,0,1.0,-0.0
25693,25653,E,0,1,0,1,3,1,0.5,1.0
25703,25663,C,0,1,0,1,2,0,0.5,1.0
25717,25677,E,0,1,0,0,5,4,1.0,-0.0
25733,25693,A,1,0,0,0,1,0,1.0,-0.0
25741,25701,E,1,0,0,1,3,1,0.5,1.0
25747,25707,B,0,1,1,1,4,1,0.3333333333333333,1.584962500721156
25759,25719,B,0,1,0,0,2,1,1.0,-0.0
25763,25723,C,0,1,0,1,2,0,0.5,1.0
25771,25731,B,0,1,0,0,4,3,1.0,-0.0
25793,25753,A,1,0,2,0,3,0,0.5555555555555556,0.9182958340544896
25799,25759,C,0,0,1,0,1,0,1.0,-0.0
25801,25761,E,1,0,1,0,3,1,0.5,1.0
25819,25779,B,2,0,0,0,3,1,1.0,-0.0
25841,25801,A,1,0,0,0,1,0,1.0,-0.0
25847,25807,C,0,1,0,1,2,0,0.5,1.0
25849,25809,E,0,1,1,0,3,1,0.5,1.0
25867,25827,B,0,1,0,0,2,1,1.0,-0.0
25873,25833,E,1,0,1,0,3,1,0.5,1.0
25889,25849,A,1,0,0,0,1,0,1.0,-0.0
25903,25863,B,1,1,0,0,3,1,0.5,1.0
25913,25873,A,1,0,0,0,1,0,1.0,-0.0
25919,25879,C,1,0,1,0,2,0,0.5,1.0
25931,25891,C,0,1,0,1,2,0,0.5,1.0
25933,25893,E,0,1,1,0,5,3,0.5,1.0
25939,25899,B,1,1,0,0,3,1,0.5,1.0
25943,25903,C,0,0,1,0,1,0,1.0,-0.0
25951,25911,B,0,0,0,1,3,2,1.0,-0.0
25969,25929,E,0,0,2,0,4,2,1.0,-0.0
25981,25941,E,0,0,1,0,2,1,1.0,-0.0
25997,25957,A,0,2,0,0,2,0,1.0,-0.0
25999,25959,B,0,2,0,0,3,1,1.0,-0.0
26003,25963,C,1,0,1,0,2,0,0.5,1.0
26017,25977,E,1,0,1,0,3,1,0.5,1.0
26021,25981,A,1,0,0,0,1,0,1.0,-0.0
26029,25989,E,0,0,0,1,2,1,1.0,-0.0
26041,26001,E,0,0,0,1,6,5,1.0,-0.0
26053,26013,E,1,1,0,1,4,1,0.3333333333333333,1.584962500721156
26083,26043,B,0,1,0,0,2,1,1.0,-0.0
26099,26059,C,0,0,1,2,3,0,0.5555555555555556,0.9182958340544896
26107,26067,B,1,0,0,0,2,1,1.0,-0.0
26111,26071,C,0,2,1,0,3,0,0.5555555555555556,0.9182958340544896
26113,26073,E,0,1,0,0,3,2,1.0,-0.0
26119,26079,B,0,1,0,0,2,1,1.0,-0.0
26141,26101,A,0,0,2,0,2,0,1.0,-0.0
26153,26113,A,1,0,0,0,1,0,1.0,-0.0
26161,26121,E,0,0,1,0,2,1,1.0,-0.0
26171,26131,C,1,0,1,0,2,0,0.5,1.0
26177,26137,A,0,0,0,2,2,0,1.0,-0.0
26183,26143,C,1,0,1,0,2,0,0.5,1.0
26189,26149,A,0,0,2,0,2,0,1.0,-0.0
26203,26163,B,0,1,1,0,6,4,0.5,1.0
26209,26169,E,2,0,0,1,4,1,0.5555555555555556,0.9182958340544896
26227,26187,B,0,1,2,0,4,1,0.5555555555555556,0.9182958340544896
26237,26197,A,0,1,1,1,3,0,0.3333333333333333,1.584962500721156
26249,26209,A,1,0,0,0,1,0,1.0,-0.0
26251,26211,B,1,0,0,0,2,1,1.0,-0.0
26261,26221,A,2,0,0,0,2,0,1.0,-0.0
26263,26223,B,0,1,0,0,2,1,1.0,-0.0
26267,26227,C,0,0,1,0,1,0,1.0,-0.0
26293,26253,E,1,0,0,0,3,2,1.0,-0.0
26297,26257,A,0,0,2,2,4,0,0.5,1.0
26309,26269,A,2,0,0,0,2,0,1.0,-0.0
26317,26277,E,0,1,1,0,3,1,0.5,1.0
26321,26281,A,0,2,0,0,2,0,1.0,-0.0
26339,26299,C,1,2,1,0,4,0,0.375,1.5
26347,26307,B,1,0,1,0,4,2,0.5,1.0
26357,26317,A,1,0,0,0,1,0,1.0,-0.0
26371,26331,B,0,0,1,1,3,1,0.5,1.0
26387,26347,C,0,0,1,0,1,0,1.0,-0.0
26393,26353,A,1,0,2,0,3,0,0.5555555555555556,0.9182958340544896
26399,26359,C,1,0,1,0,2,0,0.5,1.0
26407,26367,B,0,1,0,2,4,1,0.5555555555555556,0.9182958340544896
26417,26377,A,2,0,0,0,2,0,1.0,-0.0
26423,26383,C,1,0,1,0,2,0,0.5,1.0
26431,26391,B,0,0,2,0,3,1,1.0,-0.0
26437,26397,E,0,0,1,1,4,2,0.5,1.0
26449,26409,E,0,0,1,0,2,1,1.0,-0.0
26459,26419,C,0,1,0,1,2,0,0.5,1.0
26479,26439,B,0,0,1,1,3,1,0.5,1.0
26489,26449,A,1,0,0,0,1,0,1.0,-0.0
26497,26457,E,0,0,0,1,2,1,1.0,-0.0
26501,26461,A,0,0,0,2,2,0,1.0,-0.0
26513,26473,A,0,0,0,2,2,0,1.0,-0.0
26539,26499,B,1,0,0,2,4,1,0.5555555555555556,0.9182958340544896
26557,26517,E,0,0,1,0,2,1,1.0,-0.0
26561,26521,A,0,0,0,2,2,0,1.0,-0.0
26573,26533,A,3,0,0,0,3,0,1.0,-0.0
26591,26551,C,1,0,1,0,2,0,0.5,1.0
26597,26557,A,1,0,0,0,1,0,1.0,-0.0
26627,26587,C,0,1,0,1,2,0,0.5,1.0
26633,26593,A,0,1,1,1,3,0,0.3333333333333333,1.584962500721156
26641,26601,E,0,0,0,1,2,1,1.0,-0.0
26647,26607,B,1,0,2,0,4,1,0.5555555555555556,0.9182958340544896
26669,26629,A,0,0,2,0,2,0,1.0,-0.0
26681,26641,A,1,0,0,0,1,0,1.0,-0.0
26683,26643,B,0,0,0,2,3,1,1.0,-0.0
26687,26647,C,0,0,1,0,1,0,1.0,-0.0
26693,26653,A,0,0,0,2,2,0,1.0,-0.0
26699,26659,C,0,1,0,1,2,0,0.5,1.0
26701,26661,E,0,0,1,0,2,1,1.0,-0.0
26711,26671,C,0,1,0,1,2,0,0.5,1.0
26713,26673,E,0,1,1,0,3,1,0.5,1.0
26717,26677,A,1,0,2,0,3,0,0.5555555555555556,0.9182958340544896
26723,26683,C,0,0,1,0,1,0,1.0,-0.0
26729,26689,A,2,0,0,0,2,0,1.0,-0.0
26731,26691,B,0,1,2,0,4,1,0.5555555555555556,0.9182958340544896
26737,26697,E,0,1,0,1,3,1,0.5,1.0
26759,26719,C,0,0,1,2,3,0,0.5555555555555556,0.9182958340544896
26777,26737,A,1,0,0,0,1,0,1.0,-0.0
26783,26743,C,0,1,0,1,2,0,0.5,1.0
26801,26761,A,0,0,2,0,2,0,1.0,-0.0
26813,26773,A,0,2,0,0,2,0,1.0,-0.0
26821,26781,E,0,1,1,0,3,1,0.5,1.0
26833,26793,E,2,0,0,0,4,2,1.0,-0.0
26839,26799,B,0,1,0,0,2,1,1.0,-0.0
26849,26809,A,0,1,1,1,3,0,0.3333333333333333,1.584962500721156
26861,26821,A,1,0,0,0,1,0,1.0,-0.0
26863,26823,B,1,0,0,0,2,1,1.0,-0.0
26879,26839,C,0,0,1,0,1,0,1.0,-0.0
26881,26841,E,0,1,0,1,3,1,0.5,1.0
26891,26851,C,0,1,0,1,2,0,0.5,1.0
26893,26853,E,0,0,0,1,2,1,1.0,-0.0
26903,26863,C,0,0,1,0,1,0,1.0,-0.0
26921,26881,A,1,0,0,0,1,0,1.0,-0.0
26927,26887,C,0,0,1,2,3,0,0.5555555555555556,0.9182958340544896
26947,26907,B,0,1,0,0,2,1,1.0,-0.0
26951,26911,C,0,1,0,1,2,0,0.5,1.0
26953,26913,E,0,0,1,0,2,1,1.0,-0.0
26959,26919,B,1,0,0,0,4,3,1.0,-0.0
26981,26941,A,0,2,0,0,2,0,1.0,-0.0
26987,26947,C,0,0,1,0,1,0,1.0,-0.0
26993,26953,A,1,0,0,0,1,0,1.0,-0.0
27011,26971,C,1,0,1,0,2,0,0.5,1.0
27017,26977,A,0,2,0,0,2,0,1.0,-0.0
27031,26991,B,0,0,0,1,3,2,1.0,-0.0
27043,27003,B,1,0,0,0,2,1,1.0,-0.0
27059,27019,C,0,1,0,1,2,0,0.5,1.0
27061,27021,E,0,0,1,0,2,1,1.0,-0.0
27067,27027,B,1,0,1,1,6,3,0.3333333333333333,1.584962500721156
27073,27033,E,0,0,0,1,2,1,1.0,-0.0
27077,27037,A,0,0,2,0,2,0,1.0,-0.0
27091,27051,B,0,0,1,1,3,1,0.5,1.0
27103,27063,B,1,0,1,0,4,2,0.5,1.0
27107,27067,C,0,0,1,0,1,0,1.0,-0.0
27109,27069,E,0,1,1,0,3,1,0.5,1.0
27127,27087,B,0,1,0,0,2,1,1.0,-0.0
27143,27103,C,0,0,1,0,1,0,1.0,-0.0
27179,27139,C,1,0,1,0,2,0,0.5,1.0
27191,27151,C,1,0,1,0,2,0,0.5,1.0
27197,27157,A,2,0,0,0,2,0,1.0,-0.0
27211,27171,B,0,0,1,0,3,2,1.0,-0.0
27239,27199,C,0,1,0,1,2,0,0.5,1.0
27241,27201,E,0,0,1,0,2,1,1.0,-0.0
27253,27213,E,1,0,0,1,3,1,0.5,1.0
27259,27219,B,0,0,2,0,3,1,1.0,-0.0
27271,27231,B,1,1,0,0,3,1,0.5,1.0
27277,27237,E,1,0,1,0,3,1,0.5,1.0
27281,27241,A,1,0,0,0,1,0,1.0,-0.0
27283,27243,B,1,0,0,0,4,3,1.0,-0.0
27299,27259,C,0,0,1,0,1,0,1.0,-0.0
27329,27289,A,0,2,0,0,2,0,1.0,-0.0
27337,27297,E,1,0,0,0,5,4,1.0,-0.0
27361,27321,E,0,1,1,0,3,1,0.5,1.0
27367,27327,B,1,0,0,0,2,1,1.0,-0.0
27397,27357,E,1,0,0,1,3,1,0.5,1.0
27407,27367,C,0,0,1,0,1,0,1.0,-0.0
27409,27369,E,0,1,0,0,3,2,1.0,-0.0
27427,27387,B,0,1,0,1,4,2,0.5,1.0
27431,27391,C,1,0,3,0,4,0,0.625,0.8112781244591328
27437,27397,A,1,0,0,0,1,0,1.0,-0.0
27449,27409,A,1,0,0,0,1,0,1.0,-0.0
27457,27417,E,2,0,1,0,4,1,0.5555555555555556,0.9182958340544896
27479,27439,C,0,1,0,1,2,0,0.5,1.0
27481,27441,E,1,0,0,0,3,2,1.0,-0.0
27487,27447,B,0,0,1,1,3,1,0.5,1.0
27509,27469,A,2,0,0,0,2,0,1.0,-0.0
27527,27487,C,0,0,1,0,1,0,1.0,-0.0
27529,27489,E,0,1,2,1,5,1,0.375,1.5
27539,27499,C,0,1,0,1,2,0,0.5,1.0
27541,27501,E,0,1,1,0,3,1,0.5,1.0
27551,27511,C,1,1,0,1,3,0,0.3333333333333333,1.584962500721156
27581,27541,A,1,0,0,0,1,0,1.0,-0.0
27583,27543,B,1,0,0,0,2,1,1.0,-0.0
27611,27571,C,1,0,1,0,2,0,0.5,1.0
27617,27577,A,1,0,0,2,3,0,0.5555555555555556,0.9182958340544896
27631,27591,B,1,1,0,0,3,1,0.5,1.0
27647,27607,C,1,0,1,0,2,0,0.5,1.0
27653,27613,A,0,2,0,0,2,0,1.0,-0.0
27673,27633,E,1,0,1,0,3,1,0.5,1.0
27689,27649,A,0,0,2,0,2,0,1.0,-0.0
27691,27651,B,2,0,0,0,3,1,1.0,-0.0
27697,27657,E,0,0,2,0,4,2,1.0,-0.0
27701,27661,A,0,0,2,0,2,0,1.0,-0.0
27733,27693,E,1,1,0,0,4,2,0.5,1.0
27737,27697,A,1,0,0,0,1,0,1.0,-0.0
27739,27699,B,0,0,1,1,3,1,0.5,1.0
27743,27703,C,1,0,1,0,2,0,0.5,1.0
27749,27709,A,1,0,0,2,3,0,0.5555555555555556,0.9182958340544896
27751,27711,B,0,0,1,0,3,2,1.0,-0.0
27763,27723,B,1,0,0,0,2,1,1.0,-0.0
27767,27727,C,0,2,1,0,3,0,0.5555555555555556,0.9182958340544896
27773,27733,A,1,0,0,0,1,0,1.0,-0.0
27779,27739,C,0,0,1,0,1,0,1.0,-0.0
27791,27751,C,0,0,1,0,1,0,1.0,-0.0
27793,27753,E,0,2,0,1,4,1,0.5555555555555556,0.9182958340544896
27799,27759,B,0,0,2,0,3,1,1.0,-0.0
27803,27763,C,0,0,1,0,1,0,1.0,-0.0
27809,27769,A,0,0,2,0,2,0,1.0,-0.0
27817,27777,E,0,1,0,1,3,1,0.5,1.0
27823,27783,B,0,0,3,0,7,4,1.0,-0.0
27827,27787,C,1,0,1,0,2,0,0.5,1.0
27847,27807,B,1,0,1,1,4,1,0.3333333333333333,1.584962500721156
27851,27811,C,0,2,1,0,3,0,0.5555555555555556,0.9182958340544896
27883,27843,B,0,1,0,0,2,1,1.0,-0.0
27893,27853,A,0,1,1,1,3,0,0.3333333333333333,1.584962500721156
27901,27861,E,1,0,0,1,3,1,0.5,1.0
27917,27877,A,2,0,0,0,2,0,1.0,-0.0
27919,27879,B,0,1,0,0,2,1,1.0,-0.0
27941,27901,A,1,0,0,0,1,0,1.0,-0.0
27943,27903,B,0,0,0,2,3,1,1.0,-0.0
27947,27907,C,0,0,1,2,3,0,0.5555555555555556,0.9182958340544896
27953,27913,A,0,0,2,0,2,0,1.0,-0.0
27961,27921,E,0,1,0,1,3,1,0.5,1.0
27967,27927,B,0,1,0,1,4,2,0.5,1.0
27983,27943,C,0,0,1,0,1,0,1.0,-0.0
27997,27957,E,0,0,1,0,2,1,1.0,-0.0
28001,27961,A,1,0,0,0,1,0,1.0,-0.0
28019,27979,C,0,0,3,0,3,0,1.0,-0.0
28027,27987,B,0,0,1,1,3,1,0.5,1.0
28031,27991,C,0,1,0,1,2,0,0.5,1.0
28051,28011,B,1,0,0,0,2,1,1.0,-0.0
28057,28017,E,0,0,1,1,4,2,0.5,1.0
28069,28029,E,0,0,1,0,2,1,1.0,-0.0
28081,28041,E,1,0,0,1,3,1,0.5,1.0
28087,28047,B,1,0,0,0,2,1,1.0,-0.0
28097,28057,A,1,0,0,0,1,0,1.0,-0.0
28099,28059,B,0,0,1,1,3,1,0.5,1.0
28109,28069,A,1,0,0,0,1,0,1.0,-0.0
28111,28071,B,0,0,0,1,3,2,1.0,-0.0
28123,28083,B,1,0,0,2,4,1,0.5555555555555556,0.9182958340544896
28151,28111,C,0,0,1,0,1,0,1.0,-0.0
28163,28123,C,0,0,1,0,1,0,1.0,-0.0
28181,28141,A,0,0,0,2,2,0,1.0,-0.0
28183,28143,B,0,1,0,1,4,2,0.5,1.0
28201,28161,E,0,1,1,0,5,3,0.5,1.0
28211,28171,C,1,1,0,1,3,0,0.3333333333333333,1.584962500721156
28219,28179,B,0,1,1,0,4,2,0.5,1.0
28229,28189,A,0,0,2,0,2,0,1.0,-0.0
28277,28237,A,0,1,1,1,3,0,0.3333333333333333,1.584962500721156
28279,28239,B,0,1,0,0,2,1,1.0,-0.0
28283,28243,C,1,0,1,0,2,0,0.5,1.0
28289,28249,A,1,2,0,0,3,0,0.5555555555555556,0.9182958340544896
28297,28257,E,0,0,0,1,2,1,1.0,-0.0
28307,28267,C,0,1,0,1,2,0,0.5,1.0
28309,28269,E,1,0,0,0,5,4,1.0,-0.0
28319,28279,C,0,0,1,0,1,0,1.0,-0.0
28349,28309,A,1,0,0,0,1,0,1.0,-0.0
28351,28311,B,0,1,0,0,2,1,1.0,-0.0
28387,28347,B,0,0,1,1,3,1,0.5,1.0
28393,28353,E,1,0,1,0,3,1,0.5,1.0
28403,28363,C,0,1,0,1,2,0,0.5,1.0
28409,28369,A,0,0,0,2,2,0,1.0,-0.0
28411,28371,B,1,0,2,0,4,1,0.5555555555555556,0.9182958340544896
28429,28389,E,0,0,1,0,2,1,1.0,-0.0
28433,28393,A,1,0,0,0,1,0,1.0,-0.0
28439,28399,C,1,0,1,0,2,0,0.5,1.0
28447,28407,B,0,2,0,0,3,1,1.0,-0.0
28463,28423,C,1,0,1,0,2,0,0.5,1.0
28477,28437,E,0,0,0,1,2,1,1.0,-0.0
28493,28453,A,2,0,0,0,2,0,1.0,-0.0
28499,28459,C,0,1,0,1,2,0,0.5,1.0
28513,28473,E,0,0,0,1,2,1,1.0,-0.0
28517,28477,A,1,0,0,0,1,0,1.0,-0.0
28537,28497,E,0,0,1,2,4,1,0.5555555555555556,0.9182958340544896
28541,28501,A,0,0,0,2,2,0,1.0,-0.0
28547,28507,C,0,1,0,1,2,0,0.5,1.0
28549,28509,E,1,1,1,0,4,1,0.3333333333333333,1.584962500721156
28559,28519,C,0,0,3,0,3,0,1.0,-0.0
28571,28531,C,1,0,1,0,2,0,0.5,1.0
28573,28533,E,0,0,1,0,2,1,1.0,-0.0
28579,28539,B,0,0,2,0,5,3,1.0,-0.0
28591,28551,B,0,0,2,0,3,1,1.0,-0.0
28597,28557,E,0,0,1,1,4,2,0.5,1.0
28603,28563,B,0,1,0,0,2,1,1.0,-0.0
28607,28567,C,0,1,2,1,4,0,0.375,1.5
28619,28579,C,0,0,1,0,1,0,1.0,-0.0
28621,28581,E,0,1,1,0,3,1,0.5,1.0
28627,28587,B,2,0,0,0,3,1,1.0,-0.0
28631,28591,C,0,0,1,0,1,0,1.0,-0.0
28643,28603,C,0,0,1,0,1,0,1.0,-0.0
28649,28609,A,1,0,2,0,3,0,0.5555555555555556,0.9182958340544896
28657,28617,E,0,0,0,1,2,1,1.0,-0.0
28661,28621,A,1,0,0,0,1,0,1.0,-0.0
28663,28623,B,0,1,1,1,4,1,0.3333333333333333,1.584962500721156
28669,28629,E,1,0,0,0,3,2,1.0,-0.0
28687,28647,B,0,1,0,0,4,3,1.0,-0.0
28697,28657,A,1,0,0,0,1,0,1.0,-0.0
28703,28663,C,0,0,1,0,1,0,1.0,-0.0
28711,28671,B,0,0,1,1,3,1,0.5,1.0
28723,28683,B,0,0,1,0,3,2,1.0,-0.0
28729,28689,E,1,0,0,1,3,1,0.5,1.0
28751,28711,C,0,0,1,0,1,0,1.0,-0.0
28753,28713,E,0,1,0,1,3,1,0.5,1.0
28759,28719,B,0,0,0,1,3,2,1.0,-0.0
28771,28731,B,2,0,0,0,3,1,1.0,-0.0
28789,28749,E,2,0,1,0,4,1,0.5555555555555556,0.9182958340544896
28793,28753,A,1,0,0,0,1,0,1.0,-0.0
28807,28767,B,0,0,2,0,3,1,1.0,-0.0
28813,28773,E,0,0,1,1,4,2,0.5,1.0
28817,28777,A,0,0,2,0,2,0,1.0,-0.0
28837,28797,E,0,1,1,0,3,1,0.5,1.0
28843,28803,B,1,0,0,0,2,1,1.0,-0.0
28859,28819,C,0,0,1,2,3,0,0.5555555555555556,0.9182958340544896
28867,28827,B,0,0,0,1,3,2,1.0,-0.0
28871,28831,C,0,1,0,1,2,0,0.5,1.0
28879,28839,B,1,0,0,0,2,1,1.0,-0.0
28901,28861,A,0,0,4,0,4,0,1.0,-0.0
28909,28869,E,0,0,0,1,2,1,1.0,-0.0
28921,28881,E,0,1,0,0,3,2,1.0,-0.0
28927,28887,B,0,1,0,0,2,1,1.0,-0.0
28933,28893,E,0,0,1,0,2,1,1.0,-0.0
28949,28909,A,1,0,0,0,1,0,1.0,-0.0
28961,28921,A,1,0,0,0,1,0,1.0,-0.0
28979,28939,C,1,0,1,0,2,0,0.5,1.0
29009,28969,A,0,0,0,2,2,0,1.0,-0.0
29017,28977,E,1,0,0,1,3,1,0.5,1.0
29021,28981,A,2,0,0,0,2,0,1.0,-0.0
29023,28983,B,1,0,0,0,2,1,1.0,-0.0
29027,28987,C,0,2,1,0,3,0,0.5555555555555556,0.9182958340544896
29033,28993,A,0,0,2,0,2,0,1.0,-0.0
29059,29019,B,0,2,0,0,3,1,1.0,-0.0
29063,29023,C,0,0,1,0,1,0,1.0,-0.0
29077,29037,E,0,0,1,0,2,1,1.0,-0.0
29101,29061,E,1,0,0,0,3,2,1.0,-0.0
29123,29083,C,1,0,1,0,2,0,0.5,1.0
29129,29089,A,0,0,2,0,2,0,1.0,-0.0
29131,29091,B,1,0,0,0,2,1,1.0,-0.0
29137,29097,E,1,1,0,0,4,2,0.5,1.0
29147,29107,C,1,0,1,0,2,0,0.5,1.0
29153,29113,A,0,0,2,0,2,0,1.0,-0.0
29167,29127,B,1,0,2,0,4,1,0.5555555555555556,0.9182958340544896
29173,29133,E,1,0,0,1,5,3,0.5,1.0
29179,29139,B,0,0,1,1,3,1,0.5,1.0
29191,29151,B,0,1,1,0,4,2,0.5,1.0
29201,29161,A,1,0,0,2,3,0,0.5555555555555556,0.9182958340544896
29207,29167,C,0,0,1,0,1,0,1.0,-0.0
29209,29169,E,0,0,2,0,4,2,1.0,-0.0
29221,29181,E,0,1,0,1,3,1,0.5,1.0
29231,29191,C,0,0,1,0,1,0,1.0,-0.0
29243,29203,C,0,2,1,0,3,0,0.5555555555555556,0.9182958340544896
29251,29211,B,1,0,1,1,4,1,0.3333333333333333,1.584962500721156
29269,29229,E,0,0,0,1,2,1,1.0,-0.0
29287,29247,B,0,1,0,0,2,1,1.0,-0.0
29297,29257,A,0,2,0,0,2,0,1.0,-0.0
29303,29263,C,1,0,1,0,2,0,0.5,1.0
29311,29271,B,0,0,0,2,3,1,1.0,-0.0
29327,29287,C,0,0,1,0,1,0,1.0,-0.0
29333,29293,A,0,0,0,2,2,0,1.0,-0.0
29339,29299,C,0,1,0,1,2,0,0.5,1.0
29347,29307,B,1,0,0,0,2,1,1.0,-0.0
29363,29323,C,0,0,1,2,3,0,0.5555555555555556,0.9182958340544896
29383,29343,B,1,0,0,0,2,1,1.0,-0.0
29387,29347,C,0,0,1,0,1,0,1.0,-0.0
29389,29349,E,0,0,1,0,4,3,1.0,-0.0
29399,29359,C,1,1,0,1,3,0,0.3333333333333333,1.584962500721156
29401,29361,E,0,0,1,0,2,1,1.0,-0.0
29411,29371,C,0,1,0,1,2,0,0.5,1.0
29423,29383,C,0,0,1,0,1,0,1.0,-0.0
29429,29389,A,1,0,0,0,1,0,1.0,-0.0
29437,29397,E,0,1,0,1,3,1,0.5,1.0
29443,29403,B,0,0,0,2,7,5,1.0,-0.0
29453,29413,A,0,0,2,0,2,0,1.0,-0.0
29473,29433,E,0,0,1,0,2,1,1.0,-0.0
29483,29443,C,0,0,1,0,1,0,1.0,-0.0
29501,29461,A,0,2,0,0,2,0,1.0,-0.0
29527,29487,B,1,0,0,0,2,1,1.0,-0.0
29531,29491,C,0,0,1,2,3,0,0.5555555555555556,0.9182958340544896
29537,29497,A,2,0,0,0,2,0,1.0,-0.0
29567,29527,C,0,0,1,0,1,0,1.0,-0.0
29569,29529,E,1,1,0,0,4,2,0.5,1.0
29573,29533,A,0,0,2,0,2,0,1.0,-0.0
29581,29541,E,1,0,1,0,3,1,0.5,1.0
29587,29547,B,0,0,3,0,5,2,1.0,-0.0
29599,29559,B,0,0,0,2,3,1,1.0,-0.0
29611,29571,B,0,1,0,0,2,1,1.0,-0.0
29629,29589,E,0,1,1,0,3,1,0.5,1.0
29633,29593,A,0,2,0,0,2,0,1.0,-0.0
29641,29601,E,1,0,0,2,5,2,0.5555555555555556,0.9182958340544896
29663,29623,C,0,1,0,1,2,0,0.5,1.0
29669,29629,A,1,0,0,0,1,0,1.0,-0.0
29671,29631,B,0,1,1,1,4,1,0.3333333333333333,1.584962500721156
29683,29643,B,1,1,0,0,3,1,0.5,1.0
29717,29677,A,0,0,0,2,2,0,1.0,-0.0
29723,29683,C,0,0,1,0,1,0,1.0,-0.0
29741,29701,A,0,0,2,0,2,0,1.0,-0.0
29753,29713,A,0,0,2,0,2,0,1.0,-0.0
29759,29719,C,0,1,0,1,2,0,0.5,1.0
29761,29721,E,0,0,1,0,2,1,1.0,-0.0
29789,29749,A,0,0,0,2,2,0,1.0,-0.0
29803,29763,B,0,0,1,0,3,2,1.0,-0.0
29819,29779,C,1,0,1,0,2,0,0.5,1.0
29833,29793,E,0,0,1,0,2,1,1.0,-0.0
29837,29797,A,0,0,0,2,2,0,1.0,-0.0
29851,29811,B,0,0,2,0,3,1,1.0,-0.0
29863,29823,B,0,1,0,0,2,1,1.0,-0.0
29867,29827,C,1,0,1,0,2,0,0.5,1.0
29873,29833,A,1,0,0,0,1,0,1.0,-0.0
29879,29839,C,0,1,0,1,2,0,0.5,1.0
29881,29841,E,0,1,3,0,5,1,0.625,0.8112781244591328
29917,29877,E,1,0,0,1,3,1,0.5,1.0
29921,29881,A,1,0,0,0,1,0,1.0,-0.0
29927,29887,C,1,0,1,2,4,0,0.375,1.5
29947,29907,B,0,0,0,1,3,2,1.0,-0.0
29959,29919,B,1,0,0,0,2,1,1.0,-0.0
29983,29943,B,0,1,0,0,4,3,1.0,-0.0
29989,29949,E,0,1,1,0,3,1,0.5,1.0
30011,29971,C,0,2,1,0,3,0,0.5555555555555556,0.9182958340544896
30013,29973,E,1,0,1,0,3,1,0.5,1.0
30029,29989,A,1,0,0,0,1,0,1.0,-0.0
30047,30007,C,1,0,1,0,2,0,0.5,1.0
30059,30019,C,0,1,0,1,2,0,0.5,1.0
30071,30031,C,0,1,0,1,2,0,0.5,1.0
30089,30049,A,0,0,2,0,2,0,1.0,-0.0
30091,30051,B,0,1,1,0,6,4,0.5,1.0
30097,30057,E,0,1,1,0,3,1,0.5,1.0
30103,30063,B,0,0,0,2,3,1,1.0,-0.0
30109,30069,E,1,1,0,0,4,2,0.5,1.0
30113,30073,A,1,2,0,0,3,0,0.5555555555555556,0.9182958340544896
30119,30079,C,1,0,1,0,2,0,0.5,1.0
30133,30093,E,0,1,1,0,3,1,0.5,1.0
30137,30097,A,1,0,0,0,1,0,1.0,-0.0
30139,30099,B,0,0,2,0,3,1,1.0,-0.0
30161,30121,A,1,0,2,0,3,0,0.5555555555555556,0.9182958340544896
30169,30129,E,0,0,0,3,4,1,1.0,-0.0
30181,30141,E,0,2,0,0,4,2,1.0,-0.0
30187,30147,B,1,1,0,0,3,1,0.5,1.0
30197,30157,A,0,2,0,0,2,0,1.0,-0.0
30203,30163,C,0,0,3,0,3,0,1.0,-0.0
30211,30171,B,0,2,0,0,3,1,1.0,-0.0
30223,30183,B,0,1,0,0,2,1,1.0,-0.0
30241,30201,E,0,0,0,1,2,1,1.0,-0.0
30253,30213,E,1,0,0,0,5,4,1.0,-0.0
30259,30219,B,0,0,1,1,3,1,0.5,1.0
30269,30229,A,1,0,2,0,3,0,0.5555555555555556,0.9182958340544896
30271,30231,B,0,0,0,1,3,2,1.0,-0.0
30293,30253,A,1,0,0,0,1,0,1.0,-0.0
30307,30267,B,0,0,1,1,5,3,0.5,1.0
30313,30273,E,0,0,0,1,2,1,1.0,-0.0
30319,30279,B,1,0,0,0,2,1,1.0,-0.0
30323,30283,C,0,1,0,1,2,0,0.5,1.0
30341,30301,A,2,0,0,0,2,0,1.0,-0.0
30347,30307,C,0,0,1,0,1,0,1.0,-0.0
30367,30327,B,0,0,1,1,3,1,0.5,1.0
30389,30349,A,0,1,1,1,3,0,0.3333333333333333,1.584962500721156
30391,30351,B,0,0,2,0,3,1,1.0,-0.0
30403,30363,B,1,1,0,0,3,1,0.5,1.0
30427,30387,B,0,0,2,0,3,1,1.0,-0.0
30431,30391,C,0,0,1,0,1,0,1.0,-0.0
30449,30409,A,0,0,0,2,2,0,1.0,-0.0
30467,30427,C,0,0,1,0,1,0,1.0,-0.0
30469,30429,E,0,0,2,1,6,3,0.5555555555555556,0.9182958340544896
30491,30451,C,1,0,1,0,2,0,0.5,1.0
30493,30453,E,0,0,0,1,2,1,1.0,-0.0
30497,30457,A,1,0,2,0,3,0,0.5555555555555556,0.9182958340544896
30509,30469,A,1,0,0,0,1,0,1.0,-0.0
30517,30477,E,0,0,1,0,2,1,1.0,-0.0
30529,30489,E,0,0,0,1,2,1,1.0,-0.0
30539,30499,C,1,0,1,0,2,0,0.5,1.0
30553,30513,E,1,0,1,0,3,1,0.5,1.0
30557,30517,A,1,0,0,0,1,0,1.0,-0.0
30559,30519,B,0,0,1,0,3,2,1.0,-0.0
30577,30537,E,1,1,0,0,6,4,0.5,1.0
30593,30553,A,1,0,0,0,1,0,1.0,-0.0
30631,30591,B,0,0,1,1,5,3,0.5,1.0
30637,30597,E,0,0,2,1,4,1,0.5555555555555556,0.9182958340544896
30643,30603,B,0,2,0,0,3,1,1.0,-0.0
30649,30609,E,0,0,1,1,4,2,0.5,1.0
30661,30621,E,0,1,0,1,3,1,0.5,1.0
30671,30631,C,0,0,1,0,1,0,1.0,-0.0
30677,30637,A,1,0,0,0,1,0,1.0,-0.0
30689,30649,A,1,0,0,0,1,0,1.0,-0.0
30697,30657,E,0,1,0,1,3,1,0.5,1.0
30703,30663,B,0,0,0,1,3,2,1.0,-0.0
30707,30667,C,2,0,1,0,3,0,0.5555555555555556,0.9182958340544896
30713,30673,A,2,0,0,0,2,0,1.0,-0.0
30727,30687,B,1,1,0,0,3,1,0.5,1.0
30757,30717,E,0,1,0,0,3,2,1.0,-0.0
30763,30723,B,0,0,3,1,5,1,0.625,0.8112781244591328
30773,30733,A,2,0,0,0,2,0,1.0,-0.0
30781,30741,E,0,0,0,1,2,1,1.0,-0.0
30803,30763,C,0,0,1,0,1,0,1.0,-0.0
30809,30769,A,0,2,0,0,2,0,1.0,-0.0
30817,30777,E,0,0,0,1,2,1,1.0,-0.0
30829,30789,E,0,0,0,2,4,2,1.0,-0.0
30839,30799,C,1,0,1,0,2,0,0.5,1.0
30841,30801,E,0,0,1,0,2,1,1.0,-0.0
30851,30811,C,0,1,0,1,2,0,0.5,1.0
30853,30813,E,0,0,0,1,2,1,1.0,-0.0
30859,30819,B,1,0,0,0,2,1,1.0,-0.0
30869,30829,A,1,0,0,0,1,0,1.0,-0.0
30871,30831,B,0,0,1,1,3,1,0.5,1.0
30881,30841,A,1,0,0,0,1,0,1.0,-0.0
30893,30853,A,1,0,0,0,1,0,1.0,-0.0
30911,30871,C,0,0,1,0,1,0,1.0,-0.0
30931,30891,B,0,0,2,0,3,1,1.0,-0.0
30937,30897,E,1,0,0,0,3,2,1.0,-0.0
30941,30901,A,2,0,0,0,2,0,1.0,-0.0
30949,30909,E,0,0,1,0,2,1,1.0,-0.0
30971,30931,C,0,0,1,0,1,0,1.0,-0.0
30977,30937,A,1,0,0,0,1,0,1.0,-0.0
30983,30943,C,1,1,0,1,3,0,0.3333333333333333,1.584962500721156
31013,30973,A,0,0,0,2,2,0,1.0,-0.0
31019,30979,C,1,0,1,0,2,0,0.5,1.0
31033,30993,E,0,0,0,1,2,1,1.0,-0.0
31039,30999,B,1,0,0,0,2,1,1.0,-0.0
31051,31011,B,0,1,0,0,2,1,1.0,-0.0
31063,31023,B,0,0,0,1,5,4,1.0,-0.0
31069,31029,E,0,0,0,1,2,1,1.0,-0.0
31079,31039,C,0,0,1,0,1,0,1.0,-0.0
31081,31041,E,0,1,0,0,3,2,1.0,-0.0
31091,31051,C,0,0,1,0,1,0,1.0,-0.0
31121,31081,A,1,0,0,0,1,0,1.0,-0.0
31123,31083,B,1,1,0,0,3,1,0.5,1.0
31139,31099,C,0,1,0,1,2,0,0.5,1.0
31147,31107,B,1,0,0,0,2,1,1.0,-0.0
31151,31111,C,0,1,0,1,2,0,0.5,1.0
31153,31113,E,1,0,0,0,3,2,1.0,-0.0
31159,31119,B,0,1,0,2,4,1,0.5555555555555556,0.9182958340544896
31177,31137,E,1,0,0,1,3,1,0.5,1.0
31181,31141,A,0,1,1,1,3,0,0.3333333333333333,1.584962500721156
31183,31143,B,0,0,2,0,3,1,1.0,-0.0
31189,31149,E,0,1,0,0,3,2,1.0,-0.0
31193,31153,A,1,0,0,0,1,0,1.0,-0.0
31219,31179,B,0,0,2,0,3,1,1.0,-0.0
31223,31183,C,0,0,1,0,1,0,1.0,-0.0
31231,31191,B,1,1,0,0,3,1,0.5,1.0
31237,31197,E,0,0,1,0,2,1,1.0,-0.0
31247,31207,C,0,1,0,1,2,0,0.5,1.0
31249,31209,E,0,1,1,0,3,1,0.5,1.0
31253,31213,A,1,0,4,0,5,0,0.68,0.7219280948873623
31259,31219,C,0,0,1,0,1,0,1.0,-0.0
31267,31227,B,0,0,1,1,3,1,0.5,1.0
31271,31231,C,0,0,1,0,1,0,1.0,-0.0
31277,31237,A,1,0,0,0,1,0,1.0,-0.0
31307,31267,C,0,0,1,0,1,0,1.0,-0.0
31319,31279,C,1,0,1,0,2,0,0.5,1.0
31321,31281,E,0,0,0,1,2,1,1.0,-0.0
31327,31287,B,1,0,0,0,2,1,1.0,-0.0
31333,31293,E,1,0,1,0,5,3,0.5,1.0
31337,31297,A,0,1,1,1,3,0,0.3333333333333333,1.584962500721156
31357,31317,E,2,0,0,1,4,1,0.5555555555555556,0.9182958340544896
31379,31339,C,1,0,1,2,4,0,0.375,1.5
31387,31347,B,0,0,1,0,7,6,1.0,-0.0
31391,31351,C,0,1,0,1,2,0,0.5,1.0
31393,31353,E,0,1,1,0,3,1,0.5,1.0
31397,31357,A,1,0,0,0,1,0,1.0,-0.0
31469,31429,A,0,2,0,0,2,0,1.0,-0.0
31477,31437,E,0,0,2,0,4,2,1.0,-0.0
31481,31441,A,0,0,0,2,2,0,1.0,-0.0
31489,31449,E,0,1,0,1,3,1,0.5,1.0
31511,31471,C,0,1,0,1,2,0,0.5,1.0
31513,31473,E,1,1,0,0,4,2,0.5,1.0
31517,31477,A,1,0,0,0,1,0,1.0,-0.0
31531,31491,B,0,0,1,0,3,2,1.0,-0.0
31541,31501,A,1,2,0,0,3,0,0.5555555555555556,0.9182958340544896
31543,31503,B,1,0,0,0,2,1,1.0,-0.0
31547,31507,C,0,0,3,0,3,0,1.0,-0.0
31567,31527,B,0,1,1,0,4,2,0.5,1.0
31573,31533,E,1,0,0,1,3,1,0.5,1.0
31583,31543,C,0,0,1,0,1,0,1.0,-0.0
31601,31561,A,2,0,0,0,2,0,1.0,-0.0
31607,31567,C,0,0,1,0,1,0,1.0,-0.0
31627,31587,B,0,1,0,0,2,1,1.0,-0.0
31643,31603,C,2,1,0,1,4,0,0.375,1.5
31649,31609,A,2,0,0,0,2,0,1.0,-0.0
31657,31617,E,0,0,1,0,4,3,1.0,-0.0
31663,31623,B,0,0,1,1,3,1,0.5,1.0
31667,31627,C,0,0,1,0,1,0,1.0,-0.0
31687,31647,B,0,1,1,1,4,1,0.3333333333333333,1.584962500721156
31699,31659,B,1,1,0,0,3,1,0.5,1.0
31721,31681,A,2,0,0,0,2,0,1.0,-0.0
31723,31683,B,0,0,0,2,3,1,1.0,-0.0
31727,31687,C,0,0,1,0,1,0,1.0,-0.0
31729,31689,E,0,0,1,1,4,2,0.5,1.0
31741,31701,E,0,0,1,0,2,1,1.0,-0.0
31751,31711,C,1,0,1,0,2,0,0.5,1.0
31769,31729,A,1,0,0,0,1,0,1.0,-0.0
31771,31731,B,0,0,1,1,3,1,0.5,1.0
31793,31753,A,0,2,0,0,2,0,1.0,-0.0
31799,31759,C,2,0,1,0,3,0,0.5555555555555556,0.9182958340544896
31817,31777,A,0,0,2,0,2,0,1.0,-0.0
31847,31807,C,0,1,0,1,2,0,0.5,1.0
31849,31809,E,0,1,0,1,3,1,0.5,1.0
31859,31819,C,0,1,0,1,2,0,0.5,1.0
31873,31833,E,0,0,0,1,6,5,1.0,-0.0
31883,31843,C,1,0,1,0,2,0,0.5,1.0
31891,31851,B,0,0,0,1,3,2,1.0,-0.0
31907,31867,C,0,1,0,1,2,0,0.5,1.0
31957,31917,E,0,0,1,0,2,1,1.0,-0.0
31963,31923,B,0,0,1,0,3,2,1.0,-0.0
31973,31933,A,0,0,0,2,2,0,1.0,-0.0
31981,31941,E,2,0,1,0,6,3,0.5555555555555556,0.9182958340544896
31991,31951,C,0,1,0,1,2,0,0.5,1.0
32003,31963,C,0,0,1,0,1,0,1.0,-0.0
32009,31969,A,0,0,2,0,2,0,1.0,-0.0
32027,31987,C,0,1,0,1,2,0,0.5,1.0
32029,31989,E,0,0,1,0,2,1,1.0,-0.0
32051,32011,C,0,2,1,0,3,0,0.5555555555555556,0.9182958340544896
32057,32017,A,0,2,0,0,2,0,1.0,-0.0
32059,32019,B,1,1,0,0,3,1,0.5,1.0
32063,32023,C,1,0,1,0,2,0,0.5,1.0
32069,32029,A,1,0,0,0,1,0,1.0,-0.0
32077,32037,E,1,0,0,1,3,1,0.5,1.0
32083,32043,B,0,0,0,2,3,1,1.0,-0.0
32089,32049,E,0,0,0,1,4,3,1.0,-0.0
32099,32059,C,0,0,1,0,1,0,1.0,-0.0
32117,32077,A,1,0,0,0,1,0,1.0,-0.0
32119,32079,B,1,2,0,0,4,1,0.5555555555555556,0.9182958340544896
32141,32101,A,0,0,0,2,2,0,1.0,-0.0
32143,32103,B,0,2,0,0,5,3,1.0,-0.0
32159,32119,C,0,0,1,0,1,0,1.0,-0.0
32173,32133,E,0,0,1,0,2,1,1.0,-0.0
32183,32143,C,0,0,1,0,1,0,1.0,-0.0
32189,32149,A,2,0,0,0,2,0,1.0,-0.0
32191,32151,B,0,0,2,0,3,1,1.0,-0.0
32203,32163,B,0,0,1,1,3,1,0.5,1.0
32213,32173,A,1,0,0,0,1,0,1.0,-0.0
32233,32193,E,1,0,2,0,5,2,0.5555555555555556,0.9182958340544896
32237,32197,A,0,0,0,2,2,0,1.0,-0.0
32251,32211,B,0,1,0,0,4,3,1.0,-0.0
32257,32217,E,0,0,0,1,2,1,1.0,-0.0
32261,32221,A,0,0,2,0,2,0,1.0,-0.0
32297,32257,A,1,0,0,0,1,0,1.0,-0.0
32299,32259,B,1,0,0,0,2,1,1.0,-0.0
32303,32263,C,0,0,1,2,3,0,0.5555555555555556,0.9182958340544896
32309,32269,A,1,0,0,2,3,0,0.5555555555555556,0.9182958340544896
32321,32281,A,0,0,2,0,2,0,1.0,-0.0
32323,32283,B,0,1,1,0,4,2,0.5,1.0
32327,32287,C,0,1,0,1,2,0,0.5,1.0
32341,32301,E,2,0,0,0,4,2,1.0,-0.0
32353,32313,E,0,0,1,0,2,1,1.0,-0.0
32359,32319,B,0,0,2,0,7,5,1.0,-0.0
32363,32323,C,0,0,1,0,1,0,1.0,-0.0
32369,32329,A,0,0,0,2,2,0,1.0,-0.0
32371,32331,B,2,0,0,0,3,1,1.0,-0.0
32377,32337,E,0,1,0,0,3,2,1.0,-0.0
32381,32341,A,1,0,0,0,1,0,1.0,-0.0
32401,32361,E,0,0,2,1,4,1,0.5555555555555556,0.9182958340544896
32411,32371,C,0,0,1,0,1,0,1.0,-0.0
32413,32373,E,1,0,0,1,5,3,0.5,1.0
32423,32383,C,1,1,0,1,3,0,0.3333333333333333,1.584962500721156
32429,32389,A,1,0,2,0,3,0,0.5555555555555556,0.9182958340544896
32441,32401,A,1,0,0,0,1,0,1.0,-0.0
32443,32403,B,0,0,2,0,3,1,1.0,-0.0
32467,32427,B,1,0,0,0,4,3,1.0,-0.0
32479,32439,B,0,0,0,2,3,1,1.0,-0.0
32491,32451,B,1,1,0,0,3,1,0.5,1.0
32497,32457,E,1,0,1,0,3,1,0.5,1.0
32503,32463,B,0,0,1,0,3,2,1.0,-0.0
32507,32467,C,0,0,1,0,1,0,1.0,-0.0
32531,32491,C,0,0,1,0,1,0,1.0,-0.0
32533,32493,E,0,0,1,0,2,1,1.0,-0.0
32537,32497,A,1,0,0,0,1,0,1.0,-0.0
32561,32521,A,0,2,0,0,2,0,1.0,-0.0
32563,32523,B,1,1,0,0,3,1,0.5,1.0
32569,32529,E,1,0,1,0,3,1,0.5,1.0
32573,32533,A,1,0,0,0,1,0,1.0,-0.0
32579,32539,C,1,0,1,0,2,0,0.5,1.0
32587,32547,B,0,0,2,0,3,1,1.0,-0.0
32603,32563,C,0,0,1,0,1,0,1.0,-0.0
32609,32569,A,1,0,0,0,1,0,1.0,-0.0
32611,32571,B,0,0,1,2,5,2,0.5555555555555556,0.9182958340544896
32621,32581,A,0,0,2,0,2,0,1.0,-0.0
32633,32593,A,0,0,0,2,2,0,1.0,-0.0
32647,32607,B,0,0,0,1,3,2,1.0,-0.0
32653,32613,E,0,1,1,0,3,1,0.5,1.0
32687,32647,C,0,0,1,0,1,0,1.0,-0.0
32693,32653,A,1,0,0,0,1,0,1.0,-0.0
32707,32667,B,0,1,0,0,2,1,1.0,-0.0
32713,32673,E,0,0,1,0,2,1,1.0,-0.0
32717,32677,A,0,2,0,0,2,0,1.0,-0.0
32719,32679,B,0,0,1,0,3,2,1.0,-0.0
32749,32709,E,0,0,1,0,2,1,1.0,-0.0
32771,32731,C,0,1,0,1,2,0,0.5,1.0
32779,32739,B,0,0,1,1,3,1,0.5,1.0
32783,32743,C,0,1,0,1,2,0,0.5,1.0
32789,32749,A,1,0,0,0,1,0,1.0,-0.0
32797,32757,E,1,0,0,1,3,1,0.5,1.0
32801,32761,A,2,0,0,0,2,0,1.0,-0.0
32803,32763,B,0,0,2,0,3,1,1.0,-0.0
32831,32791,C,0,0,1,2,3,0,0.5555555555555556,0.9182958340544896
32833,32793,E,0,1,1,0,3,1,0.5,1.0
32839,32799,B,1,2,0,0,4,1,0.5555555555555556,0.9182958340544896
32843,32803,C,0,0,1,0,1,0,1.0,-0.0
32869,32829,E,0,1,1,0,3,1,0.5,1.0
32887,32847,B,0,1,0,0,2,1,1.0,-0.0
32909,32869,A,1,0,0,0,1,0,1.0,-0.0
32911,32871,B,1,0,0,0,2,1,1.0,-0.0
32917,32877,E,1,1,0,0,4,2,0.5,1.0
32933,32893,A,1,0,2,0,3,0,0.5555555555555556,0.9182958340544896
32939,32899,C,0,1,0,1,2,0,0.5,1.0
32941,32901,E,1,0,0,1,3,1,0.5,1.0
32957,32917,A,1,0,0,0,1,0,1.0,-0.0
32969,32929,A,1,2,0,0,3,0,0.5555555555555556,0.9182958340544896
32971,32931,B,0,0,0,1,3,2,1.0,-0.0
32983,32943,B,0,0,2,0,3,1,1.0,-0.0
32987,32947,C,0,1,0,1,2,0,0.5,1.0
32993,32953,A,0,0,2,0,2,0,1.0,-0.0
32999,32959,C,0,1,0,1,2,0,0.5,1.0
33013,32973,E,0,1,1,0,3,1,0.5,1.0
33023,32983,C,0,0,1,0,1,0,1.0,-0.0
33029,32989,A,0,0,0,2,2,0,1.0,-0.0
33037,32997,E,0,1,0,1,3,1,0.5,1.0
33049,33009,E,0,0,0,1,2,1,1.0,-0.0
33053,33013,A,1,0,0,0,1,0,1.0,-0.0
33071,33031,C,0,2,1,0,3,0,0.5555555555555556,0.9182958340544896
33073,33033,E,1,0,1,2,5,1,0.375,1.5
33083,33043,C,0,1,0,1,2,0,0.5,1.0
33091,33051,B,0,0,0,2,3,1,1.0,-0.0
33107,33067,C,1,0,1,0,2,0,0.5,1.0
33113,33073,A,1,0,0,0,1,0,1.0,-0.0
33119,33079,C,1,0,1,0,2,0,0.5,1.0
33149,33109,A,0,2,0,0,2,0,1.0,-0.0
33151,33111,B,1,0,1,0,4,2,0.5,1.0
33161,33121,A,0,0,0,2,2,0,1.0,-0.0
33179,33139,C,1,0,1,0,2,0,0.5,1.0
33181,33141,E,0,0,1,0,2,1,1.0,-0.0
33191,33151,C,0,0,1,0,1,0,1.0,-0.0
33199,33159,B,0,0,2,0,3,1,1.0,-0.0
33203,33163,C,1,0,1,0,2,0,0.5,1.0
33211,33171,B,0,1,0,0,2,1,1.0,-0.0
33223,33183,B,0,1,0,0,4,3,1.0,-0.0
33247,33207,B,0,1,0,0,2,1,1.0,-0.0
33287,33247,C,0,0,1,0,1,0,1.0,-0.0
33289,33249,E,0,0,1,0,2,1,1.0,-0.0
33301,33261,E,0,0,0,1,2,1,1.0,-0.0
33311,33271,C,1,0,3,0,4,0,0.625,0.8112781244591328
33317,33277,A,0,0,0,2,2,0,1.0,-0.0
33329,33289,A,1,0,0,0,1,0,1.0,-0.0
33331,33291,B,0,1,0,0,6,5,1.0,-0.0
33343,33303,B,0,2,0,0,3,1,1.0,-0.0
33347,33307,C,1,0,1,0,2,0,0.5,1.0
33349,33309,E,0,1,0,0,3,2,1.0,-0.0
33353,33313,A,0,0,2,0,2,0,1.0,-0.0
33359,33319,C,1,1,0,1,3,0,0.3333333333333333,1.584962500721156
33377,33337,A,1,2,0,0,3,0,0.5555555555555556,0.9182958340544896
33391,33351,B,0,1,0,0,2,1,1.0,-0.0
33403,33363,B,1,0,0,1,4,2,0.5,1.0
33409,33369,E,0,0,2,1,4,1,0.5555555555555556,0.9182958340544896
33413,33373,A,0,0,0,2,2,0,1.0,-0.0
33427,33387,B,0,0,1,1,3,1,0.5,1.0
33457,33417,E,0,0,1,1,4,2,0.5,1.0
33461,33421,A,0,0,2,0,2,0,1.0,-0.0
33469,33429,E,0,1,0,1,3,1,0.5,1.0
33479,33439,C,0,2,1,0,3,0,0.5555555555555556,0.9182958340544896
33487,33447,B,1,0,0,0,2,1,1.0,-0.0
33493,33453,E,0,0,1,1,6,4,0.5,1.0
33503,33463,C,1,0,1,0,2,0,0.5,1.0
33521,33481,A,0,0,2,0,2,0,1.0,-0.0
33529,33489,E,2,0,0,0,4,2,1.0,-0.0
33533,33493,A,1,0,0,0,1,0,1.0,-0.0
33547,33507,B,1,1,0,0,5,3,0.5,1.0
33563,33523,C,1,0,1,0,2,0,0.5,1.0
33569,33529,A,1,0,0,0,1,0,1.0,-0.0
33577,33537,E,1,0,1,0,3,1,0.5,1.0
33581,33541,A,0,2,0,0,2,0,1.0,-0.0
33587,33547,C,0,0,1,0,1,0,1.0,-0.0
33589,33549,E,0,1,1,0,3,1,0.5,1.0
33599,33559,C,1,0,1,0,2,0,0.5,1.0
33601,33561,E,0,1,0,1,5,3,0.5,1.0
33613,33573,E,0,0,3,0,4,1,1.0,-0.0
33617,33577,A,1,0,0,0,1,0,1.0,-0.0
33619,33579,B,1,1,1,0,5,2,0.3333333333333333,1.584962500721156
33623,33583,C,0,0,1,2,3,0,0.5555555555555556,0.9182958340544896
33629,33589,A,1,0,0,0,1,0,1.0,-0.0
33637,33597,E,1,0,0,0,3,2,1.0,-0.0
33641,33601,A,1,0,0,0,1,0,1.0,-0.0
33647,33607,C,1,0,1,0,2,0,0.5,1.0
33679,33639,B,0,1,0,0,2,1,1.0,-0.0
33703,33663,B,1,0,2,0,4,1,0.5555555555555556,0.9182958340544896
33713,33673,A,0,0,2,0,2,0,1.0,-0.0
33721,33681,E,1,0,1,0,3,1,0.5,1.0
33739,33699,B,0,0,0,2,3,1,1.0,-0.0
33749,33709,A,2,0,0,0,2,0,1.0,-0.0
33751,33711,B,1,1,0,0,3,1,0.5,1.0
33757,33717,E,0,0,1,0,2,1,1.0,-0.0
33767,33727,C,0,1,0,1,2,0,0.5,1.0
33769,33729,E,0,0,0,1,2,1,1.0,-0.0
33773,33733,A,1,0,2,0,3,0,0.5555555555555556,0.9182958340544896
33791,33751,C,0,0,1,0,1,0,1.0,-0.0
33797,33757,A,1,0,0,0,1,0,1.0,-0.0
33809,33769,A,1,0,0,0,1,0,1.0,-0.0
33811,33771,B,1,0,0,0,2,1,1.0,-0.0
33827,33787,C,1,1,0,1,3,0,0.3333333333333333,1.584962500721156
33829,33789,E,1,0,1,0,3,1,0.5,1.0
33851,33811,C,0,0,1,0,1,0,1.0,-0.0
33857,33817,A,0,0,2,0,2,0,1.0,-0.0
33863,33823,C,0,1,0,1,2,0,0.5,1.0
33871,33831,B,0,0,1,1,5,3,0.5,1.0
33889,33849,E,0,1,0,0,3,2,1.0,-0.0
33893,33853,A,2,0,0,0,2,0,1.0,-0.0
33911,33871,C,0,0,1,0,1,0,1.0,-0.0
33923,33883,C,1,0,1,0,2,0,0.5,1.0
33931,33891,B,1,0,1,1,4,1,0.3333333333333333,1.584962500721156
33937,33897,E,0,0,1,0,2,1,1.0,-0.0
33941,33901,A,0,1,1,1,3,0,0.3333333333333333,1.584962500721156
33961,33921,E,1,0,0,0,3,2,1.0,-0.0
33967,33927,B,0,0,1,1,3,1,0.5,1.0
33997,33957,E,0,0,3,1,6,2,0.625,0.8112781244591328
34019,33979,C,0,1,0,1,2,0,0.5,1.0
34031,33991,C,1,0,1,0,2,0,0.5,1.0
34033,33993,E,0,0,0,1,4,3,1.0,-0.0
34039,33999,B,0,0,1,1,3,1,0.5,1.0
34057,34017,E,0,2,0,1,4,1,0.5555555555555556,0.9182958340544896
34061,34021,A,2,0,0,0,2,0,1.0,-0.0
34123,34083,B,1,0,1,0,4,2,0.5,1.0
34127,34087,C,0,1,0,1,2,0,0.5,1.0
34129,34089,E,1,0,0,1,3,1,0.5,1.0
34141,34101,E,1,0,0,0,5,4,1.0,-0.0
34147,34107,B,0,1,0,0,2,1,1.0,-0.0
34157,34117,A,2,0,0,0,2,0,1.0,-0.0
34159,34119,B,0,1,1,0,4,2,0.5,1.0
34171,34131,B,0,0,2,0,3,1,1.0,-0.0
34183,34143,B,0,0,1,1,3,1,0.5,1.0
34211,34171,C,0,0,1,0,1,0,1.0,-0.0
34213,34173,E,0,1,0,0,3,2,1.0,-0.0
34217,34177,A,1,0,0,2,3,0,0.5555555555555556,0.9182958340544896
34231,34191,B,0,1,0,1,4,2,0.5,1.0
34253,34213,A,1,0,0,0,1,0,1.0,-0.0
34259,34219,C,1,0,1,0,2,0,0.5,1.0
34261,34221,E,1,1,0,1,4,1,0.3333333333333333,1.584962500721156
34267,34227,B,0,0,0,1,3,2,1.0,-0.0
34273,34233,E,0,0,0,1,2,1,1.0,-0.0
34283,34243,C,0,0,1,2,3,0,0.5555555555555556,0.9182958340544896
34297,34257,E,1,0,1,0,3,1,0.5,1.0
34301,34261,A,1,0,0,0,1,0,1.0,-0.0
34303,34263,B,0,0,0,1,7,6,1.0,-0.0
34313,34273,A,1,0,0,0,1,0,1.0,-0.0
34319,34279,C,0,0,1,2,3,0,0.5555555555555556,0.9182958340544896
34327,34287,B,0,0,1,1,3,1,0.5,1.0
34337,34297,A,1,0,0,0,1,0,1.0,-0.0
34351,34311,B,1,0,0,0,2,1,1.0,-0.0
34361,34321,A,0,0,2,0,2,0,1.0,-0.0
34367,34327,C,0,0,1,0,1,0,1.0,-0.0
34369,34329,E,0,0,1,0,2,1,1.0,-0.0
34381,34341,E,0,0,0,1,2,1,1.0,-0.0
34403,34363,C,1,0,1,0,2,0,0.5,1.0
34421,34381,A,1,0,0,0,1,0,1.0,-0.0
34429,34389,E,0,1,0,0,3,2,1.0,-0.0
34439,34399,C,0,1,0,1,2,0,0.5,1.0
34457,34417,A,0,0,2,0,2,0,1.0,-0.0
34469,34429,A,1,0,0,0,1,0,1.0,-0.0
34471,34431,B,0,0,1,1,3,1,0.5,1.0
34483,34443,B,0,1,1,0,4,2,0.5,1.0
34487,34447,C,1,0,3,0,4,0,0.625,0.8112781244591328
34499,34459,C,0,1,0,1,2,0,0.5,1.0
34501,34461,E,0,0,2,0,4,2,1.0,-0.0
34511,34471,C,0,0,1,0,1,0,1.0,-0.0
34513,34473,E,0,0,1,0,2,1,1.0,-0.0
34519,34479,B,0,1,0,0,4,3,1.0,-0.0
34537,34497,E,0,1,0,0,3,2,1.0,-0.0
34543,34503,B,0,1,2,0,4,1,0.5555555555555556,0.9182958340544896
34549,34509,E,0,0,1,0,2,1,1.0,-0.0
34583,34543,C,0,0,1,0,1,0,1.0,-0.0
34589,34549,A,1,0,0,0,1,0,1.0,-0.0
34591,34551,B,1,0,0,1,4,2,0.5,1.0
34603,34563,B,0,2,0,0,3,1,1.0,-0.0
34607,34567,C,1,0,1,0,2,0,0.5,1.0
34613,34573,A,0,1,1,1,3,0,0.3333333333333333,1.584962500721156
34631,34591,C,0,0,1,0,1,0,1.0,-0.0
34649,34609,A,0,2,0,0,2,0,1.0,-0.0
34651,34611,B,0,0,1,1,3,1,0.5,1.0
34667,34627,C,1,0,1,0,2,0,0.5,1.0
34673,34633,A,0,0,0,2,2,0,1.0,-0.0
34679,34639,C,0,0,1,2,3,0,0.5555555555555556,0.9182958340544896
34687,34647,B,0,1,0,0,2,1,1.0,-0.0
34693,34653,E,0,0,1,0,2,1,1.0,-0.0
34703,34663,C,0,1,0,1,2,0,0.5,1.0
34721,34681,A,0,0,2,0,2,0,1.0,-0.0
34729,34689,E,1,0,1,0,3,1,0.5,1.0
34739,34699,C,1,0,1,0,2,0,0.5,1.0
34747,34707,B,0,0,0,2,3,1,1.0,-0.0
34757,34717,A,0,2,0,0,2,0,1.0,-0.0
34759,34719,B,0,0,1,1,3,1,0.5,1.0
34763,34723,C,1,0,1,0,2,0,0.5,1.0
34781,34741,A,1,0,2,0,3,0,0.5555555555555556,0.9182958340544896
34807,34767,B,0,0,0,1,3,2,1.0,-0.0
34819,34779,B,1,0,0,0,2,1,1.0,-0.0
34841,34801,A,2,0,0,0,2,0,1.0,-0.0
34843,34803,B,0,1,0,0,4,3,1.0,-0.0
34847,34807,C,0,0,1,0,1,0,1.0,-0.0
34849,34809,E,0,1,1,0,3,1,0.5,1.0
34871,34831,C,1,0,1,0,2,0,0.5,1.0
34877,34837,A,0,0,0,2,2,0,1.0,-0.0
34883,34843,C,0,0,1,0,1,0,1.0,-0.0
34897,34857,E,0,0,1,0,4,3,1.0,-0.0
34913,34873,A,0,0,2,0,2,0,1.0,-0.0
34919,34879,C,1,0,1,0,2,0,0.5,1.0
34939,34899,B,0,1,0,0,2,1,1.0,-0.0
34949,34909,A,0,0,2,0,2,0,1.0,-0.0
34961,34921,A,0,0,0,2,2,0,1.0,-0.0
34963,34923,B,0,0,2,0,3,1,1.0,-0.0
34981,34941,E,1,0,1,0,3,1,0.5,1.0
35023,34983,B,2,0,0,1,5,2,0.5555555555555556,0.9182958340544896
35027,34987,C,0,1,0,1,2,0,0.5,1.0
35051,35011,C,1,0,1,0,2,0,0.5,1.0
35053,35013,E,0,1,0,1,3,1,0.5,1.0
35059,35019,B,1,0,0,0,4,3,1.0,-0.0
35069,35029,A,0,0,0,2,2,0,1.0,-0.0
35081,35041,A,0,0,2,0,2,0,1.0,-0.0
35083,35043,B,0,1,0,0,2,1,1.0,-0.0
35089,35049,E,1,0,1,0,3,1,0.5,1.0
35099,35059,C,0,0,1,0,1,0,1.0,-0.0
35107,35067,B,1,0,0,0,2,1,1.0,-0.0
35111,35071,C,0,1,0,1,2,0,0.5,1.0
35117,35077,A,0,0,2,0,2,0,1.0,-0.0
35129,35089,A,1,0,0,0,1,0,1.0,-0.0
35141,35101,A,0,0,0,2,2,0,1.0,-0.0
35149,35109,E,0,0,0,2,4,2,1.0,-0.0
35153,35113,A,3,0,0,0,3,0,1.0,-0.0
35159,35119,C,0,2,1,0,3,0,0.5555555555555556,0.9182958340544896
35171,35131,C,0,0,3,0,3,0,1.0,-0.0
35201,35161,A,0,0,2,0,2,0,1.0,-0.0
35221,35181,E,0,0,1,0,4,3,1.0,-0.0
35227,35187,B,1,1,0,0,3,1,0.5,1.0
35251,35211,B,1,0,0,2,4,1,0.5555555555555556,0.9182958340544896
35257,35217,E,1,0,2,0,5,2,0.5555555555555556,0.9182958340544896
35267,35227,C,0,0,1,0,1,0,1.0,-0.0
35279,35239,C,0,1,0,1,2,0,0.5,1.0
35281,35241,E,0,1,1,0,3,1,0.5,1.0
35291,35251,C,0,0,1,0,1,0,1.0,-0.0
35311,35271,B,0,0,1,0,3,2,1.0,-0.0
35317,35277,E,1,0,0,1,3,1,0.5,1.0
35323,35283,B,0,0,2,0,3,1,1.0,-0.0
35327,35287,C,0,0,1,2,3,0,0.5555555555555556,0.9182958340544896
35339,35299,C,0,1,0,1,2,0,0.5,1.0
35353,35313,E,0,1,1,0,3,1,0.5,1.0
35363,35323,C,0,0,1,0,1,0,1.0,-0.0
35381,35341,A,0,0,0,2,2,0,1.0,-0.0
35393,35353,A,1,0,0,0,1,0,1.0,-0.0
35401,35361,E,0,1,0,0,3,2,1.0,-0.0
35407,35367,B,0,1,0,0,2,1,1.0,-0.0
35419,35379,B,0,0,1,0,3,2,1.0,-0.0
35423,35383,C,0,1,0,1,2,0,0.5,1.0
35437,35397,E,0,0,1,1,6,4,0.5,1.0
35447,35407,C,0,0,1,0,1,0,1.0,-0.0
35449,35409,E,1,1,0,1,4,1,0.3333333333333333,1.584962500721156
35461,35421,E,0,0,0,1,2,1,1.0,-0.0
35491,35451,B,1,1,0,0,5,3,0.5,1.0
35507,35467,C,0,1,0,1,2,0,0.5,1.0
35509,35469,E,0,0,1,1,4,2,0.5,1.0
35521,35481,E,0,0,1,0,2,1,1.0,-0.0
35527,35487,B,0,0,1,0,3,2,1.0,-0.0
35531,35491,C,0,0,1,0,1,0,1.0,-0.0
35533,35493,E,0,0,0,1,2,1,1.0,-0.0
35537,35497,A,0,1,1,1,3,0,0.3333333333333333,1.584962500721156
35543,35503,C,1,0,1,0,2,0,0.5,1.0
35569,35529,E,1,0,0,1,3,1,0.5,1.0
35573,35533,A,1,0,0,0,1,0,1.0,-0.0
35591,35551,C,1,0,1,0,2,0,0.5,1.0
35593,35553,E,1,0,1,0,3,1,0.5,1.0
35597,35557,A,1,0,2,0,3,0,0.5555555555555556,0.9182958340544896
35603,35563,C,1,1,0,1,3,0,0.3333333333333333,1.584962500721156
35617,35577,E,0,0,1,1,4,2,0.5,1.0
35671,35631,B,1,0,0,1,4,2,0.5,1.0
35677,35637,E,0,1,1,0,3,1,0.5,1.0
35729,35689,A,0,2,0,0,2,0,1.0,-0.0
35731,35691,B,0,1,0,0,2,1,1.0,-0.0
35747,35707,C,1,0,1,0,2,0,0.5,1.0
35753,35713,A,0,0,0,2,2,0,1.0,-0.0
35759,35719,C,0,1,0,1,2,0,0.5,1.0
35771,35731,C,0,0,1,0,1,0,1.0,-0.0
35797,35757,E,0,2,0,0,4,2,1.0,-0.0
35801,35761,A,0,0,0,2,2,0,1.0,-0.0
35803,35763,B,1,0,1,1,4,1,0.3333333333333333,1.584962500721156
35809,35769,E,0,0,1,0,2,1,1.0,-0.0
35831,35791,C,1,0,1,0,2,0,0.5,1.0
35837,35797,A,1,0,0,0,1,0,1.0,-0.0
35839,35799,B,0,1,0,0,2,1,1.0,-0.0
35851,35811,B,0,1,0,1,4,2,0.5,1.0
35863,35823,B,1,0,0,0,2,1,1.0,-0.0
35869,35829,E,0,0,1,0,4,3,1.0,-0.0
35879,35839,C,0,0,1,0,1,0,1.0,-0.0
35897,35857,A,0,0,0,2,2,0,1.0,-0.0
35899,35859,B,1,0,0,0,2,1,1.0,-0.0
35911,35871,B,0,0,1,1,3,1,0.5,1.0
35923,35883,B,0,0,0,1,5,4,1.0,-0.0
35933,35893,A,1,0,0,2,3,0,0.5555555555555556,0.9182958340544896
35951,35911,C,0,0,1,0,1,0,1.0,-0.0
35963,35923,C,0,0,1,0,1,0,1.0,-0.0
35969,35929,A,1,0,2,0,3,0,0.5555555555555556,0.9182958340544896
35977,35937,E,0,0,0,3,6,3,1.0,-0.0
35983,35943,B,0,1,0,0,2,1,1.0,-0.0
35993,35953,A,2,0,0,0,2,0,1.0,-0.0
35999,35959,C,0,0,1,2,3,0,0.5555555555555556,0.9182958340544896
36007,35967,B,0,0,2,0,3,1,1.0,-0.0
36011,35971,C,1,0,1,0,2,0,0.5,1.0
36013,35973,E,0,0,2,0,4,2,1.0,-0.0
36017,35977,A,1,0,0,0,1,0,1.0,-0.0
36037,35997,E,2,0,0,1,4,1,0.5555555555555556,0.9182958340544896
36061,36021,E,0,0,1,0,2,1,1.0,-0.0
36067,36027,B,0,0,1,0,3,2,1.0,-0.0
36073,36033,E,0,0,0,1,2,1,1.0,-0.0
36083,36043,C,0,0,3,0,3,0,1.0,-0.0
36097,36057,E,0,2,1,0,4,1,0.5555555555555556,0.9182958340544896
36107,36067,C,0,0,1,0,1,0,1.0,-0.0
36109,36069,E,1,0,0,1,3,1,0.5,1.0
36131,36091,C,1,1,0,1,3,0,0.3333333333333333,1.584962500721156
36137,36097,A,1,0,0,0,1,0,1.0,-0.0
36151,36111,B,1,0,0,0,2,1,1.0,-0.0
36161,36121,A,0,2,0,0,2,0,1.0,-0.0
36187,36147,B,1,0,0,0,2,1,1.0,-0.0
36191,36151,C,0,0,1,0,1,0,1.0,-0.0
36209,36169,A,0,0,2,0,2,0,1.0,-0.0
36217,36177,E,0,1,1,0,3,1,0.5,1.0
36229,36189,E,1,0,0,0,3,2,1.0,-0.0
36241,36201,E,0,1,0,1,3,1,0.5,1.0
36251,36211,C,0,0,3,0,3,0,1.0,-0.0
36263,36223,C,1,1,0,1,3,0,0.3333333333333333,1.584962500721156
36269,36229,A,1,0,0,0,1,0,1.0,-0.0
36277,36237,E,0,1,0,1,3,1,0.5,1.0
36293,36253,A,0,0,2,0,2,0,1.0,-0.0
36299,36259,C,0,1,0,1,2,0,0.5,1.0
36307,36267,B,1,0,1,1,4,1,0.3333333333333333,1.584962500721156
36313,36273,E,0,1,0,1,3,1,0.5,1.0
36319,36279,B,0,1,1,0,4,2,0.5,1.0
36341,36301,A,0,0,2,0,2,0,1.0,-0.0
36343,36303,B,0,1,0,0,2,1,1.0,-0.0
36353,36313,A,1,0,0,0,1,0,1.0,-0.0
36373,36333,E,0,0,1,1,4,2,0.5,1.0
36383,36343,C,0,0,1,0,1,0,1.0,-0.0
36389,36349,A,0,0,2,0,2,0,1.0,-0.0
36433,36393,E,0,1,1,0,3,1,0.5,1.0
36451,36411,B,1,1,0,0,3,1,0.5,1.0
36457,36417,E,1,0,1,0,3,1,0.5,1.0
36467,36427,C,1,0,1,0,2,0,0.5,1.0
36469,36429,E,0,0,0,1,2,1,1.0,-0.0
36473,36433,A,1,0,0,0,1,0,1.0,-0.0
36479,36439,C,1,0,1,0,2,0,0.5,1.0
36493,36453,E,0,1,0,1,3,1,0.5,1.0
36497,36457,A,1,0,0,0,1,0,1.0,-0.0
36523,36483,B,0,1,0,0,2,1,1.0,-0.0
36527,36487,C,0,0,1,2,3,0,0.5555555555555556,0.9182958340544896
36529,36489,E,0,0,1,0,2,1,1.0,-0.0
36541,36501,E,0,0,0,3,4,1,1.0,-0.0
36551,36511,C,0,1,0,1,2,0,0.5,1.0
36559,36519,B,1,0,1,1,4,1,0.3333333333333333,1.584962500721156
36563,36523,C,0,0,1,0,1,0,1.0,-0.0
36571,36531,B,0,1,0,1,6,4,0.5,1.0
36583,36543,B,2,0,0,0,3,1,1.0,-0.0
36587,36547,C,0,0,1,2,3,0,0.5555555555555556,0.9182958340544896
36599,36559,C,0,0,1,0,1,0,1.0,-0.0
36607,36567,B,0,1,0,1,4,2,0.5,1.0
36629,36589,A,0,0,2,0,2,0,1.0,-0.0
36637,36597,E,0,1,0,1,3,1,0.5,1.0
36643,36603,B,0,0,2,1,5,2,0.5555555555555556,0.9182958340544896
36653,36613,A,0,1,1,1,3,0,0.3333333333333333,1.584962500721156
36671,36631,C,1,0,1,0,2,0,0.5,1.0
36677,36637,A,1,0,0,0,1,0,1.0,-0.0
36683,36643,C,0,0,1,0,1,0,1.0,-0.0
36691,36651,B,0,0,2,0,3,1,1.0,-0.0
36697,36657,E,0,1,0,0,3,2,1.0,-0.0
36709,36669,E,0,1,0,1,3,1,0.5,1.0
36713,36673,A,2,0,2,0,4,0,0.5,1.0
36721,36681,E,0,0,0,1,2,1,1.0,-0.0
36739,36699,B,1,1,0,0,3,1,0.5,1.0
36749,36709,A,1,0,0,0,1,0,1.0,-0.0
36761,36721,A,1,0,0,0,1,0,1.0,-0.0
36767,36727,C,1,0,1,0,2,0,0.5,1.0
36779,36739,C,0,0,1,0,1,0,1.0,-0.0
36781,36741,E,1,0,1,0,3,1,0.5,1.0
36787,36747,B,0,1,0,0,4,3,1.0,-0.0
36791,36751,C,1,1,0,1,3,0,0.3333333333333333,1.584962500721156
36793,36753,E,0,0,0,1,2,1,1.0,-0.0
36809,36769,A,0,0,0,2,2,0,1.0,-0.0
36821,36781,A,1,0,0,0,1,0,1.0,-0.0
36833,36793,A,1,0,0,0,1,0,1.0,-0.0
36847,36807,B,0,1,0,0,2,1,1.0,-0.0
36857,36817,A,0,0,0,2,2,0,1.0,-0.0
36871,36831,B,1,0,0,0,2,1,1.0,-0.0
36877,36837,E,1,0,0,0,3,2,1.0,-0.0
36887,36847,C,0,0,1,0,1,0,1.0,-0.0
36899,36859,C,0,2,1,0,3,0,0.5555555555555556,0.9182958340544896
36901,36861,E,1,0,0,1,3,1,0.5,1.0
36913,36873,E,1,1,0,0,4,2,0.5,1.0
36919,36879,B,0,0,1,1,3,1,0.5,1.0
36923,36883,C,0,0,1,2,3,0,0.5555555555555556,0.9182958340544896
36929,36889,A,2,0,0,0,2,0,1.0,-0.0
36931,36891,B,0,0,1,0,3,2,1.0,-0.0
36943,36903,B,1,0,0,0,2,1,1.0,-0.0
36947,36907,C,1,1,0,1,3,0,0.3333333333333333,1.584962500721156
36973,36933,E,1,0,0,1,3,1,0.5,1.0
36979,36939,B,0,0,2,0,3,1,1.0,-0.0
36997,36957,E,1,0,1,0,3,1,0.5,1.0
37003,36963,B,2,0,0,0,5,3,1.0,-0.0
37013,36973,A,1,0,0,0,1,0,1.0,-0.0
37019,36979,C,0,0,1,0,1,0,1.0,-0.0
37021,36981,E,0,0,1,1,4,2,0.5,1.0
37039,36999,B,0,0,1,0,3,2,1.0,-0.0
37049,37009,A,0,1,1,1,3,0,0.3333333333333333,1.584962500721156
37057,37017,E,1,0,0,0,5,4,1.0,-0.0
37061,37021,A,1,0,0,0,1,0,1.0,-0.0
37087,37047,B,0,2,0,0,3,1,1.0,-0.0
37097,37057,A,1,0,0,0,1,0,1.0,-0.0
37117,37077,E,0,1,1,0,3,1,0.5,1.0
37123,37083,B,0,0,0,2,3,1,1.0,-0.0
37139,37099,C,0,1,0,1,2,0,0.5,1.0
37159,37119,B,1,0,0,0,2,1,1.0,-0.0
37171,37131,B,0,1,0,0,2,1,1.0,-0.0
37181,37141,A,2,0,0,0,2,0,1.0,-0.0
37189,37149,E,1,1,1,0,4,1,0.3333333333333333,1.584962500721156
37199,37159,C,0,0,1,0,1,0,1.0,-0.0
37201,37161,E,1,0,0,0,3,2,1.0,-0.0
37217,37177,A,0,1,1,1,3,0,0.3333333333333333,1.584962500721156
37223,37183,C,0,0,3,0,3,0,1.0,-0.0
37243,37203,B,0,1,0,0,2,1,1.0,-0.0
37253,37213,A,0,1,1,1,3,0,0.3333333333333333,1.584962500721156
37273,37233,E,0,1,1,0,5,3,0.5,1.0
37277,37237,A,0,0,0,2,2,0,1.0,-0.0
37307,37267,C,0,1,0,1,2,0,0.5,1.0
37309,37269,E,0,2,0,0,4,2,1.0,-0.0
37313,37273,A,1,0,0,0,1,0,1.0,-0.0
37321,37281,E,0,2,1,0,4,1,0.5555555555555556,0.9182958340544896
37337,37297,A,1,0,2,0,3,0,0.5555555555555556,0.9182958340544896
37339,37299,B,1,0,0,0,2,1,1.0,-0.0
37357,37317,E,1,0,1,0,3,1,0.5,1.0
37361,37321,A,1,0,0,0,1,0,1.0,-0.0
37363,37323,B,1,1,0,1,5,2,0.3333333333333333,1.584962500721156
37369,37329,E,1,0,0,1,3,1,0.5,1.0
37379,37339,C,0,0,1,0,1,0,1.0,-0.0
37397,37357,A,1,0,0,0,1,0,1.0,-0.0
37409,37369,A,1,0,0,0,1,0,1.0,-0.0
37423,37383,B,1,1,0,0,3,1,0.5,1.0
37441,37401,E,1,1,1,0,4,1,0.3333333333333333,1.584962500721156
37447,37407,B,2,0,0,0,3,1,1.0,-0.0
37463,37423,C,0,0,1,0,1,0,1.0,-0.0
37483,37443,B,0,0,2,0,3,1,1.0,-0.0
37489,37449,E,1,0,1,0,5,3,0.5,1.0
37493,37453,A,1,0,2,0,3,0,0.5555555555555556,0.9182958340544896
37501,37461,E,0,0,1,0,2,1,1.0,-0.0
37507,37467,B,1,0,0,1,4,2,0.5,1.0
37511,37471,C,0,2,1,0,3,0,0.5555555555555556,0.9182958340544896
37517,37477,A,0,0,0,2,2,0,1.0,-0.0
37529,37489,A,1,0,0,0,1,0,1.0,-0.0
37537,37497,E,0,1,0,1,3,1,0.5,1.0
37547,37507,C,0,0,1,0,1,0,1.0,-0.0
37549,37509,E,0,0,0,1,2,1,1.0,-0.0
37561,37521,E,0,0,1,1,4,2,0.5,1.0
37567,37527,B,0,0,1,1,3,1,0.5,1.0
37571,37531,C,1,0,1,0,2,0,0.5,1.0
37573,37533,E,0,0,1,0,2,1,1.0,-0.0
37579,37539,B,1,0,1,0,4,2,0.5,1.0
37589,37549,A,1,0,0,0,1,0,1.0,-0.0
37591,37551,B,1,0,0,0,2,1,1.0,-0.0
37607,37567,C,0,0,1,0,1,0,1.0,-0.0
37619,37579,C,0,0,1,0,1,0,1.0,-0.0
37633,37593,E,1,0,0,0,3,2,1.0,-0.0
37643,37603,C,1,0,1,0,2,0,0.5,1.0
37649,37609,A,1,0,0,2,3,0,0.5555555555555556,0.9182958340544896
37657,37617,E,0,0,0,1,2,1,1.0,-0.0
37663,37623,B,1,0,0,0,2,1,1.0,-0.0
37691,37651,C,0,1,0,1,2,0,0.5,1.0
37693,37653,E,0,0,2,1,4,1,0.5555555555555556,0.9182958340544896
37699,37659,B,1,0,0,0,2,1,1.0,-0.0
37717,37677,E,1,0,1,0,3,1,0.5,1.0
37747,37707,B,0,1,0,0,2,1,1.0,-0.0
37781,37741,A,1,0,0,2,3,0,0.5555555555555556,0.9182958340544896
37783,37743,B,0,0,1,1,3,1,0.5,1.0
37799,37759,C,1,0,1,0,2,0,0.5,1.0
37811,37771,C,0,1,0,1,2,0,0.5,1.0
37813,37773,E,0,0,1,0,4,3,1.0,-0.0
37831,37791,B,1,1,1,0,5,2,0.3333333333333333,1.584962500721156
37847,37807,C,0,0,1,2,3,0,0.5555555555555556,0.9182958340544896
37853,37813,A,1,0,0,0,1,0,1.0,-0.0
37861,37821,E,1,0,1,0,3,1,0.5,1.0
37871,37831,C,0,0,1,0,1,0,1.0,-0.0
37879,37839,B,1,0,0,0,2,1,1.0,-0.0
37889,37849,A,0,0,2,0,2,0,1.0,-0.0
37897,37857,E,0,0,1,0,2,1,1.0,-0.0
37907,37867,C,1,0,1,0,2,0,0.5,1.0
37951,37911,B,1,0,0,0,2,1,1.0,-0.0
37957,37917,E,0,0,0,2,4,2,1.0,-0.0
37963,37923,B,0,1,0,0,2,1,1.0,-0.0
37967,37927,C,1,1,0,1,3,0,0.3333333333333333,1.584962500721156
37987,37947,B,1,0,2,0,4,1,0.5555555555555556,0.9182958340544896
37991,37951,C,0,0,1,0,1,0,1.0,-0.0
37993,37953,E,0,1,0,0,3,2,1.0,-0.0
37997,37957,A,1,0,0,0,1,0,1.0,-0.0
38011,37971,B,0,0,1,0,3,2,1.0,-0.0
38039,37999,C,2,0,1,0,3,0,0.5555555555555556,0.9182958340544896
38047,38007,B,0,1,1,0,4,2,0.5,1.0
38053,38013,E,0,0,0,1,2,1,1.0,-0.0
38069,38029,A,0,2,0,0,2,0,1.0,-0.0
38083,38043,B,0,1,0,0,4,3,1.0,-0.0
38113,38073,E,1,0,3,0,5,1,0.625,0.8112781244591328
38119,38079,B,0,0,1,0,3,2,1.0,-0.0
38149,38109,E,0,0,1,0,2,1,1.0,-0.0
38153,38113,A,1,0,0,0,1,0,1.0,-0.0
38167,38127,B,0,0,0,2,3,1,1.0,-0.0
38177,38137,A,0,0,0,2,2,0,1.0,-0.0
38183,38143,C,1,0,1,0,2,0,0.5,1.0
38189,38149,A,1,0,0,0,1,0,1.0,-0.0
38197,38157,E,0,0,2,1,4,1,0.5555555555555556,0.9182958340544896
38201,38161,A,0,0,2,0,2,0,1.0,-0.0
38219,38179,C,1,0,1,0,2,0,0.5,1.0
38231,38191,C,1,0,1,0,2,0,0.5,1.0
38237,38197,A,1,0,0,0,1,0,1.0,-0.0
38239,38199,B,0,1,1,1,4,1,0.3333333333333333,1.584962500721156
38261,38221,A,2,0,0,0,2,0,1.0,-0.0
38273,38233,A,1,2,0,0,3,0,0.5555555555555556,0.9182958340544896
38281,38241,E,0,0,2,0,4,2,1.0,-0.0
38287,38247,B,1,0,1,1,4,1,0.3333333333333333,1.584962500721156
38299,38259,B,2,0,0,0,5,3,1.0,-0.0
38303,38263,C,0,1,0,1,2,0,0.5,1.0
38317,38277,E,0,1,0,0,3,2,1.0,-0.0
38321,38281,A,1,0,0,0,1,0,1.0,-0.0
38327,38287,C,0,0,1,0,1,0,1.0,-0.0
38329,38289,E,0,0,1,0,2,1,1.0,-0.0
38333,38293,A,0,2,0,0,2,0,1.0,-0.0
38351,38311,C,2,0,1,0,3,0,0.5555555555555556,0.9182958340544896
38371,38331,B,0,0,0,1,3,2,1.0,-0.0
38377,38337,E,1,0,0,1,3,1,0.5,1.0
38393,38353,A,0,0,2,0,2,0,1.0,-0.0
38431,38391,B,0,0,1,1,3,1,0.5,1.0
38447,38407,C,1,0,1,0,2,0,0.5,1.0
38449,38409,E,0,0,2,1,4,1,0.5555555555555556,0.9182958340544896
38453,38413,A,0,0,0,2,2,0,1.0,-0.0
38459,38419,C,1,0,1,0,2,0,0.5,1.0
38461,38421,E,0,0,1,0,4,3,1.0,-0.0
38501,38461,A,1,0,0,0,1,0,1.0,-0.0
38543,38503,C,1,0,1,0,2,0,0.5,1.0
38557,38517,E,1,0,0,1,3,1,0.5,1.0
38561,38521,A,0,0,2,0,2,0,1.0,-0.0
38567,38527,C,0,1,0,1,2,0,0.5,1.0
38569,38529,E,0,0,0,1,4,3,1.0,-0.0
38593,38553,E,1,0,0,1,3,1,0.5,1.0
38603,38563,C,0,0,3,0,3,0,1.0,-0.0
38609,38569,A,1,0,0,0,1,0,1.0,-0.0
38611,38571,B,1,0,1,1,4,1,0.3333333333333333,1.584962500721156
38629,38589,E,0,1,1,0,3,1,0.5,1.0
38639,38599,C,0,1,0,3,4,0,0.625,0.8112781244591328
38651,38611,C,0,0,1,0,1,0,1.0,-0.0
38653,38613,E,1,0,1,0,3,1,0.5,1.0
38669,38629,A,1,0,0,0,1,0,1.0,-0.0
38671,38631,B,0,0,2,0,3,1,1.0,-0.0
38677,38637,E,0,1,0,0,7,6,1.0,-0.0
38693,38653,A,1,0,0,0,1,0,1.0,-0.0
38699,38659,C,1,0,1,0,2,0,0.5,1.0
38707,38667,B,1,0,0,0,2,1,1.0,-0.0
38711,38671,C,0,0,1,0,1,0,1.0,-0.0
38713,38673,E,1,0,0,0,3,2,1.0,-0.0
38723,38683,C,0,1,0,1,2,0,0.5,1.0
38729,38689,A,0,0,2,0,2,0,1.0,-0.0
38737,38697,E,0,0,0,1,2,1,1.0,-0.0
38747,38707,C,0,0,1,0,1,0,1.0,-0.0
38749,38709,E,0,1,0,2,5,2,0.5555555555555556,0.9182958340544896
38767,38727,B,1,0,1,0,4,2,0.5,1.0
38783,38743,C,0,2,1,0,3,0,0.5555555555555556,0.9182958340544896
38791,38751,B,0,1,0,0,2,1,1.0,-0.0
38803,38763,B,1,0,0,1,4,2,0.5,1.0
38821,38781,E,0,0,2,0,4,2,1.0,-0.0
38833,38793,E,1,0,1,0,3,1,0.5,1.0
38839,38799,B,0,0,0,1,5,4,1.0,-0.0
38851,38811,B,0,2,0,0,3,1,1.0,-0.0
38861,38821,A,1,0,0,0,1,0,1.0,-0.0
38867,38827,C,0,1,0,1,2,0,0.5,1.0
38873,38833,A,1,0,0,0,1,0,1.0,-0.0
38891,38851,C,0,0,1,0,1,0,1.0,-0.0
38903,38863,C,0,1,0,1,2,0,0.5,1.0
38917,38877,E,0,0,0,1,2,1,1.0,-0.0
38921,38881,A,0,0,0,2,2,0,1.0,-0.0
38923,38883,B,2,0,0,0,3,1,1.0,-0.0
38933,38893,A,0,1,1,1,3,0,0.3333333333333333,1.584962500721156
38953,38913,E,1,1,1,0,4,1,0.3333333333333333,1.584962500721156
38959,38919,B,1,0,0,0,2,1,1.0,-0.0
38971,38931,B,0,0,1,1,3,1,0.5,1.0
38977,38937,E,0,0,1,0,2,1,1.0,-0.0
38993,38953,A,1,0,0,0,1,0,1.0,-0.0
39019,38979,B,1,0,0,1,4,2,0.5,1.0
39023,38983,C,1,0,1,0,2,0,0.5,1.0
39041,39001,A,0,0,2,0,2,0,1.0,-0.0
39043,39003,B,0,1,0,0,2,1,1.0,-0.0
39047,39007,C,1,0,1,0,2,0,0.5,1.0
39079,39039,B,2,0,1,1,5,1,0.375,1.5
39089,39049,A,0,2,0,0,2,0,1.0,-0.0
39097,39057,E,1,0,0,1,3,1,0.5,1.0
39103,39063,B,0,2,0,0,3,1,1.0,-0.0
39107,39067,C,1,0,1,0,2,0,0.5,1.0
39113,39073,A,0,2,0,0,2,0,1.0,-0.0
39119,39079,C,0,0,1,0,1,0,1.0,-0.0
39133,39093,E,1,0,0,1,3,1,0.5,1.0
39139,39099,B,1,0,0,0,2,1,1.0,-0.0
39157,39117,E,1,1,0,1,4,1,0.3333333333333333,1.584962500721156
39161,39121,A,0,1,1,1,3,0,0.3333333333333333,1.584962500721156
39163,39123,B,0,0,1,1,7,5,0.5,1.0
39181,39141,E,0,1,0,0,3,2,1.0,-0.0
39191,39151,C,0,1,2,1,4,0,0.375,1.5
39199,39159,B,1,0,1,0,4,2,0.5,1.0
39209,39169,A,1,0,0,2,3,0,0.5555555555555556,0.9182958340544896
39217,39177,E,0,0,0,1,4,3,1.0,-0.0
39227,39187,C,0,1,0,1,2,0,0.5,1.0
39229,39189,E,0,0,1,0,2,1,1.0,-0.0
39233,39193,A,0,1,1,1,3,0,0.3333333333333333,1.584962500721156
39239,39199,C,0,0,1,0,1,0,1.0,-0.0
39241,39201,E,1,0,0,1,3,1,0.5,1.0
39251,39211,C,0,1,0,1,2,0,0.5,1.0
39293,39253,A,0,2,0,0,2,0,1.0,-0.0
39301,39261,E,0,1,0,1,3,1,0.5,1.0
39313,39273,E,1,1,1,0,4,1,0.3333333333333333,1.584962500721156
39317,39277,A,1,0,2,0,3,0,0.5555555555555556,0.9182958340544896
39323,39283,C,1,0,1,0,2,0,0.5,1.0
39341,39301,A,1,0,0,0,1,0,1.0,-0.0
39343,39303,B,1,0,0,1,4,2,0.5,1.0
39359,39319,C,0,2,1,0,3,0,0.5555555555555556,0.9182958340544896
39367,39327,B,0,1,0,0,2,1,1.0,-0.0
39371,39331,C,1,0,1,0,2,0,0.5,1.0
39373,39333,E,1,0,1,0,3,1,0.5,1.0
39383,39343,C,0,0,1,0,1,0,1.0,-0.0
39397,39357,E,0,1,0,0,3,2,1.0,-0.0
39409,39369,E,0,1,0,1,3,1,0.5,1.0
39419,39379,C,0,1,0,1,2,0,0.5,1.0
39439,39399,B,0,0,1,1,3,1,0.5,1.0
39443,39403,C,2,0,1,0,3,0,0.5555555555555556,0.9182958340544896
39451,39411,B,0,1,1,0,4,2,0.5,1.0
39461,39421,A,0,0,2,0,2,0,1.0,-0.0
39499,39459,B,0,0,2,0,3,1,1.0,-0.0
39503,39463,C,0,0,3,0,3,0,1.0,-0.0
39509,39469,A,0,2,0,0,2,0,1.0,-0.0
39511,39471,B,0,0,1,1,3,1,0.5,1.0
39521,39481,A,2,0,0,0,2,0,1.0,-0.0
39541,39501,E,0,0,2,1,6,3,0.5555555555555556,0.9182958340544896
39551,39511,C,0,0,1,0,1,0,1.0,-0.0
39563,39523,C,0,1,0,1,2,0,0.5,1.0
39569,39529,A,0,0,2,0,2,0,1.0,-0.0
39581,39541,A,1,0,0,0,1,0,1.0,-0.0
39607,39567,B,1,0,0,2,4,1,0.5555555555555556,0.9182958340544896
39619,39579,B,0,0,1,1,3,1,0.5,1.0
39623,39583,C,0,1,0,1,2,0,0.5,1.0
39631,39591,B,0,1,0,1,4,2,0.5,1.0
39659,39619,C,0,0,1,0,1,0,1.0,-0.0
39667,39627,B,1,1,1,0,5,2,0.3333333333333333,1.584962500721156
39671,39631,C,0,0,1,0,1,0,1.0,-0.0
39679,39639,B,2,0,0,0,3,1,1.0,-0.0
39703,39663,B,1,1,0,0,5,3,0.5,1.0
39709,39669,E,0,1,1,0,3,1,0.5,1.0
39719,39679,C,0,0,1,0,1,0,1.0,-0.0
39727,39687,B,0,1,0,0,2,1,1.0,-0.0
39733,39693,E,0,1,0,1,3,1,0.5,1.0
39749,39709,A,1,0,0,0,1,0,1.0,-0.0
39761,39721,A,1,0,0,2,3,0,0.5555555555555556,0.9182958340544896
39769,39729,E,0,2,1,0,4,1,0.5555555555555556,0.9182958340544896
39779,39739,C,0,0,3,0,3,0,1.0,-0.0
39791,39751,C,1,0,1,0,2,0,0.5,1.0
39799,39759,B,1,1,0,0,3,1,0.5,1.0
39821,39781,A,0,0,2,0,2,0,1.0,-0.0
39827,39787,C,0,1,0,1,2,0,0.5,1.0
39829,39789,E,0,1,0,0,3,2,1.0,-0.0
39839,39799,C,0,0,1,0,1,0,1.0,-0.0
39841,39801,E,0,0,1,0,2,1,1.0,-0.0
39847,39807,B,0,0,1,0,3,2,1.0,-0.0
39857,39817,A,0,2,0,0,2,0,1.0,-0.0
39863,39823,C,1,0,1,0,2,0,0.5,1.0
39869,39829,A,1,0,0,0,1,0,1.0,-0.0
39877,39837,E,0,0,3,0,4,1,1.0,-0.0
39883,39843,B,0,1,1,0,4,2,0.5,1.0
39887,39847,C,0,0,1,0,1,0,1.0,-0.0
39901,39861,E,0,0,2,0,4,2,1.0,-0.0
39929,39889,A,0,2,0,0,2,0,1.0,-0.0
39937,39897,E,1,0,1,1,5,2,0.3333333333333333,1.584962500721156
39953,39913,A,0,0,0,2,2,0,1.0,-0.0
39971,39931,C,1,0,1,0,2,0,0.5,1.0
39979,39939,B,0,1,0,0,2,1,1.0,-0.0
39983,39943,C,0,1,0,1,2,0,0.5,1.0
39989,39949,A,1,0,2,0,3,0,0.5555555555555556,0.9182958340544896
40009,39969,E,1,0,0,0,3,2,1.0,-0.0
40013,39973,A,0,0,0,2,2,0,1.0,-0.0
40031,39991,C,0,2,1,0,3,0,0.5555555555555556,0.9182958340544896
40037,39997,A,1,0,0,2,3,0,0.5555555555555556,0.9182958340544896
40039,39999,B,0,0,2,0,3,1,1.0,-0.0
40063,40023,B,0,0,1,0,3,2,1.0,-0.0
40087,40047,B,0,0,1,1,3,1,0.5,1.0
40093,40053,E,2,0,1,0,4,1,0.5555555555555556,0.9182958340544896
40099,40059,B,0,0,0,1,3,2,1.0,-0.0
40111,40071,B,1,0,2,0,4,1,0.5555555555555556,0.9182958340544896
40123,40083,B,0,0,1,1,3,1,0.5,1.0
40127,40087,C,0,0,1,0,1,0,1.0,-0.0
40129,40089,E,0,0,1,2,4,1,0.5555555555555556,0.9182958340544896
40151,40111,C,0,0,1,0,1,0,1.0,-0.0
40153,40113,E,0,1,0,0,3,2,1.0,-0.0
40163,40123,C,0,0,1,0,1,0,1.0,-0.0
40169,40129,A,1,0,0,0,1,0,1.0,-0.0
40177,40137,E,0,1,1,0,3,1,0.5,1.0
40189,40149,E,0,0,0,1,4,3,1.0,-0.0
40193,40153,A,1,0,0,0,1,0,1.0,-0.0
40213,40173,E,0,1,1,0,3,1,0.5,1.0
40231,40191,B,0,1,0,0,2,1,1.0,-0.0
40237,40197,E,0,0,1,0,2,1,1.0,-0.0
40241,40201,A,0,0,2,0,2,0,1.0,-0.0
40253,40213,A,1,0,0,0,1,0,1.0,-0.0
40277,40237,A,1,0,0,0,1,0,1.0,-0.0
40283,40243,C,1,0,1,0,2,0,0.5,1.0
40289,40249,A,0,0,0,2,2,0,1.0,-0.0
40343,40303,C,0,1,0,1,2,0,0.5,1.0
40351,40311,B,0,1,0,0,4,3,1.0,-0.0
40357,40317,E,0,1,1,0,3,1,0.5,1.0
40361,40321,A,2,0,0,0,2,0,1.0,-0.0
40387,40347,B,0,0,1,0,3,2,1.0,-0.0
40423,40383,B,0,1,1,0,4,2,0.5,1.0
40427,40387,C,0,0,1,0,1,0,1.0,-0.0
40429,40389,E,0,0,0,1,2,1,1.0,-0.0
40433,40393,A,0,0,2,0,2,0,1.0,-0.0
40459,40419,B,0,0,1,0,5,4,1.0,-0.0
40471,40431,B,1,0,0,0,2,1,1.0,-0.0
40483,40443,B,2,1,0,0,4,1,0.5555555555555556,0.9182958340544896
40487,40447,C,0,1,0,1,2,0,0.5,1.0
40493,40453,A,0,0,2,0,2,0,1.0,-0.0
40499,40459,C,0,0,1,0,1,0,1.0,-0.0
40507,40467,B,0,1,1,1,4,1,0.3333333333333333,1.584962500721156
40519,40479,B,0,0,1,1,3,1,0.5,1.0
40529,40489,A,0,0,2,0,2,0,1.0,-0.0
40531,40491,B,1,0,0,1,4,2,0.5,1.0
40543,40503,B,0,0,0,2,3,1,1.0,-0.0
40559,40519,C,0,0,1,0,1,0,1.0,-0.0
40577,40537,A,0,0,2,0,2,0,1.0,-0.0
40583,40543,C,0,0,1,0,1,0,1.0,-0.0
40591,40551,B,0,0,1,1,3,1,0.5,1.0
40597,40557,E,0,1,0,1,3,1,0.5,1.0
40609,40569,E,0,0,0,1,2,1,1.0,-0.0
40627,40587,B,0,0,1,1,3,1,0.5,1.0
40637,40597,A,1,0,0,0,1,0,1.0,-0.0
40639,40599,B,1,0,0,1,4,2,0.5,1.0
40693,40653,E,0,1,0,0,3,2,1.0,-0.0
40697,40657,A,2,0,0,0,2,0,1.0,-0.0
40699,40659,B,0,1,0,0,2,1,1.0,-0.0
40709,40669,A,0,0,2,0,2,0,1.0,-0.0
40739,40699,C,0,0,1,0,1,0,1.0,-0.0
40751,40711,C,0,1,0,1,2,0,0.5,1.0
40759,40719,B,1,0,2,0,4,1,0.5555555555555556,0.9182958340544896
40763,40723,C,1,0,1,0,2,0,0.5,1.0
40771,40731,B,0,1,0,0,2,1,1.0,-0.0
40787,40747,C,1,0,1,0,2,0,0.5,1.0
40801,40761,E,0,0,1,1,4,2,0.5,1.0
40813,40773,E,0,0,1,0,2,1,1.0,-0.0
40819,40779,B,0,1,0,1,4,2,0.5,1.0
40823,40783,C,0,1,0,1,2,0,0.5,1.0
40829,40789,A,0,0,2,0,2,0,1.0,-0.0
40841,40801,A,1,0,0,0,1,0,1.0,-0.0
40847,40807,C,2,0,1,0,3,0,0.5555555555555556,0.9182958340544896
40849,40809,E,1,0,1,0,3,1,0.5,1.0
40853,40813,A,1,0,0,0,1,0,1.0,-0.0
40867,40827,B,0,0,2,0,3,1,1.0,-0.0
40879,40839,B,0,1,0,0,2,1,1.0,-0.0
40883,40843,C,0,0,1,2,3,0,0.5555555555555556,0.9182958340544896
40897,40857,E,0,0,0,1,2,1,1.0,-0.0
40903,40863,B,0,2,0,0,3,1,1.0,-0.0
40927,40887,B,0,0,1,2,5,2,0.5555555555555556,0.9182958340544896
40933,40893,E,0,1,1,0,3,1,0.5,1.0
40939,40899,B,1,0,0,0,2,1,1.0,-0.0
40949,40909,A,0,0,0,2,2,0,1.0,-0.0
40961,40921,A,0,0,2,0,2,0,1.0,-0.0
40973,40933,A,1,0,0,0,1,0,1.0,-0.0
40993,40953,E,1,1,0,1,4,1,0.3333333333333333,1.584962500721156
41011,40971,B,0,0,2,0,3,1,1.0,-0.0
41017,40977,E,1,1,0,0,4,2,0.5,1.0
41023,40983,B,0,0,1,1,3,1,0.5,1.0
41039,40999,C,1,0,1,0,2,0,0.5,1.0
41047,41007,B,1,0,0,0,2,1,1.0,-0.0
41051,41011,C,0,0,1,0,1,0,1.0,-0.0
41057,41017,A,1,0,0,0,1,0,1.0,-0.0
41077,41037,E,0,0,0,1,2,1,1.0,-0.0
41081,41041,A,1,1,1,1,4,0,0.25,2.0
41113,41073,E,0,0,0,1,2,1,1.0,-0.0
41117,41077,A,1,0,0,0,1,0,1.0,-0.0
41131,41091,B,0,1,0,0,2,1,1.0,-0.0
41141,41101,A,0,0,0,2,2,0,1.0,-0.0
41143,41103,B,0,0,1,0,3,2,1.0,-0.0
41149,41109,E,1,0,0,1,3,1,0.5,1.0
41161,41121,E,0,0,0,1,4,3,1.0,-0.0
41177,41137,A,0,0,2,0,2,0,1.0,-0.0
41179,41139,B,0,1,1,0,4,2,0.5,1.0
41183,41143,C,0,0,1,0,1,0,1.0,-0.0
41189,41149,A,1,0,0,0,1,0,1.0,-0.0
41201,41161,A,1,0,0,0,1,0,1.0,-0.0
41203,41163,B,0,1,0,0,2,1,1.0,-0.0
41213,41173,A,0,1,1,1,3,0,0.3333333333333333,1.584962500721156
41221,41181,E,1,1,1,0,4,1,0.3333333333333333,1.584962500721156
41227,41187,B,1,0,0,0,2,1,1.0,-0.0
41231,41191,C,0,1,0,1,2,0,0.5,1.0
41233,41193,E,0,0,1,1,4,2,0.5,1.0
41243,41203,C,0,0,1,0,1,0,1.0,-0.0
41257,41217,E,1,0,0,1,3,1,0.5,1.0
41263,41223,B,1,0,2,0,4,1,0.5555555555555556,0.9182958340544896
41269,41229,E,0,1,0,0,5,4,1.0,-0.0
41281,41241,E,0,1,0,1,3,1,0.5,1.0
41299,41259,B,0,2,0,0,3,1,1.0,-0.0
41333,41293,A,0,1,1,1,3,0,0.3333333333333333,1.584962500721156
41341,41301,E,1,1,0,0,4,2,0.5,1.0
41351,41311,C,1,0,1,0,2,0,0.5,1.0
41357,41317,A,0,0,2,0,2,0,1.0,-0.0
41381,41341,A,1,0,0,0,1,0,1.0,-0.0
41387,41347,C,0,1,0,1,2,0,0.5,1.0
41389,41349,E,0,0,1,2,4,1,0.5555555555555556,0.9182958340544896
41399,41359,C,0,1,0,1,2,0,0.5,1.0
41411,41371,C,0,1,0,1,2,0,0.5,1.0
41413,41373,E,1,0,0,0,3,2,1.0,-0.0
41443,41403,B,2,0,0,0,3,1,1.0,-0.0
41453,41413,A,1,0,0,0,1,0,1.0,-0.0
41467,41427,B,0,0,1,0,3,2,1.0,-0.0
41479,41439,B,0,0,2,0,3,1,1.0,-0.0
41491,41451,B,1,1,0,0,3,1,0.5,1.0
41507,41467,C,0,0,1,0,1,0,1.0,-0.0
41513,41473,A,0,0,2,0,2,0,1.0,-0.0
41519,41479,C,0,0,1,0,1,0,1.0,-0.0
41521,41481,E,0,0,0,2,4,2,1.0,-0.0
41539,41499,B,0,2,0,0,5,3,1.0,-0.0
41543,41503,C,0,0,3,2,5,0,0.52,0.9709505944546686
41549,41509,A,1,0,2,0,3,0,0.5555555555555556,0.9182958340544896
41579,41539,C,0,0,1,0,1,0,1.0,-0.0
41593,41553,E,0,0,1,0,8,7,1.0,-0.0
41597,41557,A,0,2,0,0,2,0,1.0,-0.0
41603,41563,C,0,1,0,1,2,0,0.5,1.0
41609,41569,A,0,0,0,2,2,0,1.0,-0.0
41611,41571,B,0,1,1,0,4,2,0.5,1.0
41617,41577,E,0,0,0,1,2,1,1.0,-0.0
41621,41581,A,0,0,2,0,2,0,1.0,-0.0
41627,41587,C,2,0,1,0,3,0,0.5555555555555556,0.9182958340544896
41641,41601,E,0,0,3,0,4,1,1.0,-0.0
41647,41607,B,0,0,1,1,5,3,0.5,1.0
41651,41611,C,0,0,1,0,1,0,1.0,-0.0
41659,41619,B,1,0,0,0,2,1,1.0,-0.0
41669,41629,A,1,0,2,0,3,0,0.5555555555555556,0.9182958340544896
41681,41641,A,1,0,0,0,1,0,1.0,-0.0
41687,41647,C,0,0,1,0,1,0,1.0,-0.0
41719,41679,B,1,0,0,1,4,2,0.5,1.0
41729,41689,A,0,0,0,2,2,0,1.0,-0.0
41737,41697,E,0,2,0,0,4,2,1.0,-0.0
41759,41719,C,0,0,1,0,1,0,1.0,-0.0
41761,41721,E,0,0,0,1,2,1,1.0,-0.0
41771,41731,C,0,1,0,1,2,0,0.5,1.0
41777,41737,A,1,0,0,0,1,0,1.0,-0.0
41801,41761,A,1,0,0,0,1,0,1.0,-0.0
41809,41769,E,1,1,1,0,6,3,0.3333333333333333,1.584962500721156
41813,41773,A,2,0,0,0,2,0,1.0,-0.0
41843,41803,C,0,1,0,1,2,0,0.5,1.0
41849,41809,A,1,0,0,0,1,0,1.0,-0.0
41851,41811,B,1,0,1,1,4,1,0.3333333333333333,1.584962500721156
41863,41823,B,1,0,0,0,4,3,1.0,-0.0
41879,41839,C,0,0,3,0,3,0,1.0,-0.0
41887,41847,B,2,1,0,0,4,1,0.5555555555555556,0.9182958340544896
41893,41853,E,1,0,1,0,3,1,0.5,1.0
41897,41857,A,0,0,2,0,2,0,1.0,-0.0
41903,41863,C,0,0,1,0,1,0,1.0,-0.0
41911,41871,B,0,2,0,0,3,1,1.0,-0.0
41927,41887,C,0,0,1,0,1,0,1.0,-0.0
41941,41901,E,0,0,0,1,2,1,1.0,-0.0
41947,41907,B,2,0,0,0,3,1,1.0,-0.0
41953,41913,E,1,0,0,0,3,2,1.0,-0.0
41957,41917,A,0,0,0,2,2,0,1.0,-0.0
41959,41919,B,1,1,0,0,3,1,0.5,1.0
41969,41929,A,0,0,0,2,2,0,1.0,-0.0
41981,41941,A,1,0,0,0,1,0,1.0,-0.0
41983,41943,B,0,1,1,1,4,1,0.3333333333333333,1.584962500721156
41999,41959,C,0,0,1,0,1,0,1.0,-0.0
42013,41973,E,0,1,1,0,3,1,0.5,1.0
42017,41977,A,2,0,0,0,2,0,1.0,-0.0
42019,41979,B,0,0,2,0,3,1,1.0,-0.0
42023,41983,C,0,0,1,0,1,0,1.0,-0.0
42043,42003,B,1,0,0,1,4,2,0.5,1.0
42061,42021,E,0,1,1,1,5,2,0.3333333333333333,1.584962500721156
42071,42031,C,0,1,0,1,2,0,0.5,1.0
42073,42033,E,0,0,1,0,2,1,1.0,-0.0
42083,42043,C,0,0,1,0,1,0,1.0,-0.0
42089,42049,A,0,0,2,0,2,0,1.0,-0.0
42101,42061,A,1,0,0,0,1,0,1.0,-0.0
42131,42091,C,0,0,3,0,3,0,1.0,-0.0
42139,42099,B,0,1,0,0,2,1,1.0,-0.0
42157,42117,E,0,1,1,0,3,1,0.5,1.0
42169,42129,E,0,0,2,0,4,2,1.0,-0.0
42179,42139,C,0,0,1,0,1,0,1.0,-0.0
42181,42141,E,0,1,0,1,3,1,0.5,1.0
42187,42147,B,0,0,2,0,5,3,1.0,-0.0
42193,42153,E,0,0,0,1,2,1,1.0,-0.0
42197,42157,A,1,0,0,0,1,0,1.0,-0.0
42209,42169,A,1,0,0,0,1,0,1.0,-0.0
42221,42181,A,1,0,0,0,1,0,1.0,-0.0
42223,42183,B,1,0,1,0,4,2,0.5,1.0
42227,42187,C,0,0,1,0,1,0,1.0,-0.0
42239,42199,C,1,0,1,0,2,0,0.5,1.0
42257,42217,A,1,0,2,0,3,0,0.5555555555555556,0.9182958340544896
42281,42241,A,0,2,0,0,2,0,1.0,-0.0
42283,42243,B,0,1,0,0,2,1,1.0,-0.0
42293,42253,A,0,1,1,1,3,0,0.3333333333333333,1.584962500721156
42299,42259,C,1,0,1,0,2,0,0.5,1.0
42307,42267,B,2,0,0,0,3,1,1.0,-0.0
42323,42283,C,0,0,1,0,1,0,1.0,-0.0
42331,42291,B,1,0,1,0,4,2,0.5,1.0
42337,42297,E,1,0,0,1,3,1,0.5,1.0
42349,42309,E,0,0,1,0,4,3,1.0,-0.0
42359,42319,C,0,1,0,1,2,0,0.5,1.0
42373,42333,E,0,1,1,0,3,1,0.5,1.0
42379,42339,B,0,0,0,2,3,1,1.0,-0.0
42391,42351,B,0,0,1,1,3,1,0.5,1.0
42397,42357,E,1,0,1,0,3,1,0.5,1.0
42403,42363,B,0,0,1,0,5,4,1.0,-0.0
42407,42367,C,1,0,1,0,2,0,0.5,1.0
42409,42369,E,0,1,1,0,3,1,0.5,1.0
42433,42393,E,1,0,1,0,3,1,0.5,1.0
42437,42397,A,1,0,0,0,1,0,1.0,-0.0
42443,42403,C,0,0,1,0,1,0,1.0,-0.0
42451,42411,B,0,0,2,0,3,1,1.0,-0.0
42457,42417,E,0,0,0,1,4,3,1.0,-0.0
42461,42421,A,0,0,0,2,2,0,1.0,-0.0
42463,42423,B,0,0,1,1,3,1,0.5,1.0
42467,42427,C,0,1,2,1,4,0,0.375,1.5
42473,42433,A,1,0,0,0,1,0,1.0,-0.0
42487,42447,B,1,0,0,0,2,1,1.0,-0.0
42491,42451,C,0,0,1,0,1,0,1.0,-0.0
42499,42459,B,0,1,0,0,2,1,1.0,-0.0
42509,42469,A,0,0,2,0,2,0,1.0,-0.0
42533,42493,A,0,0,0,2,2,0,1.0,-0.0
42557,42517,A,1,2,0,0,3,0,0.5555555555555556,0.9182958340544896
42569,42529,A,0,0,0,2,2,0,1.0,-0.0
42571,42531,B,0,1,0,0,2,1,1.0,-0.0
42577,42537,E,0,1,0,1,3,1,0.5,1.0
42589,42549,E,1,0,0,1,3,1,0.5,1.0
42611,42571,C,0,0,1,0,1,0,1.0,-0.0
42641,42601,A,1,2,0,0,3,0,0.5555555555555556,0.9182958340544896
42643,42603,B,0,0,1,1,3,1,0.5,1.0
42649,42609,E,1,0,1,0,3,1,0.5,1.0
42667,42627,B,2,0,0,0,3,1,1.0,-0.0
42677,42637,A,0,0,2,0,2,0,1.0,-0.0
42683,42643,C,0,0,1,0,1,0,1.0,-0.0
42689,42649,A,1,0,0,0,1,0,1.0,-0.0
42697,42657,E,1,0,0,1,3,1,0.5,1.0
42701,42661,A,2,0,0,0,2,0,1.0,-0.0
42703,42663,B,1,0,0,0,2,1,1.0,-0.0
42709,42669,E,0,0,0,2,4,2,1.0,-0.0
42719,42679,C,1,0,3,0,4,0,0.625,0.8112781244591328
42727,42687,B,0,1,1,0,6,4,0.5,1.0
42737,42697,A,1,0,0,0,1,0,1.0,-0.0
42743,42703,C,0,0,1,0,1,0,1.0,-0.0
42751,42711,B,0,0,1,1,3,1,0.5,1.0
42767,42727,C,0,0,1,0,1,0,1.0,-0.0
42773,42733,A,0,0,2,0,2,0,1.0,-0.0
42787,42747,B,0,1,0,0,2,1,1.0,-0.0
42793,42753,E,0,0,1,0,2,1,1.0,-0.0
42797,42757,A,2,0,0,2,4,0,0.5,1.0
42821,42781,A,0,0,0,2,2,0,1.0,-0.0
42829,42789,E,0,1,0,1,3,1,0.5,1.0
42839,42799,C,1,0,1,0,2,0,0.5,1.0
42841,42801,E,1,0,0,1,3,1,0.5,1.0
42853,42813,E,0,0,1,1,4,2,0.5,1.0
42859,42819,B,0,0,1,1,3,1,0.5,1.0
42863,42823,C,1,1,0,1,3,0,0.3333333333333333,1.584962500721156
42899,42859,C,0,0,1,0,1,0,1.0,-0.0
42901,42861,E,2,0,1,0,4,1,0.5555555555555556,0.9182958340544896
42923,42883,C,2,0,1,0,3,0,0.5555555555555556,0.9182958340544896
42929,42889,A,0,1,1,1,3,0,0.3333333333333333,1.584962500721156
42937,42897,E,1,0,1,0,3,1,0.5,1.0
42943,42903,B,0,0,1,1,5,3,0.5,1.0
42953,42913,A,2,0,0,0,2,0,1.0,-0.0
42961,42921,E,0,0,1,1,4,2,0.5,1.0
42967,42927,B,1,1,0,0,3,1,0.5,1.0
42979,42939,B,1,0,1,0,4,2,0.5,1.0
42989,42949,A,0,2,0,0,2,0,1.0,-0.0
43003,42963,B,0,1,0,0,2,1,1.0,-0.0
43013,42973,A,1,0,2,0,3,0,0.5555555555555556,0.9182958340544896
43019,42979,C,0,0,1,0,1,0,1.0,-0.0
43037,42997,A,1,0,2,0,3,0,0.5555555555555556,0.9182958340544896
43049,43009,A,0,2,0,0,2,0,1.0,-0.0
43051,43011,B,0,0,0,1,7,6,1.0,-0.0
43063,43023,B,1,0,0,0,2,1,1.0,-0.0
43067,43027,C,0,1,0,1,2,0,0.5,1.0
43093,43053,E,0,1,1,0,3,1,0.5,1.0
43103,43063,C,0,0,1,0,1,0,1.0,-0.0
43117,43077,E,0,1,0,1,3,1,0.5,1.0
43133,43093,A,1,0,0,0,1,0,1.0,-0.0
43151,43111,C,1,0,1,0,2,0,0.5,1.0
43159,43119,B,1,0,0,0,4,3,1.0,-0.0
43177,43137,E,0,1,0,0,3,2,1.0,-0.0
43189,43149,E,1,0,1,0,3,1,0.5,1.0
43201,43161,E,0,0,0,1,2,1,1.0,-0.0
43207,43167,B,1,0,0,0,2,1,1.0,-0.0
43223,43183,C,0,0,3,0,3,0,1.0,-0.0
43237,43197,E,0,1,1,2,5,1,0.375,1.5
43261,43221,E,0,0,1,0,2,1,1.0,-0.0
43271,43231,C,0,1,0,1,2,0,0.5,1.0
43283,43243,C,0,1,0,1,2,0,0.5,1.0
43291,43251,B,1,1,0,0,3,1,0.5,1.0
43313,43273,A,2,0,0,0,2,0,1.0,-0.0
43319,43279,C,0,1,0,1,2,0,0.5,1.0
43321,43281,E,1,0,1,0,5,3,0.5,1.0
43331,43291,C,0,0,1,0,1,0,1.0,-0.0
43391,43351,C,0,0,1,2,3,0,0.5555555555555556,0.9182958340544896
43397,43357,A,0,0,0,2,2,0,1.0,-0.0
43399,43359,B,1,1,0,0,3,1,0.5,1.0
43403,43363,C,1,0,1,0,2,0,0.5,1.0
43411,43371,B,1,0,1,0,4,2,0.5,1.0
43427,43387,C,1,0,1,0,2,0,0.5,1.0
43441,43401,E,1,1,0,1,4,1,0.3333333333333333,1.584962500721156
43451,43411,C,0,0,1,0,1,0,1.0,-0.0
43457,43417,A,0,0,0,2,2,0,1.0,-0.0
43481,43441,A,1,0,0,0,1,0,1.0,-0.0
43487,43447,C,0,1,0,1,2,0,0.5,1.0
43499,43459,C,1,0,1,0,2,0,0.5,1.0
43517,43477,A,0,0,2,0,2,0,1.0,-0.0
43541,43501,A,0,2,0,0,2,0,1.0,-0.0
43543,43503,B,1,1,0,0,3,1,0.5,1.0
43573,43533,E,0,0,2,0,4,2,1.0,-0.0
43577,43537,A,1,2,0,0,3,0,0.5555555555555556,0.9182958340544896
43579,43539,B,0,0,1,1,3,1,0.5,1.0
43591,43551,B,0,1,0,0,4,3,1.0,-0.0
43597,43557,E,0,0,0,1,2,1,1.0,-0.0
43607,43567,C,1,0,1,0,2,0,0.5,1.0
43609,43569,E,0,0,1,1,4,2,0.5,1.0
43613,43573,A,1,0,0,0,1,0,1.0,-0.0
43627,43587,B,0,1,0,1,4,2,0.5,1.0
43633,43593,E,1,0,0,1,3,1,0.5,1.0
43649,43609,A,1,0,0,0,1,0,1.0,-0.0
43651,43611,B,0,1,0,0,2,1,1.0,-0.0
43661,43621,A,2,0,0,0,2,0,1.0,-0.0
43669,43629,E,0,0,0,1,2,1,1.0,-0.0
43691,43651,C,0,0,1,0,1,0,1.0,-0.0
43711,43671,B,1,0,0,0,2,1,1.0,-0.0
43717,43677,E,0,0,1,1,4,2,0.5,1.0
43721,43681,A,0,0,2,2,4,0,0.5,1.0
43753,43713,E,0,0,0,1,4,3,1.0,-0.0
43759,43719,B,1,0,1,1,4,1,0.3333333333333333,1.584962500721156
43777,43737,E,1,0,0,1,3,1,0.5,1.0
43781,43741,A,0,1,1,1,3,0,0.3333333333333333,1.584962500721156
43783,43743,B,0,0,2,0,3,1,1.0,-0.0
43787,43747,C,1,1,0,1,3,0,0.3333333333333333,1.584962500721156
43789,43749,E,1,0,0,0,3,2,1.0,-0.0
43793,43753,A,1,0,0,0,1,0,1.0,-0.0
43801,43761,E,0,1,0,1,3,1,0.5,1.0
43853,43813,A,0,1,1,1,3,0,0.3333333333333333,1.584962500721156
43867,43827,B,0,0,1,1,3,1,0.5,1.0
43889,43849,A,2,0,0,0,2,0,1.0,-0.0
43891,43851,B,0,0,0,2,3,1,1.0,-0.0
43913,43873,A,2,0,0,0,2,0,1.0,-0.0
43933,43893,E,0,1,0,0,3,2,1.0,-0.0
43943,43903,C,1,0,1,0,2,0,0.5,1.0
43951,43911,B,0,2,1,0,5,2,0.5555555555555556,0.9182958340544896
43961,43921,A,0,0,0,2,2,0,1.0,-0.0
43963,43923,B,0,0,0,4,5,1,1.0,-0.0
43969,43929,E,0,0,1,0,4,3,1.0,-0.0
43973,43933,A,1,0,0,0,1,0,1.0,-0.0
43987,43947,B,0,1,1,0,4,2,0.5,1.0
43991,43951,C,0,0,1,0,1,0,1.0,-0.0
43997,43957,A,0,2,0,0,2,0,1.0,-0.0
44017,43977,E,0,1,0,1,3,1,0.5,1.0
44021,43981,A,1,0,2,0,3,0,0.5555555555555556,0.9182958340544896
44027,43987,C,0,0,1,0,1,0,1.0,-0.0
44029,43989,E,0,0,2,1,4,1,0.5555555555555556,0.9182958340544896
44041,44001,E,0,1,0,0,3,2,1.0,-0.0
44053,44013,E,0,1,0,1,3,1,0.5,1.0
44059,44019,B,1,0,1,0,4,2,0.5,1.0
44071,44031,B,2,0,0,0,3,1,1.0,-0.0
44087,44047,C,0,1,0,1,2,0,0.5,1.0
44089,44049,E,0,0,1,0,2,1,1.0,-0.0
44101,44061,E,0,1,1,0,3,1,0.5,1.0
44111,44071,C,0,0,1,0,1,0,1.0,-0.0
44119,44079,B,0,0,1,1,3,1,0.5,1.0
44123,44083,C,1,0,1,0,2,0,0.5,1.0
44129,44089,A,1,0,0,0,1,0,1.0,-0.0
44131,44091,B,0,0,0,2,5,3,1.0,-0.0
44159,44119,C,0,0,1,0,1,0,1.0,-0.0
44171,44131,C,0,0,1,0,1,0,1.0,-0.0
44179,44139,B,1,0,0,0,2,1,1.0,-0.0
44189,44149,A,0,2,2,0,4,0,0.5,1.0
44201,44161,A,1,0,2,0,3,0,0.5555555555555556,0.9182958340544896
44203,44163,B,0,1,1,0,4,2,0.5,1.0
44207,44167,C,0,1,0,1,2,0,0.5,1.0
44221,44181,E,1,0,0,0,3,2,1.0,-0.0
44249,44209,A,0,0,0,2,2,0,1.0,-0.0
44257,44217,E,0,3,0,0,5,2,1.0,-0.0
44263,44223,B,0,1,0,0,2,1,1.0,-0.0
44267,44227,C,0,1,0,1,2,0,0.5,1.0
44269,44229,E,0,1,0,1,3,1,0.5,1.0
44273,44233,A,0,1,1,1,3,0,0.3333333333333333,1.584962500721156
44279,44239,C,1,1,0,1,3,0,0.3333333333333333,1.584962500721156
44281,44241,E,0,0,0,1,2,1,1.0,-0.0
44293,44253,E,0,1,0,1,5,3,0.5,1.0
44351,44311,C,1,0,1,0,2,0,0.5,1.0
44357,44317,A,1,0,2,0,3,0,0.5555555555555556,0.9182958340544896
44371,44331,B,0,0,1,1,3,1,0.5,1.0
44381,44341,A,0,1,1,1,3,0,0.3333333333333333,1.584962500721156
44383,44343,B,1,0,1,0,4,2,0.5,1.0
44389,44349,E,0,0,0,1,2,1,1.0,-0.0
44417,44377,A,0,0,2,0,2,0,1.0,-0.0
44449,44409,E,0,1,0,1,3,1,0.5,1.0
44453,44413,A,0,0,0,2,2,0,1.0,-0.0
44483,44443,C,0,0,3,0,3,0,1.0,-0.0
44491,44451,B,0,1,0,1,4,2,0.5,1.0
44497,44457,E,1,1,1,0,4,1,0.3333333333333333,1.584962500721156
44501,44461,A,0,2,0,0,2,0,1.0,-0.0
44507,44467,C,0,1,0,1,2,0,0.5,1.0
44519,44479,C,1,0,1,0,2,0,0.5,1.0
44531,44491,C,0,0,1,0,1,0,1.0,-0.0
44533,44493,E,0,0,0,1,2,1,1.0,-0.0
44537,44497,A,1,0,0,0,1,0,1.0,-0.0
44543,44503,C,0,1,0,1,2,0,0.5,1.0
44549,44509,A,0,0,0,2,2,0,1.0,-0.0
44563,44523,B,1,1,0,0,5,3,0.5,1.0
44579,44539,C,0,1,0,1,2,0,0.5,1.0
44587,44547,B,0,0,1,1,3,1,0.5,1.0
44617,44577,E,1,0,1,0,5,3,0.5,1.0
44621,44581,A,2,0,0,0,2,0,1.0,-0.0
44623,44583,B,1,0,1,1,4,1,0.3333333333333333,1.584962500721156
44633,44593,A,0,0,2,0,2,0,1.0,-0.0
44641,44601,E,0,0,0,1,2,1,1.0,-0.0
44647,44607,B,1,0,0,0,2,1,1.0,-0.0
44651,44611,C,1,0,1,0,2,0,0.5,1.0
44657,44617,A,1,0,0,0,1,0,1.0,-0.0
44683,44643,B,0,0,0,2,3,1,1.0,-0.0
44687,44647,C,0,0,1,0,1,0,1.0,-0.0
44699,44659,C,1,1,0,1,3,0,0.3333333333333333,1.584962500721156
44701,44661,E,0,0,1,0,2,1,1.0,-0.0
44711,44671,C,0,0,1,2,3,0,0.5555555555555556,0.9182958340544896
44729,44689,A,0,1,1,1,3,0,0.3333333333333333,1.584962500721156
44741,44701,A,1,0,0,0,1,0,1.0,-0.0
44753,44713,A,2,0,0,0,2,0,1.0,-0.0
44771,44731,C,0,1,0,1,2,0,0.5,1.0
44773,44733,E,2,0,1,0,4,1,0.5555555555555556,0.9182958340544896
44777,44737,A,0,0,2,2,4,0,0.5,1.0
44789,44749,A,2,0,0,0,2,0,1.0,-0.0
44797,44757,E,0,1,0,0,3,2,1.0,-0.0
44809,44769,E,0,0,1,0,2,1,1.0,-0.0
44819,44779,C,1,0,1,0,2,0,0.5,1.0
44839,44799,B,1,1,0,0,3,1,0.5,1.0
44843,44803,C,0,1,0,1,2,0,0.5,1.0
44851,44811,B,1,0,0,1,4,2,0.5,1.0
44867,44827,C,0,1,0,1,2,0,0.5,1.0
44879,44839,C,0,0,1,0,1,0,1.0,-0.0
44887,44847,B,0,0,1,1,5,3,0.5,1.0
44893,44853,E,0,0,0,1,2,1,1.0,-0.0
44909,44869,A,0,0,0,2,2,0,1.0,-0.0
44917,44877,E,1,0,1,0,3,1,0.5,1.0
44927,44887,C,0,0,1,0,1,0,1.0,-0.0
44939,44899,C,0,1,0,1,2,0,0.5,1.0
44953,44913,E,0,1,0,1,3,1,0.5,1.0
44959,44919,B,0,0,2,1,5,2,0.5555555555555556,0.9182958340544896
44963,44923,C,0,1,0,1,2,0,0.5,1.0
44971,44931,B,0,2,0,0,3,1,1.0,-0.0
44983,44943,B,0,0,1,1,3,1,0.5,1.0
44987,44947,C,1,0,1,0,2,0,0.5,1.0
45007,44967,B,2,0,0,0,3,1,1.0,-0.0
45013,44973,E,0,0,1,1,4,2,0.5,1.0
45053,45013,A,1,0,0,0,1,0,1.0,-0.0
45061,45021,E,1,0,1,0,3,1,0.5,1.0
45077,45037,A,0,2,0,0,2,0,1.0,-0.0
45083,45043,C,1,0,1,0,2,0,0.5,1.0
45119,45079,C,1,0,1,0,2,0,0.5,1.0
45121,45081,E,0,1,0,0,3,2,1.0,-0.0
45127,45087,B,0,1,2,0,4,1,0.5555555555555556,0.9182958340544896
45131,45091,C,1,0,1,0,2,0,0.5,1.0
45137,45097,A,2,0,0,0,2,0,1.0,-0.0
45139,45099,B,0,0,1,0,3,2,1.0,-0.0
45161,45121,A,1,0,0,0,1,0,1.0,-0.0
45179,45139,C,0,0,1,0,1,0,1.0,-0.0
45181,45141,E,0,1,1,0,3,1,0.5,1.0
45191,45151,C,1,0,1,0,2,0,0.5,1.0
45197,45157,A,0,0,2,0,2,0,1.0,-0.0
45233,45193,A,0,0,2,0,2,0,1.0,-0.0
45247,45207,B,0,0,1,0,3,2,1.0,-0.0
45259,45219,B,1,0,0,0,2,1,1.0,-0.0
45263,45223,C,0,1,0,1,2,0,0.5,1.0
45281,45241,A,0,1,1,1,3,0,0.3333333333333333,1.584962500721156
45289,45249,E,0,0,0,1,2,1,1.0,-0.0
45293,45253,A,1,0,0,2,3,0,0.5555555555555556,0.9182958340544896
45307,45267,B,0,0,1,1,3,1,0.5,1.0
45317,45277,A,0,0,2,0,2,0,1.0,-0.0
45319,45279,B,1,0,1,0,6,4,0.5,1.0
45329,45289,A,1,0,0,0,1,0,1.0,-0.0
45337,45297,E,0,0,1,1,4,2,0.5,1.0
45341,45301,A,0,2,0,0,2,0,1.0,-0.0
45343,45303,B,0,1,0,0,2,1,1.0,-0.0
45361,45321,E,0,0,0,1,2,1,1.0,-0.0
45377,45337,A,1,0,0,0,1,0,1.0,-0.0
45389,45349,A,0,2,0,0,2,0,1.0,-0.0
45403,45363,B,1,0,0,0,2,1,1.0,-0.0
45413,45373,A,1,2,0,0,3,0,0.5555555555555556,0.9182958340544896
45427,45387,B,0,2,0,0,5,3,1.0,-0.0
45433,45393,E,0,0,0,1,2,1,1.0,-0.0
45439,45399,B,2,0,0,0,3,1,1.0,-0.0
45481,45441,E,0,1,0,1,7,5,0.5,1.0
45491,45451,C,0,0,3,0,3,0,1.0,-0.0
45497,45457,A,0,0,0,2,2,0,1.0,-0.0
45503,45463,C,0,1,0,1,2,0,0.5,1.0
45523,45483,B,0,1,0,0,2,1,1.0,-0.0
45533,45493,A,1,0,2,0,3,0,0.5555555555555556,0.9182958340544896
45541,45501,E,0,1,1,0,3,1,0.5,1.0
45553,45513,E,1,1,0,0,4,2,0.5,1.0
45557,45517,A,0,0,0,2,2,0,1.0,-0.0
45569,45529,A,0,0,0,2,2,0,1.0,-0.0
45587,45547,C,1,0,1,0,2,0,0.5,1.0
45589,45549,E,1,0,1,0,5,3,0.5,1.0
45599,45559,C,0,1,0,1,2,0,0.5,1.0
45613,45573,E,1,0,0,1,3,1,0.5,1.0
45631,45591,B,1,0,1,1,4,1,0.3333333333333333,1.584962500721156
45641,45601,A,0,0,2,0,2,0,1.0,-0.0
45659,45619,C,0,0,5,0,5,0,1.0,-0.0
45667,45627,B,0,0,1,1,3,1,0.5,1.0
45673,45633,E,0,2,1,0,4,1,0.5555555555555556,0.9182958340544896
45677,45637,A,0,0,0,2,2,0,1.0,-0.0
45691,45651,B,1,0,0,0,2,1,1.0,-0.0
45697,45657,E,0,1,1,0,5,3,0.5,1.0
45707,45667,C,0,0,1,0,1,0,1.0,-0.0
45737,45697,A,1,0,0,0,1,0,1.0,-0.0
45751,45711,B,1,0,0,0,4,3,1.0,-0.0
45757,45717,E,0,0,2,1,4,1,0.5555555555555556,0.9182958340544896
45763,45723,B,1,0,0,0,2,1,1.0,-0.0
45767,45727,C,0,1,0,1,2,0,0.5,1.0
45779,45739,C,0,1,0,1,2,0,0.5,1.0
45817,45777,E,0,0,1,0,2,1,1.0,-0.0
45821,45781,A,0,2,0,0,2,0,1.0,-0.0
45823,45783,B,0,0,0,1,3,2,1.0,-0.0
45827,45787,C,0,0,3,0,3,0,1.0,-0.0
45833,45793,A,1,0,0,2,3,0,0.5555555555555556,0.9182958340544896
45841,45801,E,0,0,2,0,4,2,1.0,-0.0
45853,45813,E,0,0,1,0,2,1,1.0,-0.0
45863,45823,C,0,0,1,0,1,0,1.0,-0.0
45869,45829,A,0,0,2,0,2,0,1.0,-0.0
45887,45847,C,0,0,3,0,3,0,1.0,-0.0
45893,45853,A,1,0,0,0,1,0,1.0,-0.0
45943,45903,B,1,0,0,2,4,1,0.5555555555555556,0.9182958340544896
45949,45909,E,1,0,0,0,3,2,1.0,-0.0
45953,45913,A,1,0,2,0,3,0,0.5555555555555556,0.9182958340544896
45959,45919,C,0,1,0,1,2,0,0.5,1.0
45971,45931,C,0,1,0,1,2,0,0.5,1.0
45979,45939,B,1,0,0,0,2,1,1.0,-0.0
45989,45949,A,1,0,0,0,1,0,1.0,-0.0
46021,45981,E,1,0,0,1,5,3,0.5,1.0
46027,45987,B,0,1,0,0,2,1,1.0,-0.0
46049,46009,A,0,0,2,0,2,0,1.0,-0.0
46051,46011,B,1,0,2,0,4,1,0.5555555555555556,0.9182958340544896
46061,46021,A,1,0,0,0,1,0,1.0,-0.0
46073,46033,A,2,0,0,0,2,0,1.0,-0.0
46091,46051,C,0,0,1,0,1,0,1.0,-0.0
46093,46053,E,0,1,2,0,5,2,0.5555555555555556,0.9182958340544896
46099,46059,B,1,1,0,0,3,1,0.5,1.0
46103,46063,C,1,0,1,0,2,0,0.5,1.0
46133,46093,A,1,0,0,0,1,0,1.0,-0.0
46141,46101,E,0,0,1,2,4,1,0.5555555555555556,0.9182958340544896
46147,46107,B,1,0,0,1,4,2,0.5,1.0
46153,46113,E,0,1,1,0,3,1,0.5,1.0
46171,46131,B,0,1,0,0,2,1,1.0,-0.0
46181,46141,A,1,0,0,0,1,0,1.0,-0.0
46183,46143,B,0,1,0,0,4,3,1.0,-0.0
46187,46147,C,0,0,1,0,1,0,1.0,-0.0
46199,46159,C,1,0,1,0,2,0,0.5,1.0
46219,46179,B,1,0,1,0,4,2,0.5,1.0
46229,46189,A,1,1,1,1,4,0,0.25,2.0
46237,46197,E,0,1,0,1,5,3,0.5,1.0
46261,46221,E,0,0,2,1,4,1,0.5555555555555556,0.9182958340544896
46271,46231,C,0,1,0,1,2,0,0.5,1.0
46273,46233,E,0,0,0,2,4,2,1.0,-0.0
46279,46239,B,0,1,0,0,2,1,1.0,-0.0
46301,46261,A,1,0,0,0,1,0,1.0,-0.0
46307,46267,C,1,0,1,0,2,0,0.5,1.0
46309,46269,E,1,1,0,0,4,2,0.5,1.0
46327,46287,B,1,0,1,0,4,2,0.5,1.0
46337,46297,A,0,0,2,0,2,0,1.0,-0.0
46349,46309,A,1,0,0,0,1,0,1.0,-0.0
46351,46311,B,0,0,1,1,3,1,0.5,1.0
46381,46341,E,0,0,2,0,4,2,1.0,-0.0
46399,46359,B,0,2,0,0,5,3,1.0,-0.0
46411,46371,B,1,2,0,0,4,1,0.5555555555555556,0.9182958340544896
46439,46399,C,0,0,1,0,1,0,1.0,-0.0
46441,46401,E,0,0,0,1,2,1,1.0,-0.0
46447,46407,B,0,0,2,0,3,1,1.0,-0.0
46451,46411,C,0,0,1,0,1,0,1.0,-0.0
46457,46417,A,1,0,2,0,3,0,0.5555555555555556,0.9182958340544896
46471,46431,B,0,0,2,1,5,2,0.5555555555555556,0.9182958340544896
46477,46437,E,1,0,0,1,3,1,0.5,1.0
46489,46449,E,2,0,0,0,4,2,1.0,-0.0
46499,46459,C,1,0,1,0,2,0,0.5,1.0
46507,46467,B,0,1,0,0,4,3,1.0,-0.0
46511,46471,C,0,0,1,0,1,0,1.0,-0.0
46523,46483,C,0,0,1,2,3,0,0.5555555555555556,0.9182958340544896
46549,46509,E,1,0,0,1,3,1,0.5,1.0
46559,46519,C,0,1,0,1,2,0,0.5,1.0
46567,46527,B,1,1,0,0,3,1,0.5,1.0
46573,46533,E,0,0,1,0,2,1,1.0,-0.0
46589,46549,A,1,0,0,0,1,0,1.0,-0.0
46591,46551,B,0,0,0,2,3,1,1.0,-0.0
46601,46561,A,0,2,0,0,2,0,1.0,-0.0
46619,46579,C,1,0,1,0,2,0,0.5,1.0
46633,46593,E,0,0,1,1,4,2,0.5,1.0
46639,46599,B,0,1,2,0,4,1,0.5555555555555556,0.9182958340544896
46643,46603,C,0,1,0,1,2,0,0.5,1.0
46649,46609,A,0,0,2,0,2,0,1.0,-0.0
46663,46623,B,1,0,0,0,2,1,1.0,-0.0
46679,46639,C,0,0,1,0,1,0,1.0,-0.0
46681,46641,E,1,0,1,0,3,1,0.5,1.0
46687,46647,B,1,0,0,1,4,2,0.5,1.0
46691,46651,C,0,1,0,1,2,0,0.5,1.0
46703,46663,C,0,0,1,0,1,0,1.0,-0.0
46723,46683,B,1,0,2,0,6,3,0.5555555555555556,0.9182958340544896
46727,46687,C,0,0,1,0,1,0,1.0,-0.0
46747,46707,B,0,1,0,0,2,1,1.0,-0.0
46751,46711,C,1,0,1,0,2,0,0.5,1.0
46757,46717,A,0,1,1,1,3,0,0.3333333333333333,1.584962500721156
46769,46729,A,0,0,0,2,2,0,1.0,-0.0
46771,46731,B,2,0,0,0,3,1,1.0,-0.0
46807,46767,B,0,1,1,1,4,1,0.3333333333333333,1.584962500721156
46811,46771,C,0,0,1,0,1,0,1.0,-0.0
46817,46777,A,0,2,0,0,2,0,1.0,-0.0
46819,46779,B,0,0,1,1,3,1,0.5,1.0
46829,46789,A,0,0,0,2,2,0,1.0,-0.0
46831,46791,B,0,1,0,0,4,3,1.0,-0.0
46853,46813,A,3,0,0,0,3,0,1.0,-0.0
46861,46821,E,0,0,1,0,2,1,1.0,-0.0
46867,46827,B,0,0,1,2,5,2,0.5555555555555556,0.9182958340544896
46877,46837,A,0,0,2,0,2,0,1.0,-0.0
46889,46849,A,0,0,0,2,2,0,1.0,-0.0
46901,46861,A,1,0,0,0,1,0,1.0,-0.0
46919,46879,C,2,0,1,0,3,0,0.5555555555555556,0.9182958340544896
46933,46893,E,0,1,2,1,5,1,0.375,1.5
46957,46917,E,1,1,0,0,4,2,0.5,1.0
46993,46953,E,1,0,0,1,5,3,0.5,1.0
46997,46957,A,1,0,0,0,1,0,1.0,-0.0
47017,46977,E,0,1,1,0,3,1,0.5,1.0
47041,47001,E,0,0,1,0,2,1,1.0,-0.0
47051,47011,C,0,1,0,1,2,0,0.5,1.0
47057,47017,A,1,0,0,0,1,0,1.0,-0.0
47059,47019,B,0,0,2,0,3,1,1.0,-0.0
47087,47047,C,1,0,1,2,4,0,0.375,1.5
47093,47053,A,0,0,2,0,2,0,1.0,-0.0
47111,47071,C,1,0,1,0,2,0,0.5,1.0
47119,47079,B,0,0,0,1,3,2,1.0,-0.0
47123,47083,C,0,1,0,1,2,0,0.5,1.0
47129,47089,A,0,0,4,0,4,0,1.0,-0.0
47137,47097,E,1,0,0,0,3,2,1.0,-0.0
47143,47103,B,0,0,1,1,3,1,0.5,1.0
47147,47107,C,0,2,1,0,3,0,0.5555555555555556,0.9182958340544896
47149,47109,E,0,1,0,1,3,1,0.5,1.0
47161,47121,E,0,1,1,0,3,1,0.5,1.0
47189,47149,A,1,0,0,0,1,0,1.0,-0.0
47207,47167,C,0,1,0,1,2,0,0.5,1.0
47221,47181,E,0,0,1,0,2,1,1.0,-0.0
47237,47197,A,2,0,0,0,2,0,1.0,-0.0
47251,47211,B,0,1,0,0,2,1,1.0,-0.0
47269,47229,E,1,1,1,0,4,1,0.3333333333333333,1.584962500721156
47279,47239,C,1,0,1,0,2,0,0.5,1.0
47287,47247,B,0,1,0,0,2,1,1.0,-0.0
47293,47253,E,1,0,1,0,3,1,0.5,1.0
47297,47257,A,1,0,2,0,3,0,0.5555555555555556,0.9182958340544896
47303,47263,C,1,0,1,0,2,0,0.5,1.0
47309,47269,A,1,0,0,0,1,0,1.0,-0.0
47317,47277,E,0,1,1,0,5,3,0.5,1.0
47339,47299,C,0,2,1,0,3,0,0.5555555555555556,0.9182958340544896
47351,47311,C,0,1,0,3,4,0,0.625,0.8112781244591328
47353,47313,E,0,0,2,0,4,2,1.0,-0.0
47363,47323,C,1,0,1,0,2,0,0.5,1.0
47381,47341,A,0,0,2,0,2,0,1.0,-0.0
47387,47347,C,0,1,0,1,2,0,0.5,1.0
47389,47349,E,0,1,0,0,3,2,1.0,-0.0
47407,47367,B,1,0,1,0,4,2,0.5,1.0
47417,47377,A,1,0,0,2,3,0,0.5555555555555556,0.9182958340544896
47419,47379,B,0,2,0,0,3,1,1.0,-0.0
47431,47391,B,0,1,0,0,2,1,1.0,-0.0
47441,47401,A,0,0,0,2,2,0,1.0,-0.0
47459,47419,C,0,0,1,0,1,0,1.0,-0.0
47491,47451,B,1,0,0,0,2,1,1.0,-0.0
47497,47457,E,0,1,0,0,3,2,1.0,-0.0
47501,47461,A,0,0,2,0,2,0,1.0,-0.0
47507,47467,C,1,0,1,0,2,0,0.5,1.0
47513,47473,A,0,2,0,0,2,0,1.0,-0.0
47521,47481,E,0,1,3,0,5,1,0.625,0.8112781244591328
47527,47487,B,0,0,0,2,3,1,1.0,-0.0
47533,47493,E,0,0,1,0,4,3,1.0,-0.0
47543,47503,C,1,0,1,0,2,0,0.5,1.0
47563,47523,B,1,0,2,0,4,1,0.5555555555555556,0.9182958340544896
47569,47529,E,1,0,0,0,3,2,1.0,-0.0
47581,47541,E,1,1,0,1,4,1,0.3333333333333333,1.584962500721156
47591,47551,C,1,0,1,0,2,0,0.5,1.0
47599,47559,B,0,0,0,2,3,1,1.0,-0.0
47609,47569,A,1,0,0,0,1,0,1.0,-0.0
47623,47583,B,0,1,0,1,4,2,0.5,1.0
47629,47589,E,0,1,1,0,3,1,0.5,1.0
47639,47599,C,0,0,1,0,1,0,1.0,-0.0
47653,47613,E,0,1,0,1,3,1,0.5,1.0
47657,47617,A,0,2,0,0,2,0,1.0,-0.0
47659,47619,B,2,0,0,1,5,2,0.5555555555555556,0.9182958340544896
47681,47641,A,1,0,0,2,3,0,0.5555555555555556,0.9182958340544896
47699,47659,C,0,0,1,0,1,0,1.0,-0.0
47701,47661,E,0,0,0,1,2,1,1.0,-0.0
47711,47671,C,2,0,1,0,3,0,0.5555555555555556,0.9182958340544896
47713,47673,E,0,1,0,0,3,2,1.0,-0.0
47717,47677,A,0,0,4,0,4,0,1.0,-0.0
47737,47697,E,1,0,0,1,3,1,0.5,1.0
47741,47701,A,1,0,0,0,1,0,1.0,-0.0
47743,47703,B,1,0,0,0,2,1,1.0,-0.0
47777,47737,A,1,0,0,0,1,0,1.0,-0.0
47779,47739,B,1,0,0,0,2,1,1.0,-0.0
47791,47751,B,0,0,1,1,3,1,0.5,1.0
47797,47757,E,0,0,1,0,2,1,1.0,-0.0
47807,47767,C,1,0,1,0,2,0,0.5,1.0
47809,47769,E,0,0,0,1,2,1,1.0,-0.0
47819,47779,C,0,0,1,0,1,0,1.0,-0.0
47837,47797,A,1,0,0,0,1,0,1.0,-0.0
47843,47803,C,1,0,1,0,2,0,0.5,1.0
47857,47817,E,0,0,1,2,6,3,0.5555555555555556,0.9182958340544896
47869,47829,E,0,1,0,1,3,1,0.5,1.0
47881,47841,E,1,0,0,1,3,1,0.5,1.0
47903,47863,C,0,1,0,1,2,0,0.5,1.0
47911,47871,B,0,1,0,0,6,5,1.0,-0.0
47917,47877,E,0,0,0,1,2,1,1.0,-0.0
47933,47893,A,0,0,0,2,2,0,1.0,-0.0
47939,47899,C,1,0,1,0,2,0,0.5,1.0
47947,47907,B,0,0,1,0,3,2,1.0,-0.0
47951,47911,C,0,0,1,0,1,0,1.0,-0.0
47963,47923,C,0,1,0,1,2,0,0.5,1.0
47969,47929,A,0,1,1,1,3,0,0.3333333333333333,1.584962500721156
47977,47937,E,0,2,1,0,4,1,0.5555555555555556,0.9182958340544896
47981,47941,A,0,0,0,2,2,0,1.0,-0.0
48017,47977,A,1,0,0,0,1,0,1.0,-0.0
48023,47983,C,1,0,1,0,2,0,0.5,1.0
48029,47989,A,2,0,0,0,2,0,1.0,-0.0
48049,48009,E,1,0,1,0,3,1,0.5,1.0
48073,48033,E,0,1,0,0,5,4,1.0,-0.0
48079,48039,B,0,0,1,1,3,1,0.5,1.0
48091,48051,B,0,1,1,0,4,2,0.5,1.0
48109,48069,E,1,0,2,0,5,2,0.5555555555555556,0.9182958340544896
48119,48079,C,0,0,1,0,1,0,1.0,-0.0
48121,48081,E,0,0,1,2,4,1,0.5555555555555556,0.9182958340544896
48131,48091,C,0,0,1,0,1,0,1.0,-0.0
48157,48117,E,1,0,1,0,3,1,0.5,1.0
48163,48123,B,0,0,1,0,3,2,1.0,-0.0
48179,48139,C,1,0,1,2,4,0,0.375,1.5
48187,48147,B,0,0,1,1,3,1,0.5,1.0
48193,48153,E,1,0,1,0,3,1,0.5,1.0
48197,48157,A,1,0,0,0,1,0,1.0,-0.0
48221,48181,A,0,0,2,0,2,0,1.0,-0.0
48239,48199,C,1,0,1,0,2,0,0.5,1.0
48247,48207,B,1,0,0,0,2,1,1.0,-0.0
48259,48219,B,0,1,0,0,2,1,1.0,-0.0
48271,48231,B,0,1,0,1,4,2,0.5,1.0
48281,48241,A,0,0,2,0,2,0,1.0,-0.0
48299,48259,C,0,0,1,0,1,0,1.0,-0.0
48311,48271,C,0,0,1,0,1,0,1.0,-0.0
48313,48273,E,0,0,0,1,2,1,1.0,-0.0
48337,48297,E,0,1,0,1,3,1,0.5,1.0
48341,48301,A,0,0,0,2,2,0,1.0,-0.0
48353,48313,A,1,0,0,0,1,0,1.0,-0.0
48371,48331,C,0,1,0,1,2,0,0.5,1.0
48383,48343,C,0,1,0,1,2,0,0.5,1.0
48397,48357,E,0,0,1,0,6,5,1.0,-0.0
48407,48367,C,0,1,0,1,2,0,0.5,1.0
48409,48369,E,0,1,0,1,3,1,0.5,1.0
48413,48373,A,3,0,0,0,3,0,1.0,-0.0
48437,48397,A,1,0,0,0,1,0,1.0,-0.0
48449,48409,A,1,0,0,0,1,0,1.0,-0.0
48463,48423,B,1,0,0,0,2,1,1.0,-0.0
48473,48433,A,1,1,1,1,4,0,0.25,2.0
48479,48439,C,0,1,0,1,2,0,0.5,1.0
48481,48441,E,1,0,1,0,3,1,0.5,1.0
48487,48447,B,1,0,1,0,4,2,0.5,1.0
48491,48451,C,1,0,1,0,2,0,0.5,1.0
48497,48457,A,0,0,0,2,2,0,1.0,-0.0
48523,48483,B,0,0,0,1,3,2,1.0,-0.0
48527,48487,C,0,0,1,0,1,0,1.0,-0.0
48533,48493,A,0,0,0,2,2,0,1.0,-0.0
48539,48499,C,0,1,0,1,2,0,0.5,1.0
48541,48501,E,0,2,0,0,4,2,1.0,-0.0
48563,48523,C,0,0,1,0,1,0,1.0,-0.0
48571,48531,B,0,0,2,0,3,1,1.0,-0.0
48589,48549,E,0,0,1,0,2,1,1.0,-0.0
48593,48553,A,0,0,0,2,2,0,1.0,-0.0
48611,48571,C,0,0,1,0,1,0,1.0,-0.0
48619,48579,B,0,1,0,0,2,1,1.0,-0.0
48623,48583,C,1,0,1,0,2,0,0.5,1.0
48647,48607,C,1,0,1,0,2,0,0.5,1.0
48649,48609,E,0,0,0,2,4,2,1.0,-0.0
48661,48621,E,1,0,1,0,3,1,0.5,1.0
48673,48633,E,1,1,1,0,4,1,0.3333333333333333,1.584962500721156
48677,48637,A,0,2,0,0,2,0,1.0,-0.0
48679,48639,B,0,0,2,0,3,1,1.0,-0.0
48731,48691,C,1,1,0,1,3,0,0.3333333333333333,1.584962500721156
48733,48693,E,0,0,1,0,2,1,1.0,-0.0
48751,48711,B,2,0,0,0,3,1,1.0,-0.0
48757,48717,E,1,0,0,0,3,2,1.0,-0.0
48761,48721,A,0,0,0,2,2,0,1.0,-0.0
48767,48727,C,1,0,1,0,2,0,0.5,1.0
48779,48739,C,1,1,0,1,3,0,0.3333333333333333,1.584962500721156
48781,48741,E,0,0,2,1,4,1,0.5555555555555556,0.9182958340544896
48787,48747,B,1,0,0,0,2,1,1.0,-0.0
48799,48759,B,0,1,0,0,2,1,1.0,-0.0
48809,48769,A,0,0,2,0,2,0,1.0,-0.0
48817,48777,E,1,0,0,1,3,1,0.5,1.0
48821,48781,A,1,0,0,0,1,0,1.0,-0.0
48823,48783,B,0,1,1,1,4,1,0.3333333333333333,1.584962500721156
48847,48807,B,0,2,0,1,5,2,0.5555555555555556,0.9182958340544896
48857,48817,A,1,0,0,0,1,0,1.0,-0.0
48859,48819,B,1,0,0,0,2,1,1.0,-0.0
48869,48829,A,1,0,0,2,3,0,0.5555555555555556,0.9182958340544896
48871,48831,B,1,1,0,0,3,1,0.5,1.0
48883,48843,B,0,0,1,0,7,6,1.0,-0.0
48889,48849,E,0,1,1,0,3,1,0.5,1.0
48907,48867,B,1,0,1,1,4,1,0.3333333333333333,1.584962500721156
48947,48907,C,0,0,1,0,1,0,1.0,-0.0
48953,48913,A,0,2,0,0,2,0,1.0,-0.0
48973,48933,E,1,0,0,0,3,2,1.0,-0.0
48989,48949,A,0,0,2,0,2,0,1.0,-0.0
48991,48951,B,1,0,2,0,6,3,0.5555555555555556,0.9182958340544896
49003,48963,B,0,0,2,0,3,1,1.0,-0.0
49009,48969,E,0,1,0,0,3,2,1.0,-0.0
49019,48979,C,1,0,1,0,2,0,0.5,1.0
49031,48991,C,0,0,1,0,1,0,1.0,-0.0
49033,48993,E,0,1,1,0,3,1,0.5,1.0
49037,48997,A,2,0,0,0,2,0,1.0,-0.0
49043,49003,C,0,0,1,0,1,0,1.0,-0.0
49057,49017,E,0,0,1,0,2,1,1.0,-0.0
49069,49029,E,1,0,0,1,3,1,0.5,1.0
49081,49041,E,1,0,0,0,3,2,1.0,-0.0
49103,49063,C,0,0,3,0,3,0,1.0,-0.0
49109,49069,A,1,0,0,0,1,0,1.0,-0.0
49117,49077,E,0,1,2,0,5,2,0.5555555555555556,0.9182958340544896
49121,49081,A,1,0,0,0,1,0,1.0,-0.0
49123,49083,B,0,1,0,0,2,1,1.0,-0.0
49139,49099,C,1,0,1,0,2,0,0.5,1.0
49157,49117,A,1,0,0,0,1,0,1.0,-0.0
49169,49129,A,2,0,0,0,2,0,1.0,-0.0
49171,49131,B,0,1,1,0,4,2,0.5,1.0
49177,49137,E,1,0,0,1,3,1,0.5,1.0
49193,49153,A,1,0,2,0,3,0,0.5555555555555556,0.9182958340544896
49199,49159,C,1,1,0,1,3,0,0.3333333333333333,1.584962500721156
49201,49161,E,1,0,1,0,3,1,0.5,1.0
49207,49167,B,0,0,1,0,5,4,1.0,-0.0
49211,49171,C,0,0,1,0,1,0,1.0,-0.0
49223,49183,C,0,1,0,1,2,0,0.5,1.0
49253,49213,A,0,2,0,0,2,0,1.0,-0.0
49261,49221,E,0,0,0,1,4,3,1.0,-0.0
49277,49237,A,0,2,0,0,2,0,1.0,-0.0
49279,49239,B,0,0,0,1,3,2,1.0,-0.0
49297,49257,E,2,0,0,0,4,2,1.0,-0.0
49307,49267,C,1,0,1,0,2,0,0.5,1.0
49331,49291,C,0,1,0,1,2,0,0.5,1.0
49333,49293,E,0,1,0,0,3,2,1.0,-0.0
49339,49299,B,0,1,0,0,2,1,1.0,-0.0
49363,49323,B,0,2,0,0,3,1,1.0,-0.0
49367,49327,C,0,1,0,1,2,0,0.5,1.0
49369,49329,E,0,1,1,0,7,5,0.5,1.0
49391,49351,C,0,1,0,1,2,0,0.5,1.0
49393,49353,E,0,0,0,1,2,1,1.0,-0.0
49409,49369,A,1,0,0,0,1,0,1.0,-0.0
49411,49371,B,0,0,1,1,3,1,0.5,1.0
49417,49377,E,1,0,1,0,3,1,0.5,1.0
49429,49389,E,0,1,1,0,3,1,0.5,1.0
49433,49393,A,1,0,0,0,1,0,1.0,-0.0
49451,49411,C,0,0,1,0,1,0,1.0,-0.0
49459,49419,B,0,2,1,0,5,2,0.5555555555555556,0.9182958340544896
49463,49423,C,0,1,0,1,2,0,0.5,1.0
49477,49437,E,0,0,1,0,4,3,1.0,-0.0
49481,49441,A,1,0,2,0,3,0,0.5555555555555556,0.9182958340544896
49499,49459,C,0,0,1,0,1,0,1.0,-0.0
49523,49483,C,1,0,1,0,2,0,0.5,1.0
49529,49489,A,1,0,0,2,3,0,0.5555555555555556,0.9182958340544896
49531,49491,B,1,0,0,1,6,4,0.5,1.0
49537,49497,E,0,1,1,0,3,1,0.5,1.0
49547,49507,C,1,0,1,0,2,0,0.5,1.0
49549,49509,E,0,1,0,0,3,2,1.0,-0.0
49559,49519,C,0,1,0,1,2,0,0.5,1.0
49597,49557,E,0,0,1,0,2,1,1.0,-0.0
49603,49563,B,0,0,0,1,3,2,1.0,-0.0
49613,49573,A,0,2,0,0,2,0,1.0,-0.0
49627,49587,B,0,1,0,0,2,1,1.0,-0.0
49633,49593,E,1,0,1,0,3,1,0.5,1.0
49639,49599,B,0,0,0,2,5,3,1.0,-0.0
49663,49623,B,0,1,2,0,4,1,0.5555555555555556,0.9182958340544896
49667,49627,C,0,0,1,0,1,0,1.0,-0.0
49669,49629,E,0,1,0,1,3,1,0.5,1.0
49681,49641,E,0,0,0,1,2,1,1.0,-0.0
49697,49657,A,0,1,1,1,3,0,0.3333333333333333,1.584962500721156
49711,49671,B,0,0,0,1,3,2,1.0,-0.0
49727,49687,C,0,1,0,1,2,0,0.5,1.0
49739,49699,C,1,0,1,0,2,0,0.5,1.0
49741,49701,E,0,0,1,0,2,1,1.0,-0.0
49747,49707,B,0,0,1,1,5,3,0.5,1.0
49757,49717,A,0,0,0,2,2,0,1.0,-0.0
49783,49743,B,0,0,1,0,3,2,1.0,-0.0
49787,49747,C,0,0,1,0,1,0,1.0,-0.0
49789,49749,E,0,0,2,1,4,1,0.5555555555555556,0.9182958340544896
49801,49761,E,1,0,1,0,5,3,0.5,1.0
49807,49767,B,1,1,0,0,3,1,0.5,1.0
49811,49771,C,0,1,0,1,2,0,0.5,1.0
49823,49783,C,0,0,1,0,1,0,1.0,-0.0
49831,49791,B,0,0,2,0,3,1,1.0,-0.0
49843,49803,B,1,1,0,0,3,1,0.5,1.0
49853,49813,A,2,0,0,0,2,0,1.0,-0.0
49871,49831,C,0,0,1,0,1,0,1.0,-0.0
49877,49837,A,1,0,2,0,3,0,0.5555555555555556,0.9182958340544896
49891,49851,B,0,1,0,1,4,2,0.5,1.0
49919,49879,C,1,0,1,0,2,0,0.5,1.0
49921,49881,E,1,0,1,0,3,1,0.5,1.0
49927,49887,B,1,0,0,1,4,2,0.5,1.0
49937,49897,A,0,2,0,0,2,0,1.0,-0.0
49939,49899,B,1,0,0,0,2,1,1.0,-0.0
49943,49903,C,1,0,1,0,2,0,0.5,1.0
49957,49917,E,1,0,1,0,3,1,0.5,1.0
49991,49951,C,0,0,1,2,3,0,0.5555555555555556,0.9182958340544896
49993,49953,E,0,0,1,0,2,1,1.0,-0.0
49999,49959,B,2,0,1,0,5,2,0.5555555555555556,0.9182958340544896
50021,49981,A,0,0,2,0,2,0,1.0,-0.0
50023,49983,B,0,1,0,0,2,1,1.0,-0.0
50033,49993,A,1,0,0,0,1,0,1.0,-0.0
50047,50007,B,0,0,2,0,3,1,1.0,-0.0
50051,50011,C,1,0,1,0,2,0,0.5,1.0
50053,50013,E,1,0,0,0,3,2,1.0,-0.0
50069,50029,A,1,0,2,0,3,0,0.5555555555555556,0.9182958340544896
50077,50037,E,1,0,0,1,3,1,0.5,1.0
50087,50047,C,0,0,1,0,1,0,1.0,-0.0
50093,50053,A,1,0,0,0,1,0,1.0,-0.0
50101,50061,E,1,1,0,1,4,1,0.3333333333333333,1.584962500721156
50111,50071,C,0,0,1,2,3,0,0.5555555555555556,0.9182958340544896
50119,50079,B,1,0,0,0,2,1,1.0,-0.0
50123,50083,C,1,1,0,1,3,0,0.3333333333333333,1.584962500721156
50129,50089,A,2,0,0,0,2,0,1.0,-0.0
50131,50091,B,0,0,1,1,3,1,0.5,1.0
50147,50107,C,0,1,0,1,2,0,0.5,1.0
50153,50113,A,0,0,2,0,2,0,1.0,-0.0
50159,50119,C,0,0,1,0,1,0,1.0,-0.0
50177,50137,A,2,0,0,0,2,0,1.0,-0.0
50207,50167,C,1,1,0,1,3,0,0.3333333333333333,1.584962500721156
50221,50181,E,0,1,1,0,3,1,0.5,1.0
50227,50187,B,1,0,0,0,2,1,1.0,-0.0
50231,50191,C,0,1,0,1,2,0,0.5,1.0
50261,50221,A,1,0,0,0,1,0,1.0,-0.0
50263,50223,B,1,0,0,0,2,1,1.0,-0.0
50273,50233,A,0,0,0,2,2,0,1.0,-0.0
50287,50247,B,1,0,0,0,4,3,1.0,-0.0
50291,50251,C,1,0,1,0,2,0,0.5,1.0
50311,50271,B,1,1,0,0,3,1,0.5,1.0
50321,50281,A,0,1,1,1,3,0,0.3333333333333333,1.584962500721156
50329,50289,E,0,0,0,1,2,1,1.0,-0.0
50333,50293,A,0,0,2,0,2,0,1.0,-0.0
50341,50301,E,0,0,0,1,8,7,1.0,-0.0
50359,50319,B,0,0,0,1,3,2,1.0,-0.0
50363,50323,C,1,0,3,0,4,0,0.625,0.8112781244591328
50377,50337,E,0,1,1,1,5,2,0.3333333333333333,1.584962500721156
50383,50343,B,1,1,0,0,3,1,0.5,1.0
50387,50347,C,0,0,1,2,3,0,0.5555555555555556,0.9182958340544896
50411,50371,C,0,1,0,1,2,0,0.5,1.0
50417,50377,A,1,0,0,0,1,0,1.0,-0.0
50423,50383,C,0,0,1,0,1,0,1.0,-0.0
50441,50401,A,2,0,0,0,2,0,1.0,-0.0
50459,50419,C,1,0,1,0,2,0,0.5,1.0
50461,50421,E,0,0,5,0,6,1,1.0,-0.0
50497,50457,E,0,0,1,2,4,1,0.5555555555555556,0.9182958340544896
50503,50463,B,0,1,1,0,6,4,0.5,1.0
50513,50473,A,0,2,0,0,2,0,1.0,-0.0
50527,50487,B,0,1,0,0,2,1,1.0,-0.0
50539,50499,B,1,0,1,0,4,2,0.5,1.0
50543,50503,C,0,0,1,0,1,0,1.0,-0.0
50549,50509,A,0,2,0,0,2,0,1.0,-0.0
50551,50511,B,0,2,0,0,3,1,1.0,-0.0
50581,50541,E,0,1,1,0,3,1,0.5,1.0
50587,50547,B,0,1,1,1,4,1,0.3333333333333333,1.584962500721156
50591,50551,C,0,0,1,0,1,0,1.0,-0.0
50593,50553,E,0,2,0,0,4,2,1.0,-0.0
50599,50559,B,0,0,1,1,3,1,0.5,1.0
50627,50587,C,0,0,1,0,1,0,1.0,-0.0
50647,50607,B,0,0,1,0,3,2,1.0,-0.0
50651,50611,C,0,0,1,2,3,0,0.5555555555555556,0.9182958340544896
50671,50631,B,0,0,1,1,3,1,0.5,1.0
50683,50643,B,0,1,1,0,4,2,0.5,1.0
50707,50667,B,0,1,0,0,2,1,1.0,-0.0
50723,50683,C,0,0,1,0,1,0,1.0,-0.0
50741,50701,A,0,0,2,0,2,0,1.0,-0.0
50753,50713,A,1,0,0,2,3,0,0.5555555555555556,0.9182958340544896
50767,50727,B,2,0,0,0,3,1,1.0,-0.0
50773,50733,E,0,0,1,0,4,3,1.0,-0.0
50777,50737,A,0,2,0,0,2,0,1.0,-0.0
50789,50749,A,0,0,2,0,2,0,1.0,-0.0
50821,50781,E,0,0,1,0,2,1,1.0,-0.0
50833,50793,E,0,0,0,1,2,1,1.0,-0.0
50839,50799,B,0,1,1,1,4,1,0.3333333333333333,1.584962500721156
50849,50809,A,0,1,1,1,3,0,0.3333333333333333,1.584962500721156
50857,50817,E,1,0,1,0,3,1,0.5,1.0
50867,50827,C,0,2,1,0,3,0,0.5555555555555556,0.9182958340544896
50873,50833,A,1,0,0,0,1,0,1.0,-0.0
50891,50851,C,1,0,1,0,2,0,0.5,1.0
50893,50853,E,0,0,1,2,4,1,0.5555555555555556,0.9182958340544896
50909,50869,A,2,0,2,0,4,0,0.5,1.0
50923,50883,B,0,0,1,1,3,1,0.5,1.0
50929,50889,E,0,0,1,0,2,1,1.0,-0.0
50951,50911,C,0,0,3,0,3,0,1.0,-0.0
50957,50917,A,0,0,0,2,2,0,1.0,-0.0
50969,50929,A,1,0,0,0,1,0,1.0,-0.0
50971,50931,B,0,0,1,0,3,2,1.0,-0.0
50989,50949,E,1,1,0,0,6,4,0.5,1.0
50993,50953,A,0,1,1,1,3,0,0.3333333333333333,1.584962500721156
51001,50961,E,0,0,1,0,2,1,1.0,-0.0
51031,50991,B,0,0,1,1,3,1,0.5,1.0
51043,51003,B,0,1,0,0,4,3,1.0,-0.0
51047,51007,C,0,1,0,1,2,0,0.5,1.0
51059,51019,C,1,0,1,0,2,0,0.5,1.0
51061,51021,E,0,1,0,0,3,2,1.0,-0.0
51071,51031,C,0,0,1,0,1,0,1.0,-0.0
51109,51069,E,0,1,0,1,3,1,0.5,1.0
51131,51091,C,1,0,1,0,2,0,0.5,1.0
51133,51093,E,0,0,2,0,4,2,1.0,-0.0
51137,51097,A,2,0,0,0,2,0,1.0,-0.0
51151,51111,B,0,0,1,0,5,4,1.0,-0.0
51157,51117,E,1,0,0,1,3,1,0.5,1.0
51169,51129,E,1,0,1,1,5,2,0.3333333333333333,1.584962500721156
51193,51153,E,0,2,0,1,4,1,0.5555555555555556,0.9182958340544896
51197,51157,A,1,0,0,0,1,0,1.0,-0.0
51199,51159,B,1,0,0,0,2,1,1.0,-0.0
51203,51163,C,1,0,1,0,2,0,0.5,1.0
51217,51177,E,1,0,1,0,3,1,0.5,1.0
51229,51189,E,0,1,1,0,3,1,0.5,1.0
51239,51199,C,0,0,1,0,1,0,1.0,-0.0
51241,51201,E,1,0,0,0,3,2,1.0,-0.0
51257,51217,A,1,0,0,0,1,0,1.0,-0.0
51263,51223,C,1,0,1,0,2,0,0.5,1.0
51283,51243,B,0,1,2,0,4,1,0.5555555555555556,0.9182958340544896
51287,51247,C,1,0,1,0,2,0,0.5,1.0
51307,51267,B,0,0,0,2,3,1,1.0,-0.0
51329,51289,A,0,1,1,1,3,0,0.3333333333333333,1.584962500721156
51341,51301,A,1,2,0,0,3,0,0.5555555555555556,0.9182958340544896
51343,51303,B,1,0,2,0,4,1,0.5555555555555556,0.9182958340544896
51347,51307,C,0,0,1,0,1,0,1.0,-0.0
51349,51309,E,1,0,0,0,3,2,1.0,-0.0
51361,51321,E,0,0,1,0,2,1,1.0,-0.0
51383,51343,C,0,0,1,0,1,0,1.0,-0.0
51407,51367,C,1,0,1,0,2,0,0.5,1.0
51413,51373,A,0,1,1,1,3,0,0.3333333333333333,1.584962500721156
51419,51379,C,0,1,0,1,2,0,0.5,1.0
51421,51381,E,0,1,0,1,5,3,0.5,1.0
51427,51387,B,0,0,1,1,3,1,0.5,1.0
51431,51391,C,0,1,0,1,2,0,0.5,1.0
51437,51397,A,0,0,2,0,2,0,1.0,-0.0
51439,51399,B,0,0,0,1,3,2,1.0,-0.0
51449,51409,A,0,2,0,0,2,0,1.0,-0.0
51461,51421,A,1,0,0,0,1,0,1.0,-0.0
51473,51433,A,0,0,2,0,2,0,1.0,-0.0
51479,51439,C,0,0,1,0,1,0,1.0,-0.0
51481,51441,E,1,0,0,1,3,1,0.5,1.0
51487,51447,B,0,0,0,2,3,1,1.0,-0.0
51503,51463,C,0,1,0,1,2,0,0.5,1.0
51511,51471,B,0,0,3,0,5,2,1.0,-0.0
51517,51477,E,0,0,0,1,2,1,1.0,-0.0
51521,51481,A,1,0,0,0,1,0,1.0,-0.0
51539,51499,C,0,0,3,0,3,0,1.0,-0.0
51551,51511,C,0,0,1,0,1,0,1.0,-0.0
51563,51523,C,1,0,1,0,2,0,0.5,1.0
51577,51537,E,0,1,0,1,3,1,0.5,1.0
51581,51541,A,1,0,2,0,3,0,0.5555555555555556,0.9182958340544896
51593,51553,A,0,0,2,0,2,0,1.0,-0.0
51599,51559,C,0,1,0,1,2,0,0.5,1.0
51607,51567,B,0,1,0,0,2,1,1.0,-0.0
51613,51573,E,0,0,1,0,2,1,1.0,-0.0
51631,51591,B,0,2,0,0,3,1,1.0,-0.0
51637,51597,E,1,0,2,0,7,4,0.5555555555555556,0.9182958340544896
51647,51607,C,0,0,1,0,1,0,1.0,-0.0
51659,51619,C,0,1,0,1,2,0,0.5,1.0
51673,51633,E,1,0,0,0,3,2,1.0,-0.0
51679,51639,B,0,0,1,1,3,1,0.5,1.0
51683,51643,C,1,0,1,0,2,0,0.5,1.0
51691,51651,B,0,1,0,0,4,3,1.0,-0.0
51713,51673,A,1,0,0,0,1,0,1.0,-0.0
51719,51679,C,0,0,1,0,1,0,1.0,-0.0
51721,51681,E,0,0,1,2,4,1,0.5555555555555556,0.9182958340544896
51749,51709,A,0,1,1,1,3,0,0.3333333333333333,1.584962500721156
51767,51727,C,1,1,0,1,3,0,0.3333333333333333,1.584962500721156
51769,51729,E,0,1,1,0,3,1,0.5,1.0
51787,51747,B,0,0,1,1,3,1,0.5,1.0
51797,51757,A,2,0,0,0,2,0,1.0,-0.0
51803,51763,C,1,0,1,0,2,0,0.5,1.0
51817,51777,E,0,0,1,1,4,2,0.5,1.0
51827,51787,C,0,0,1,0,1,0,1.0,-0.0
51829,51789,E,1,0,1,0,3,1,0.5,1.0
51839,51799,C,1,1,0,1,3,0,0.3333333333333333,1.584962500721156
51853,51813,E,0,1,1,0,5,3,0.5,1.0
51859,51819,B,0,0,1,1,3,1,0.5,1.0
51869,51829,A,1,0,0,0,1,0,1.0,-0.0
51871,51831,B,1,0,0,1,4,2,0.5,1.0
51893,51853,A,1,0,0,0,1,0,1.0,-0.0
51899,51859,C,0,0,1,0,1,0,1.0,-0.0
51907,51867,B,0,2,0,0,5,3,1.0,-0.0
51913,51873,E,0,0,0,1,2,1,1.0,-0.0
51929,51889,A,0,0,2,0,2,0,1.0,-0.0
51941,51901,A,0,1,1,1,3,0,0.3333333333333333,1.584962500721156
51949,51909,E,1,0,0,3,5,1,0.625,0.8112781244591328
51971,51931,C,0,1,0,1,2,0,0.5,1.0
51973,51933,E,1,0,1,0,3,1,0.5,1.0
51977,51937,A,0,0,0,2,2,0,1.0,-0.0
51991,51951,B,1,0,0,0,2,1,1.0,-0.0
52009,51969,E,0,1,0,1,3,1,0.5,1.0
52021,51981,E,0,0,0,1,2,1,1.0,-0.0
52027,51987,B,1,0,2,0,4,1,0.5555555555555556,0.9182958340544896
52051,52011,B,0,0,1,0,3,2,1.0,-0.0
52057,52017,E,0,1,1,0,3,1,0.5,1.0
52067,52027,C,0,0,1,0,1,0,1.0,-0.0
52069,52029,E,0,1,0,1,5,3,0.5,1.0
52081,52041,E,0,0,1,2,4,1,0.5555555555555556,0.9182958340544896
52103,52063,C,0,1,0,1,2,0,0.5,1.0
52121,52081,A,1,0,0,0,1,0,1.0,-0.0
52127,52087,C,0,0,3,0,3,0,1.0,-0.0
52147,52107,B,0,0,1,1,3,1,0.5,1.0
52153,52113,E,0,1,0,1,3,1,0.5,1.0
52163,52123,C,0,1,0,1,2,0,0.5,1.0
52177,52137,E,0,0,0,1,4,3,1.0,-0.0
52181,52141,A,0,0,0,2,2,0,1.0,-0.0
52183,52143,B,1,0,1,1,4,1,0.3333333333333333,1.584962500721156
52189,52149,E,0,0,1,0,2,1,1.0,-0.0
52201,52161,E,0,0,0,1,2,1,1.0,-0.0
52223,52183,C,0,0,1,0,1,0,1.0,-0.0
52237,52197,E,0,1,1,0,3,1,0.5,1.0
52249,52209,E,0,1,0,0,3,2,1.0,-0.0
52253,52213,A,0,0,2,0,2,0,1.0,-0.0
52259,52219,C,1,0,1,0,2,0,0.5,1.0
52267,52227,B,1,0,1,0,4,2,0.5,1.0
52289,52249,A,1,0,0,0,1,0,1.0,-0.0
52291,52251,B,0,1,0,0,2,1,1.0,-0.0
52301,52261,A,0,0,0,2,2,0,1.0,-0.0
52313,52273,A,2,0,0,0,2,0,1.0,-0.0
52321,52281,E,2,0,0,0,4,2,1.0,-0.0
52361,52321,A,1,0,0,0,1,0,1.0,-0.0
52363,52323,B,0,0,1,1,3,1,0.5,1.0
52369,52329,E,0,0,1,0,2,1,1.0,-0.0
52379,52339,C,1,0,1,0,2,0,0.5,1.0
52387,52347,B,1,0,0,0,2,1,1.0,-0.0
52391,52351,C,1,0,1,0,2,0,0.5,1.0
52433,52393,A,1,0,0,2,3,0,0.5555555555555556,0.9182958340544896
52453,52413,E,0,0,0,1,2,1,1.0,-0.0
52457,52417,A,0,1,1,1,3,0,0.3333333333333333,1.584962500721156
52489,52449,E,0,0,0,1,2,1,1.0,-0.0
52501,52461,E,0,1,1,0,5,3,0.5,1.0
52511,52471,C,0,1,0,1,2,0,0.5,1.0
52517,52477,A,2,0,0,0,2,0,1.0,-0.0
52529,52489,A,1,0,0,0,1,0,1.0,-0.0
52541,52501,A,1,0,0,0,1,0,1.0,-0.0
52543,52503,B,1,0,1,1,4,1,0.3333333333333333,1.584962500721156
52553,52513,A,0,2,0,0,2,0,1.0,-0.0
52561,52521,E,1,1,1,0,4,1,0.3333333333333333,1.584962500721156
52567,52527,B,1,0,0,0,2,1,1.0,-0.0
52571,52531,C,0,1,0,1,2,0,0.5,1.0
52579,52539,B,0,0,1,1,3,1,0.5,1.0
52583,52543,C,0,0,1,0,1,0,1.0,-0.0
52609,52569,E,0,0,0,2,6,4,1.0,-0.0
52627,52587,B,0,0,0,1,3,2,1.0,-0.0
52631,52591,C,0,0,1,2,3,0,0.5555555555555556,0.9182958340544896
52639,52599,B,0,2,0,0,3,1,1.0,-0.0
52667,52627,C,0,0,1,0,1,0,1.0,-0.0
52673,52633,A,1,0,2,0,3,0,0.5555555555555556,0.9182958340544896
52691,52651,C,1,0,1,0,2,0,0.5,1.0
52697,52657,A,0,0,0,2,2,0,1.0,-0.0
52709,52669,A,0,0,2,0,2,0,1.0,-0.0
52711,52671,B,2,0,0,0,3,1,1.0,-0.0
52721,52681,A,0,0,2,0,2,0,1.0,-0.0
52727,52687,C,0,0,1,2,3,0,0.5555555555555556,0.9182958340544896
52733,52693,A,0,1,1,1,3,0,0.3333333333333333,1.584962500721156
52747,52707,B,1,0,0,0,2,1,1.0,-0.0
52757,52717,A,0,1,1,1,3,0,0.3333333333333333,1.584962500721156
52769,52729,A,0,0,2,0,2,0,1.0,-0.0
52783,52743,B,1,0,0,0,2,1,1.0,-0.0
52807,52767,B,1,1,0,1,5,2,0.3333333333333333,1.584962500721156
52813,52773,E,0,0,2,1,4,1,0.5555555555555556,0.9182958340544896
52817,52777,A,0,2,0,0,2,0,1.0,-0.0
52837,52797,E,0,0,1,0,2,1,1.0,-0.0
52859,52819,C,1,1,0,1,3,0,0.3333333333333333,1.584962500721156
52861,52821,E,1,0,0,0,3,2,1.0,-0.0
52879,52839,B,0,0,2,0,5,3,1.0,-0.0
52883,52843,C,1,0,1,0,2,0,0.5,1.0
52889,52849,A,0,2,0,0,2,0,1.0,-0.0
52901,52861,A,1,0,0,0,1,0,1.0,-0.0
52903,52863,B,0,0,1,1,3,1,0.5,1.0
52919,52879,C,0,0,1,0,1,0,1.0,-0.0
52937,52897,A,3,0,0,0,3,0,1.0,-0.0
52951,52911,B,0,0,0,1,3,2,1.0,-0.0
52957,52917,E,0,1,1,0,3,1,0.5,1.0
52963,52923,B,1,0,0,2,4,1,0.5555555555555556,0.9182958340544896
52967,52927,C,1,0,1,0,2,0,0.5,1.0
52973,52933,A,0,0,2,0,2,0,1.0,-0.0
52981,52941,E,1,0,1,0,3,1,0.5,1.0
52999,52959,B,0,0,2,0,3,1,1.0,-0.0
53003,52963,C,0,0,1,0,1,0,1.0,-0.0
53017,52977,E,0,0,1,0,2,1,1.0,-0.0
53047,53007,B,0,1,0,0,2,1,1.0,-0.0
53051,53011,C,1,0,1,0,2,0,0.5,1.0
53069,53029,A,0,0,2,0,2,0,1.0,-0.0
53077,53037,E,0,0,0,2,4,2,1.0,-0.0
53087,53047,C,0,0,1,0,1,0,1.0,-0.0
53089,53049,E,0,0,1,0,2,1,1.0,-0.0
53093,53053,A,1,1,1,1,4,0,0.25,2.0
53101,53061,E,1,0,0,1,3,1,0.5,1.0
53113,53073,E,0,1,0,0,3,2,1.0,-0.0
53117,53077,A,1,0,0,0,1,0,1.0,-0.0
53129,53089,A,1,0,0,0,1,0,1.0,-0.0
53147,53107,C,0,1,0,1,2,0,0.5,1.0
53149,53109,E,0,1,1,0,5,3,0.5,1.0
53161,53121,E,0,0,1,0,2,1,1.0,-0.0
53171,53131,C,2,0,1,0,3,0,0.5555555555555556,0.9182958340544896
53173,53133,E,0,1,1,0,3,1,0.5,1.0
53189,53149,A,1,0,0,0,1,0,1.0,-0.0
53197,53157,E,1,1,0,1,4,1,0.3333333333333333,1.584962500721156
53201,53161,A,1,0,0,0,1,0,1.0,-0.0
53231,53191,C,1,0,1,0,2,0,0.5,1.0
53233,53193,E,0,2,1,0,4,1,0.5555555555555556,0.9182958340544896
53239,53199,B,0,1,0,1,4,2,0.5,1.0
53267,53227,C,0,2,1,0,3,0,0.5555555555555556,0.9182958340544896
53269,53229,E,0,1,0,1,3,1,0.5,1.0
53279,53239,C,0,0,1,0,1,0,1.0,-0.0
53281,53241,E,0,0,0,1,2,1,1.0,-0.0
53299,53259,B,1,1,0,0,3,1,0.5,1.0
53309,53269,A,1,0,0,0,1,0,1.0,-0.0
53323,53283,B,1,0,0,0,2,1,1.0,-0.0
53327,53287,C,1,0,1,0,2,0,0.5,1.0
53353,53313,E,1,0,0,1,3,1,0.5,1.0
53359,53319,B,0,0,2,0,3,1,1.0,-0.0
53377,53337,E,0,1,0,1,3,1,0.5,1.0
53381,53341,A,0,2,0,0,2,0,1.0,-0.0
53401,53361,E,0,0,2,2,6,2,0.5,1.0
53407,53367,B,0,1,0,0,2,1,1.0,-0.0
53411,53371,C,0,2,1,0,3,0,0.5555555555555556,0.9182958340544896
53419,53379,B,0,0,0,1,5,4,1.0,-0.0
53437,53397,E,1,1,0,0,4,2,0.5,1.0
53441,53401,A,1,0,0,0,1,0,1.0,-0.0
53453,53413,A,0,0,2,0,2,0,1.0,-0.0
53479,53439,B,0,0,1,1,3,1,0.5,1.0
53503,53463,B,0,0,0,2,3,1,1.0,-0.0
53507,53467,C,1,0,1,0,2,0,0.5,1.0
53527,53487,B,0,0,2,0,5,3,1.0,-0.0
53549,53509,A,2,0,0,0,2,0,1.0,-0.0
53551,53511,B,0,1,0,0,2,1,1.0,-0.0
53569,53529,E,0,1,1,0,3,1,0.5,1.0
53591,53551,C,0,0,1,0,1,0,1.0,-0.0
53593,53553,E,0,0,1,0,2,1,1.0,-0.0
53597,53557,A,1,0,2,0,3,0,0.5555555555555556,0.9182958340544896
53609,53569,A,1,0,0,0,1,0,1.0,-0.0
53611,53571,B,0,0,2,0,3,1,1.0,-0.0
53617,53577,E,1,0,0,0,3,2,1.0,-0.0
53623,53583,B,1,1,0,0,3,1,0.5,1.0
53629,53589,E,0,0,1,0,2,1,1.0,-0.0
53633,53593,A,1,0,0,0,1,0,1.0,-0.0
53639,53599,C,1,0,3,0,4,0,0.625,0.8112781244591328
53653,53613,E,1,0,1,1,5,2,0.3333333333333333,1.584962500721156
53657,53617,A,1,0,0,0,1,0,1.0,-0.0
53681,53641,A,1,0,2,0,3,0,0.5555555555555556,0.9182958340544896
53693,53653,A,1,0,0,0,1,0,1.0,-0.0
53699,53659,C,0,1,0,1,2,0,0.5,1.0
53717,53677,A,2,0,0,0,2,0,1.0,-0.0
53719,53679,B,0,2,0,0,3,1,1.0,-0.0
53731,53691,B,0,0,1,1,3,1,0.5,1.0
53759,53719,C,0,0,1,0,1,0,1.0,-0.0
53773,53733,E,0,0,1,0,2,1,1.0,-0.0
53777,53737,A,1,2,0,0,3,0,0.5555555555555556,0.9182958340544896
53783,53743,C,1,0,1,0,2,0,0.5,1.0
53791,53751,B,0,1,1,1,4,1,0.3333333333333333,1.584962500721156
53813,53773,A,1,0,0,0,1,0,1.0,-0.0
53819,53779,C,0,1,0,1,2,0,0.5,1.0
53831,53791,C,0,0,1,0,1,0,1.0,-0.0
53849,53809,A,0,0,2,0,2,0,1.0,-0.0
53857,53817,E,0,0,0,1,2,1,1.0,-0.0
53861,53821,A,0,0,0,2,2,0,1.0,-0.0
53881,53841,E,0,1,0,1,3,1,0.5,1.0
53887,53847,B,1,0,1,0,4,2,0.5,1.0
53891,53851,C,1,0,3,0,4,0,0.625,0.8112781244591328
53897,53857,A,1,0,0,0,1,0,1.0,-0.0
53899,53859,B,2,0,0,0,3,1,1.0,-0.0
53917,53877,E,0,0,1,0,2,1,1.0,-0.0
53923,53883,B,0,0,0,1,3,2,1.0,-0.0
53927,53887,C,0,0,1,0,1,0,1.0,-0.0
53939,53899,C,0,0,1,0,1,0,1.0,-0.0
53951,53911,C,2,1,0,1,4,0,0.375,1.5
53959,53919,B,0,1,0,0,4,3,1.0,-0.0
53987,53947,C,1,0,1,0,2,0,0.5,1.0
53993,53953,A,0,0,2,0,2,0,1.0,-0.0
54001,53961,E,0,0,0,1,2,1,1.0,-0.0
54011,53971,C,1,0,1,0,2,0,0.5,1.0
54013,53973,E,0,0,1,0,4,3,1.0,-0.0
54037,53997,E,0,1,1,0,3,1,0.5,1.0
54049,54009,E,0,2,0,0,4,2,1.0,-0.0
54059,54019,C,1,0,1,0,2,0,0.5,1.0
54083,54043,C,0,3,0,1,4,0,0.625,0.8112781244591328
54091,54051,B,0,0,1,1,3,1,0.5,1.0
54101,54061,A,0,0,2,0,2,0,1.0,-0.0
54121,54081,E,0,0,0,1,4,3,1.0,-0.0
54133,54093,E,2,0,1,0,4,1,0.5555555555555556,0.9182958340544896
54139,54099,B,0,0,0,1,3,2,1.0,-0.0
54151,54111,B,0,2,0,0,3,1,1.0,-0.0
54163,54123,B,0,1,0,0,2,1,1.0,-0.0
54167,54127,C,0,1,0,1,2,0,0.5,1.0
54181,54141,E,0,0,0,1,2,1,1.0,-0.0
54193,54153,E,0,0,1,1,4,2,0.5,1.0
54217,54177,E,0,0,0,1,2,1,1.0,-0.0
54251,54211,C,0,1,0,1,2,0,0.5,1.0
54269,54229,A,1,0,2,0,3,0,0.5555555555555556,0.9182958340544896
54277,54237,E,0,1,0,1,3,1,0.5,1.0
54287,54247,C,0,1,0,1,2,0,0.5,1.0
54293,54253,A,0,0,0,2,2,0,1.0,-0.0
54311,54271,C,1,0,1,0,2,0,0.5,1.0
54319,54279,B,1,0,1,0,4,2,0.5,1.0
54323,54283,C,1,0,1,0,2,0,0.5,1.0
54331,54291,B,1,0,0,0,2,1,1.0,-0.0
54347,54307,C,0,1,0,1,2,0,0.5,1.0
54361,54321,E,0,1,1,0,3,1,0.5,1.0
54367,54327,B,1,0,2,0,4,1,0.5555555555555556,0.9182958340544896
54371,54331,C,0,0,1,0,1,0,1.0,-0.0
54377,54337,A,0,0,2,0,2,0,1.0,-0.0
54401,54361,A,1,0,0,0,1,0,1.0,-0.0
54403,54363,B,1,0,0,0,2,1,1.0,-0.0
54409,54369,E,0,0,1,1,4,2,0.5,1.0
54413,54373,A,0,0,0,2,2,0,1.0,-0.0
54419,54379,C,1,1,0,1,3,0,0.3333333333333333,1.584962500721156
54421,54381,E,0,0,1,0,2,1,1.0,-0.0
54437,54397,A,1,0,2,0,3,0,0.5555555555555556,0.9182958340544896
54443,54403,C,0,0,1,0,1,0,1.0,-0.0
54449,54409,A,1,0,0,0,1,0,1.0,-0.0
54469,54429,E,0,0,0,1,2,1,1.0,-0.0
54493,54453,E,1,0,1,0,3,1,0.5,1.0
54497,54457,A,1,0,0,2,3,0,0.5555555555555556,0.9182958340544896
54499,54459,B,1,0,0,0,4,3,1.0,-0.0
54503,54463,C,0,1,0,1,2,0,0.5,1.0
54517,54477,E,0,1,0,0,3,2,1.0,-0.0
54521,54481,A,1,0,2,0,3,0,0.5555555555555556,0.9182958340544896
54539,54499,C,0,0,1,0,1,0,1.0,-0.0
54541,54501,E,1,0,0,1,3,1,0.5,1.0
54547,54507,B,1,0,0,0,2,1,1.0,-0.0
54559,54519,B,1,1,0,0,3,1,0.5,1.0
54563,54523,C,1,0,1,0,2,0,0.5,1.0
54577,54537,E,0,1,3,0,5,1,0.625,0.8112781244591328
54581,54541,A,1,0,0,0,1,0,1.0,-0.0
54583,54543,B,1,0,0,0,2,1,1.0,-0.0
54601,54561,E,1,0,1,0,3,1,0.5,1.0
54617,54577,A,1,0,0,0,1,0,1.0,-0.0
54623,54583,C,0,0,1,0,1,0,1.0,-0.0
54629,54589,A,0,0,2,0,2,0,1.0,-0.0
54631,54591,B,0,0,1,1,3,1,0.5,1.0
54647,54607,C,0,2,1,0,3,0,0.5555555555555556,0.9182958340544896
54667,54627,B,0,0,1,1,3,1,0.5,1.0
54673,54633,E,0,0,1,0,2,1,1.0,-0.0
54679,54639,B,1,0,0,1,4,2,0.5,1.0
54709,54669,E,0,0,1,0,2,1,1.0,-0.0
54713,54673,A,1,0,0,0,1,0,1.0,-0.0
54721,54681,E,1,0,0,1,3,1,0.5,1.0
54727,54687,B,1,0,0,0,2,1,1.0,-0.0
54751,54711,B,0,0,1,0,3,2,1.0,-0.0
54767,54727,C,0,0,1,0,1,0,1.0,-0.0
54773,54733,A,1,0,2,0,3,0,0.5555555555555556,0.9182958340544896
54779,54739,C,0,0,3,0,3,0,1.0,-0.0
54787,54747,B,0,0,2,1,5,2,0.5555555555555556,0.9182958340544896
54799,54759,B,1,0,0,0,2,1,1.0,-0.0
54829,54789,E,0,1,1,0,3,1,0.5,1.0
54833,54793,A,2,0,0,0,2,0,1.0,-0.0
54851,54811,C,0,1,0,1,2,0,0.5,1.0
54869,54829,A,1,0,0,0,1,0,1.0,-0.0
54877,54837,E,0,1,0,0,5,4,1.0,-0.0
54881,54841,A,0,2,0,0,2,0,1.0,-0.0
54907,54867,B,1,0,0,0,2,1,1.0,-0.0
54917,54877,A,1,0,0,0,1,0,1.0,-0.0
54919,54879,B,0,0,1,1,3,1,0.5,1.0
54941,54901,A,0,0,2,2,4,0,0.5,1.0
54949,54909,E,0,1,0,0,3,2,1.0,-0.0
54959,54919,C,0,0,1,0,1,0,1.0,-0.0
54973,54933,E,0,0,0,1,2,1,1.0,-0.0
54979,54939,B,1,0,0,0,2,1,1.0,-0.0
54983,54943,C,0,0,1,2,3,0,0.5555555555555556,0.9182958340544896
55001,54961,A,1,2,0,0,3,0,0.5555555555555556,0.9182958340544896
55009,54969,E,1,0,0,1,3,1,0.5,1.0
55021,54981,E,0,2,0,0,4,2,1.0,-0.0
55049,55009,A,1,0,0,0,1,0,1.0,-0.0
55051,55011,B,0,0,0,2,3,1,1.0,-0.0
55057,55017,E,0,1,0,0,3,2,1.0,-0.0
55061,55021,A,1,0,0,0,1,0,1.0,-0.0
55073,55033,A,0,0,0,2,2,0,1.0,-0.0
55079,55039,C,0,1,0,1,2,0,0.5,1.0
55103,55063,C,0,2,1,0,3,0,0.5555555555555556,0.9182958340544896
55109,55069,A,0,0,2,0,2,0,1.0,-0.0
55117,55077,E,1,0,0,1,3,1,0.5,1.0
55127,55087,C,1,0,1,0,2,0,0.5,1.0
55147,55107,B,2,0,0,0,5,3,1.0,-0.0
55163,55123,C,1,0,1,0,2,0,0.5,1.0
55171,55131,B,0,1,0,2,4,1,0.5555555555555556,0.9182958340544896
55201,55161,E,0,0,0,1,6,5,1.0,-0.0
55207,55167,B,1,0,1,1,4,1,0.3333333333333333,1.584962500721156
55213,55173,E,0,1,0,1,3,1,0.5,1.0
55217,55177,A,0,0,0,2,2,0,1.0,-0.0
55219,55179,B,0,0,0,1,3,2,1.0,-0.0
55229,55189,A,2,0,0,0,2,0,1.0,-0.0
55243,55203,B,0,1,0,0,2,1,1.0,-0.0
55249,55209,E,0,0,1,2,4,1,0.5555555555555556,0.9182958340544896
55259,55219,C,0,0,1,0,1,0,1.0,-0.0
55291,55251,B,1,0,1,0,4,2,0.5,1.0
55313,55273,A,0,0,2,0,2,0,1.0,-0.0
55331,55291,C,0,0,1,0,1,0,1.0,-0.0
55333,55293,E,0,1,1,0,3,1,0.5,1.0
55337,55297,A,1,0,0,2,3,0,0.5555555555555556,0.9182958340544896
55339,55299,B,1,0,0,0,2,1,1.0,-0.0
55343,55303,C,0,1,0,1,2,0,0.5,1.0
55351,55311,B,0,0,1,1,3,1,0.5,1.0
55373,55333,A,1,0,0,0,1,0,1.0,-0.0
55381,55341,E,1,0,1,1,5,2,0.3333333333333333,1.584962500721156
55399,55359,B,0,0,1,0,3,2,1.0,-0.0
55411,55371,B,1,0,0,0,2,1,1.0,-0.0
55439,55399,C,0,0,1,0,1,0,1.0,-0.0
55441,55401,E,1,0,0,1,3,1,0.5,1.0
55457,55417,A,0,0,2,0,2,0,1.0,-0.0
55469,55429,A,0,0,0,2,2,0,1.0,-0.0
55487,55447,C,0,2,1,0,3,0,0.5555555555555556,0.9182958340544896
55501,55461,E,0,0,3,0,4,1,1.0,-0.0
55511,55471,C,1,1,0,1,3,0,0.3333333333333333,1.584962500721156
55529,55489,A,0,0,2,0,2,0,1.0,-0.0
55541,55501,A,1,0,0,0,1,0,1.0,-0.0
55547,55507,C,0,1,0,1,2,0,0.5,1.0
55579,55539,B,0,1,0,2,6,3,0.5555555555555556,0.9182958340544896
55589,55549,A,2,0,0,0,2,0,1.0,-0.0
55603,55563,B,0,1,0,0,2,1,1.0,-0.0
55609,55569,E,0,0,1,0,2,1,1.0,-0.0
55619,55579,C,0,0,1,0,1,0,1.0,-0.0
55621,55581,E,1,0,0,1,3,1,0.5,1.0
55631,55591,C,0,1,0,1,2,0,0.5,1.0
55633,55593,E,0,1,0,1,5,3,0.5,1.0
55639,55599,B,0,0,1,1,3,1,0.5,1.0
55661,55621,A,1,0,0,0,1,0,1.0,-0.0
55663,55623,B,1,0,0,0,2,1,1.0,-0.0
55667,55627,C,1,1,0,1,3,0,0.3333333333333333,1.584962500721156
55673,55633,A,1,0,0,0,1,0,1.0,-0.0
55681,55641,E,0,1,0,1,3,1,0.5,1.0
55691,55651,C,0,2,1,0,3,0,0.5555555555555556,0.9182958340544896
55697,55657,A,0,0,2,0,2,0,1.0,-0.0
55711,55671,B,1,0,1,1,4,1,0.3333333333333333,1.584962500721156
55717,55677,E,1,0,1,0,3,1,0.5,1.0
55721,55681,A,1,0,0,0,1,0,1.0,-0.0
55733,55693,A,1,0,0,2,3,0,0.5555555555555556,0.9182958340544896
55763,55723,C,1,0,1,0,2,0,0.5,1.0
55787,55747,C,0,1,0,1,2,0,0.5,1.0
55793,55753,A,0,0,2,0,2,0,1.0,-0.0
55799,55759,C,1,1,0,1,3,0,0.3333333333333333,1.584962500721156
55807,55767,B,0,2,0,0,3,1,1.0,-0.0
55813,55773,E,0,1,0,0,3,2,1.0,-0.0
55817,55777,A,1,2,0,0,3,0,0.5555555555555556,0.9182958340544896
55819,55779,B,0,1,0,0,2,1,1.0,-0.0
55823,55783,C,2,0,1,0,3,0,0.5555555555555556,0.9182958340544896
55829,55789,A,0,0,0,2,2,0,1.0,-0.0
55837,55797,E,0,1,1,0,3,1,0.5,1.0
55843,55803,B,0,1,1,1,4,1,0.3333333333333333,1.584962500721156
55849,55809,E,1,1,0,0,6,4,0.5,1.0
55871,55831,C,1,0,1,0,2,0,0.5,1.0
55889,55849,A,1,0,0,0,1,0,1.0,-0.0
55897,55857,E,1,0,1,0,3,1,0.5,1.0
55901,55861,A,2,0,0,0,2,0,1.0,-0.0
55903,55863,B,0,1,0,0,4,3,1.0,-0.0
55921,55881,E,0,0,1,1,4,2,0.5,1.0
55927,55887,B,1,1,0,0,3,1,0.5,1.0
55931,55891,C,0,1,0,1,2,0,0.5,1.0
55933,55893,E,1,0,1,0,3,1,0.5,1.0
55949,55909,A,0,0,4,0,4,0,1.0,-0.0
55967,55927,C,0,0,1,0,1,0,1.0,-0.0
55987,55947,B,0,2,0,0,3,1,1.0,-0.0
55997,55957,A,0,0,0,2,2,0,1.0,-0.0
56003,55963,C,0,1,0,1,2,0,0.5,1.0
56009,55969,A,2,0,0,0,2,0,1.0,-0.0
56039,55999,C,0,1,0,1,2,0,0.5,1.0
56041,56001,E,0,1,0,1,3,1,0.5,1.0
56053,56013,E,0,0,0,1,2,1,1.0,-0.0
56081,56041,A,1,0,0,0,1,0,1.0,-0.0
56087,56047,C,0,1,0,1,2,0,0.5,1.0
56093,56053,A,1,0,0,0,1,0,1.0,-0.0
56099,56059,C,1,0,1,0,2,0,0.5,1.0
56101,56061,E,1,0,0,0,3,2,1.0,-0.0
56113,56073,E,0,0,1,0,2,1,1.0,-0.0
56123,56083,C,0,1,0,1,2,0,0.5,1.0
56131,56091,B,0,0,2,0,3,1,1.0,-0.0
56149,56109,E,0,1,0,1,3,1,0.5,1.0
56167,56127,B,0,2,0,0,3,1,1.0,-0.0
56171,56131,C,0,0,1,0,1,0,1.0,-0.0
56179,56139,B,0,1,0,0,2,1,1.0,-0.0
56197,56157,E,0,0,0,1,2,1,1.0,-0.0
56207,56167,C,0,0,1,0,1,0,1.0,-0.0
56209,56169,E,0,0,2,0,4,2,1.0,-0.0
56237,56197,A,1,0,0,0,1,0,1.0,-0.0
56239,56199,B,1,0,0,2,4,1,0.5555555555555556,0.9182958340544896
56249,56209,A,1,0,0,0,1,0,1.0,-0.0
56263,56223,B,0,0,1,0,3,2,1.0,-0.0
56267,56227,C,0,1,0,1,2,0,0.5,1.0
56269,56229,E,0,0,0,1,2,1,1.0,-0.0
56299,56259,B,0,0,2,1,5,2,0.5555555555555556,0.9182958340544896
56311,56271,B,1,0,0,0,2,1,1.0,-0.0
56333,56293,A,0,2,0,0,2,0,1.0,-0.0
56359,56319,B,0,1,0,0,2,1,1.0,-0.0
56369,56329,A,1,0,2,0,3,0,0.5555555555555556,0.9182958340544896
56377,56337,E,0,1,1,0,3,1,0.5,1.0
56383,56343,B,0,0,2,0,3,1,1.0,-0.0
56393,56353,A,1,0,0,2,3,0,0.5555555555555556,0.9182958340544896
56401,56361,E,0,0,1,0,2,1,1.0,-0.0
56417,56377,A,1,0,0,0,1,0,1.0,-0.0
56431,56391,B,0,1,0,0,2,1,1.0,-0.0
56437,56397,E,0,1,0,1,3,1,0.5,1.0
56443,56403,B,1,0,0,0,4,3,1.0,-0.0
56453,56413,A,0,0,2,0,2,0,1.0,-0.0
56467,56427,B,0,0,1,1,3,1,0.5,1.0
56473,56433,E,1,0,1,0,3,1,0.5,1.0
56477,56437,A,1,0,0,0,1,0,1.0,-0.0
56479,56439,B,0,0,1,0,3,2,1.0,-0.0
56489,56449,A,0,0,2,0,2,0,1.0,-0.0
56501,56461,A,0,0,0,2,2,0,1.0,-0.0
56503,56463,B,0,1,0,2,4,1,0.5555555555555556,0.9182958340544896
56509,56469,E,1,0,1,0,3,1,0.5,1.0
56519,56479,C,0,0,1,0,1,0,1.0,-0.0
56527,56487,B,0,0,2,0,3,1,1.0,-0.0
56531,56491,C,0,1,0,1,2,0,0.5,1.0
56533,56493,E,1,0,0,0,3,2,1.0,-0.0
56543,56503,C,0,0,1,0,1,0,1.0,-0.0
56569,56529,E,0,0,1,1,4,2,0.5,1.0
56591,56551,C,1,1,0,1,3,0,0.3333333333333333,1.584962500721156
56597,56557,A,0,0,0,2,2,0,1.0,-0.0
56599,56559,B,0,2,0,0,3,1,1.0,-0.0
56611,56571,B,1,1,0,0,3,1,0.5,1.0
56629,56589,E,1,0,0,1,3,1,0.5,1.0
56633,56593,A,0,2,0,0,2,0,1.0,-0.0
56659,56619,B,0,1,0,0,6,5,1.0,-0.0
56663,56623,C,1,0,1,0,2,0,0.5,1.0
56671,56631,B,0,0,2,0,3,1,1.0,-0.0
56681,56641,A,2,0,0,0,2,0,1.0,-0.0
56687,56647,C,1,0,1,0,2,0,0.5,1.0
56701,56661,E,0,2,0,1,4,1,0.5555555555555556,0.9182958340544896
56711,56671,C,0,0,1,0,1,0,1.0,-0.0
56713,56673,E,0,0,0,1,4,3,1.0,-0.0
56731,56691,B,0,0,0,1,3,2,1.0,-0.0
56737,56697,E,0,0,0,1,2,1,1.0,-0.0
56747,56707,C,1,0,1,0,2,0,0.5,1.0
56767,56727,B,0,0,0,2,5,3,1.0,-0.0
56773,56733,E,0,0,0,1,2,1,1.0,-0.0
56779,56739,B,1,0,0,0,2,1,1.0,-0.0
56783,56743,C,0,1,0,1,2,0,0.5,1.0
56807,56767,C,0,0,1,0,1,0,1.0,-0.0
56809,56769,E,0,1,1,0,3,1,0.5,1.0
56813,56773,A,1,0,0,0,1,0,1.0,-0.0
56821,56781,E,0,1,0,0,5,4,1.0,-0.0
56827,56787,B,0,0,1,1,3,1,0.5,1.0
56843,56803,C,1,0,1,0,2,0,0.5,1.0
56857,56817,E,0,0,0,2,4,2,1.0,-0.0
56873,56833,A,0,1,1,1,3,0,0.3333333333333333,1.584962500721156
56891,56851,C,1,0,1,0,2,0,0.5,1.0
56893,56853,E,0,1,0,0,3,2,1.0,-0.0
56897,56857,A,1,0,0,0,1,0,1.0,-0.0
56909,56869,A,1,2,0,0,3,0,0.5555555555555556,0.9182958340544896
56911,56871,B,0,1,0,1,4,2,0.5,1.0
56921,56881,A,0,0,0,2,2,0,1.0,-0.0
56923,56883,B,0,0,2,0,3,1,1.0,-0.0
56929,56889,E,0,0,3,0,6,3,1.0,-0.0
56941,56901,E,1,0,1,0,3,1,0.5,1.0
56951,56911,C,0,0,1,0,1,0,1.0,-0.0
56957,56917,A,0,1,1,1,3,0,0.3333333333333333,1.584962500721156
56963,56923,C,0,0,1,0,1,0,1.0,-0.0
56983,56943,B,1,0,1,0,6,4,0.5,1.0
56989,56949,E,0,1,1,0,3,1,0.5,1.0
56993,56953,A,3,0,0,0,3,0,1.0,-0.0
56999,56959,C,0,0,3,0,3,0,1.0,-0.0
57037,56997,E,0,0,0,1,4,3,1.0,-0.0
57041,57001,A,0,1,1,1,3,0,0.3333333333333333,1.584962500721156
57047,57007,C,1,0,1,0,2,0,0.5,1.0
57059,57019,C,1,0,1,0,2,0,0.5,1.0
57073,57033,E,1,0,0,0,3,2,1.0,-0.0
57077,57037,A,1,0,0,0,1,0,1.0,-0.0
57089,57049,A,0,2,0,0,2,0,1.0,-0.0
57097,57057,E,1,0,2,1,5,1,0.375,1.5
57107,57067,C,0,1,0,1,2,0,0.5,1.0
57119,57079,C,0,1,0,1,2,0,0.5,1.0
57131,57091,C,1,0,1,0,2,0,0.5,1.0
57139,57099,B,0,0,2,0,3,1,1.0,-0.0
57143,57103,C,0,1,0,1,2,0,0.5,1.0
57149,57109,A,1,0,0,2,3,0,0.5555555555555556,0.9182958340544896
57163,57123,B,1,0,0,1,4,2,0.5,1.0
57173,57133,A,1,0,2,0,3,0,0.5555555555555556,0.9182958340544896
57179,57139,C,0,0,1,0,1,0,1.0,-0.0
57191,57151,C,1,0,1,0,2,0,0.5,1.0
57193,57153,E,0,0,1,0,2,1,1.0,-0.0
57203,57163,C,0,0,1,0,1,0,1.0,-0.0
57221,57181,A,0,0,2,0,2,0,1.0,-0.0
57223,57183,B,0,1,2,0,4,1,0.5555555555555556,0.9182958340544896
57241,57201,E,1,0,0,1,3,1,0.5,1.0
57251,57211,C,0,0,1,2,3,0,0.5555555555555556,0.9182958340544896
57259,57219,B,0,1,0,0,2,1,1.0,-0.0
57269,57229,A,0,0,2,0,2,0,1.0,-0.0
57271,57231,B,0,0,0,1,3,2,1.0,-0.0
57283,57243,B,1,0,0,0,2,1,1.0,-0.0
57287,57247,C,0,0,1,2,3,0,0.5555555555555556,0.9182958340544896
57301,57261,E,0,0,1,0,2,1,1.0,-0.0
57329,57289,A,0,0,0,2,2,0,1.0,-0.0
57331,57291,B,2,1,0,0,4,1,0.5555555555555556,0.9182958340544896
57347,57307,C,0,1,0,1,2,0,0.5,1.0
57349,57309,E,0,1,1,0,3,1,0.5,1.0
57367,57327,B,1,1,0,0,3,1,0.5,1.0
57373,57333,E,0,1,0,1,3,1,0.5,1.0
57383,57343,C,1,1,0,1,3,0,0.3333333333333333,1.584962500721156
57389,57349,A,1,0,0,0,1,0,1.0,-0.0
57397,57357,E,1,0,0,0,3,2,1.0,-0.0
57413,57373,A,1,0,0,0,1,0,1.0,-0.0
57427,57387,B,1,0,0,2,4,1,0.5555555555555556,0.9182958340544896
57457,57417,E,0,0,0,1,2,1,1.0,-0.0
57467,57427,C,0,0,1,0,1,0,1.0,-0.0
57487,57447,B,1,0,0,1,4,2,0.5,1.0
57493,57453,E,1,0,0,1,3,1,0.5,1.0
57503,57463,C,1,0,1,0,2,0,0.5,1.0
57527,57487,C,0,0,1,0,1,0,1.0,-0.0
57529,57489,E,0,0,0,1,2,1,1.0,-0.0
57557,57517,A,0,2,0,0,2,0,1.0,-0.0
57559,57519,B,0,0,1,2,5,2,0.5555555555555556,0.9182958340544896
57571,57531,B,0,0,2,0,3,1,1.0,-0.0
57587,57547,C,1,0,1,0,2,0,0.5,1.0
57593,57553,A,0,0,2,0,2,0,1.0,-0.0
57601,57561,E,0,1,1,0,3,1,0.5,1.0
57637,57597,E,1,0,0,1,3,1,0.5,1.0
57641,57601,A,1,0,0,0,1,0,1.0,-0.0
57649,57609,E,1,1,0,0,4,2,0.5,1.0
57653,57613,A,0,2,0,0,2,0,1.0,-0.0
57667,57627,B,1,0,1,0,4,2,0.5,1.0
57679,57639,B,1,0,0,0,2,1,1.0,-0.0
57689,57649,A,1,0,0,0,1,0,1.0,-0.0
57697,57657,E,0,0,1,0,2,1,1.0,-0.0
57709,57669,E,1,0,0,1,3,1,0.5,1.0
57713,57673,A,0,0,2,2,4,0,0.5,1.0
57719,57679,C,0,0,1,0,1,0,1.0,-0.0
57727,57687,B,0,1,2,0,4,1,0.5555555555555556,0.9182958340544896
57731,57691,C,1,0,1,0,2,0,0.5,1.0
57737,57697,A,1,0,0,0,1,0,1.0,-0.0
57751,57711,B,1,0,0,0,2,1,1.0,-0.0
57773,57733,A,2,0,0,0,2,0,1.0,-0.0
57781,57741,E,0,1,1,0,3,1,0.5,1.0
57787,57747,B,1,0,0,0,2,1,1.0,-0.0
57791,57751,C,0,0,1,0,1,0,1.0,-0.0
57793,57753,E,0,0,1,1,6,4,0.5,1.0
57803,57763,C,0,1,0,1,2,0,0.5,1.0
57809,57769,A,0,2,0,0,2,0,1.0,-0.0
57829,57789,E,1,0,0,0,3,2,1.0,-0.0
57839,57799,C,0,0,1,2,3,0,0.5555555555555556,0.9182958340544896
57847,57807,B,0,1,0,0,4,3,1.0,-0.0
57853,57813,E,0,1,1,0,3,1,0.5,1.0
57859,57819,B,1,0,0,0,2,1,1.0,-0.0
57881,57841,A,0,0,2,0,2,0,1.0,-0.0
57899,57859,C,0,0,1,0,1,0,1.0,-0.0
57901,57861,E,0,0,1,0,4,3,1.0,-0.0
57917,57877,A,0,0,2,0,2,0,1.0,-0.0
57923,57883,C,1,0,1,0,2,0,0.5,1.0
57943,57903,B,0,1,0,0,2,1,1.0,-0.0
57947,57907,C,1,0,1,0,2,0,0.5,1.0
57973,57933,E,1,1,0,0,4,2,0.5,1.0
57977,57937,A,1,0,0,2,3,0,0.5555555555555556,0.9182958340544896
57991,57951,B,0,1,0,1,4,2,0.5,1.0
58013,57973,A,1,0,0,0,1,0,1.0,-0.0
58027,57987,B,0,1,1,0,4,2,0.5,1.0
58031,57991,C,0,0,1,0,1,0,1.0,-0.0
58043,58003,C,0,1,0,1,2,0,0.5,1.0
58049,58009,A,0,0,2,0,2,0,1.0,-0.0
58057,58017,E,0,1,0,1,3,1,0.5,1.0
58061,58021,A,0,2,0,0,2,0,1.0,-0.0
58067,58027,C,0,0,1,0,1,0,1.0,-0.0
58073,58033,A,0,0,0,2,2,0,1.0,-0.0
58099,58059,B,0,0,1,0,3,2,1.0,-0.0
58109,58069,A,0,0,0,2,2,0,1.0,-0.0
58111,58071,B,2,0,0,0,3,1,1.0,-0.0
58129,58089,E,0,2,1,0,4,1,0.5555555555555556,0.9182958340544896
58147,58107,B,0,0,2,0,3,1,1.0,-0.0
58151,58111,C,0,0,1,0,1,0,1.0,-0.0
58153,58113,E,0,0,0,2,4,2,1.0,-0.0
58169,58129,A,1,0,0,0,1,0,1.0,-0.0
58171,58131,B,0,1,0,0,4,3,1.0,-0.0
58189,58149,E,1,0,1,1,5,2,0.3333333333333333,1.584962500721156
58193,58153,A,1,0,0,0,1,0,1.0,-0.0
58199,58159,C,1,0,1,0,2,0,0.5,1.0
58207,58167,B,0,1,0,1,4,2,0.5,1.0
58211,58171,C,0,0,1,0,1,0,1.0,-0.0
58217,58177,A,0,0,2,0,2,0,1.0,-0.0
58229,58189,A,1,0,0,0,1,0,1.0,-0.0
58231,58191,B,0,1,2,0,4,1,0.5555555555555556,0.9182958340544896
58237,58197,E,1,0,1,0,3,1,0.5,1.0
58243,58203,B,0,1,1,0,4,2,0.5,1.0
58271,58231,C,0,0,1,0,1,0,1.0,-0.0
58309,58269,E,0,0,1,0,2,1,1.0,-0.0
58313,58273,A,0,0,2,0,2,0,1.0,-0.0
58321,58281,E,0,0,0,1,2,1,1.0,-0.0
58337,58297,A,2,0,0,0,2,0,1.0,-0.0
58363,58323,B,1,0,0,0,2,1,1.0,-0.0
58367,58327,C,1,1,0,1,3,0,0.3333333333333333,1.584962500721156
58369,58329,E,1,0,0,0,3,2,1.0,-0.0
58379,58339,C,0,1,0,1,2,0,0.5,1.0
58391,58351,C,0,0,1,2,3,0,0.5555555555555556,0.9182958340544896
58393,58353,E,0,1,1,0,3,1,0.5,1.0
58403,58363,C,0,0,1,0,1,0,1.0,-0.0
58411,58371,B,0,1,0,0,2,1,1.0,-0.0
58417,58377,E,1,1,0,1,4,1,0.3333333333333333,1.584962500721156
58427,58387,C,0,0,3,0,3,0,1.0,-0.0
58439,58399,C,0,1,0,1,2,0,0.5,1.0
58441,58401,E,0,0,2,0,6,4,1.0,-0.0
58451,58411,C,0,0,1,0,1,0,1.0,-0.0
58453,58413,E,0,0,1,0,2,1,1.0,-0.0
58477,58437,E,0,0,2,0,4,2,1.0,-0.0
58481,58441,A,1,0,0,0,1,0,1.0,-0.0
58511,58471,C,1,0,1,0,2,0,0.5,1.0
58537,58497,E,1,1,1,0,4,1,0.3333333333333333,1.584962500721156
58543,58503,B,1,0,0,0,2,1,1.0,-0.0
58549,58509,E,0,1,0,1,5,3,0.5,1.0
58567,58527,B,0,1,1,0,4,2,0.5,1.0
58573,58533,E,1,0,0,1,3,1,0.5,1.0
58579,58539,B,1,0,2,0,4,1,0.5555555555555556,0.9182958340544896
58601,58561,A,2,0,0,0,2,0,1.0,-0.0
58603,58563,B,1,0,0,0,6,5,1.0,-0.0
58613,58573,A,1,0,0,0,1,0,1.0,-0.0
58631,58591,C,1,0,1,0,2,0,0.5,1.0
58657,58617,E,1,0,0,1,5,3,0.5,1.0
58661,58621,A,1,0,2,0,3,0,0.5555555555555556,0.9182958340544896
58679,58639,C,1,0,1,0,2,0,0.5,1.0
58687,58647,B,0,2,0,0,3,1,1.0,-0.0
58693,58653,E,0,0,4,0,6,2,1.0,-0.0
58699,58659,B,0,1,0,0,2,1,1.0,-0.0
58711,58671,B,0,2,0,0,5,3,1.0,-0.0
58727,58687,C,0,0,1,0,1,0,1.0,-0.0
58733,58693,A,1,0,0,0,1,0,1.0,-0.0
58741,58701,E,0,1,0,1,3,1,0.5,1.0
58757,58717,A,0,0,0,2,2,0,1.0,-0.0
58763,58723,C,1,0,1,0,2,0,0.5,1.0
58771,58731,B,0,1,0,0,2,1,1.0,-0.0
58787,58747,C,1,0,1,0,2,0,0.5,1.0
58789,58749,E,0,0,0,1,2,1,1.0,-0.0
58831,58791,B,1,0,0,0,2,1,1.0,-0.0
58889,58849,A,1,0,2,0,3,0,0.5555555555555556,0.9182958340544896
58897,58857,E,1,0,0,1,3,1,0.5,1.0
58901,58861,A,0,0,0,2,2,0,1.0,-0.0
58907,58867,C,2,0,1,0,3,0,0.5555555555555556,0.9182958340544896
58909,58869,E,0,0,2,0,4,2,1.0,-0.0
58913,58873,A,0,2,0,0,2,0,1.0,-0.0
58921,58881,E,1,0,1,0,3,1,0.5,1.0
58937,58897,A,1,0,0,0,1,0,1.0,-0.0
58943,58903,C,1,1,0,1,3,0,0.3333333333333333,1.584962500721156
58963,58923,B,0,0,1,0,3,2,1.0,-0.0
58967,58927,C,0,0,1,2,3,0,0.5555555555555556,0.9182958340544896
58979,58939,C,0,1,0,1,2,0,0.5,1.0
58991,58951,C,0,1,0,1,2,0,0.5,1.0
58997,58957,A,0,1,1,1,3,0,0.3333333333333333,1.584962500721156
59009,58969,A,2,0,0,0,2,0,1.0,-0.0
59011,58971,B,0,0,0,2,3,1,1.0,-0.0
59021,58981,A,3,0,0,0,3,0,1.0,-0.0
59023,58983,B,0,1,0,0,2,1,1.0,-0.0
59029,58989,E,0,2,1,0,4,1,0.5555555555555556,0.9182958340544896
59051,59011,C,0,0,1,0,1,0,1.0,-0.0
59053,59013,E,0,0,1,1,4,2,0.5,1.0
59063,59023,C,0,0,1,0,1,0,1.0,-0.0
59069,59029,A,1,0,0,0,1,0,1.0,-0.0
59077,59037,E,1,0,0,1,3,1,0.5,1.0
59083,59043,B,1,0,0,0,2,1,1.0,-0.0
59093,59053,A,1,0,0,0,1,0,1.0,-0.0
59107,59067,B,0,0,0,1,3,2,1.0,-0.0
59113,59073,E,1,1,1,0,4,1,0.3333333333333333,1.584962500721156
59119,59079,B,0,0,0,2,3,1,1.0,-0.0
59123,59083,C,0,0,1,0,1,0,1.0,-0.0
59141,59101,A,0,0,2,0,2,0,1.0,-0.0
59149,59109,E,1,1,1,0,4,1,0.3333333333333333,1.584962500721156
59159,59119,C,0,0,1,0,1,0,1.0,-0.0
59167,59127,B,0,1,0,0,2,1,1.0,-0.0
59183,59143,C,0,1,2,1,4,0,0.375,1.5
59197,59157,E,1,0,1,0,5,3,0.5,1.0
59207,59167,C,0,0,1,0,1,0,1.0,-0.0
59209,59169,E,0,0,1,2,4,1,0.5555555555555556,0.9182958340544896
59219,59179,C,0,0,1,2,3,0,0.5555555555555556,0.9182958340544896
59221,59181,E,0,0,0,1,2,1,1.0,-0.0
59233,59193,E,1,0,0,0,3,2,1.0,-0.0
59239,59199,B,0,0,1,1,3,1,0.5,1.0
59243,59203,C,1,0,1,0,2,0,0.5,1.0
59263,59223,B,0,0,2,0,3,1,1.0,-0.0
59273,59233,A,1,0,0,0,1,0,1.0,-0.0
59281,59241,E,1,0,3,0,5,1,0.625,0.8112781244591328
59333,59293,A,2,0,0,0,2,0,1.0,-0.0
59341,59301,E,0,0,0,2,4,2,1.0,-0.0
59351,59311,C,2,0,1,0,3,0,0.5555555555555556,0.9182958340544896
59357,59317,A,0,0,0,2,2,0,1.0,-0.0
59359,59319,B,3,0,0,0,6,3,1.0,-0.0
59369,59329,A,0,0,2,0,2,0,1.0,-0.0
59377,59337,E,0,0,1,1,4,2,0.5,1.0
59387,59347,C,0,1,0,1,2,0,0.5,1.0
59393,59353,A,1,0,2,0,3,0,0.5555555555555556,0.9182958340544896
59399,59359,C,0,0,1,0,1,0,1.0,-0.0
59407,59367,B,0,1,1,1,4,1,0.3333333333333333,1.584962500721156
59417,59377,A,1,0,0,0,1,0,1.0,-0.0
59419,59379,B,0,1,0,0,2,1,1.0,-0.0
59441,59401,A,0,0,0,2,2,0,1.0,-0.0
59443,59403,B,1,0,0,0,2,1,1.0,-0.0
59447,59407,C,0,0,1,0,1,0,1.0,-0.0
59453,59413,A,0,1,1,1,3,0,0.3333333333333333,1.584962500721156
59467,59427,B,0,0,1,1,5,3,0.5,1.0
59471,59431,C,1,0,1,0,2,0,0.5,1.0
59473,59433,E,1,0,0,1,3,1,0.5,1.0
59497,59457,E,0,0,1,0,2,1,1.0,-0.0
59509,59469,E,0,1,1,0,3,1,0.5,1.0
59513,59473,A,1,0,0,0,1,0,1.0,-0.0
59539,59499,B,1,0,0,1,4,2,0.5,1.0
59557,59517,E,0,2,0,0,4,2,1.0,-0.0
59561,59521,A,0,1,1,1,3,0,0.3333333333333333,1.584962500721156
59567,59527,C,2,0,1,0,3,0,0.5555555555555556,0.9182958340544896
59581,59541,E,0,1,1,0,3,1,0.5,1.0
59611,59571,B,0,0,1,0,3,2,1.0,-0.0
59617,59577,E,0,1,1,0,3,1,0.5,1.0
59621,59581,A,1,0,0,0,1,0,1.0,-0.0
59627,59587,C,0,1,0,1,2,0,0.5,1.0
59629,59589,E,0,0,0,1,4,3,1.0,-0.0
59651,59611,C,0,0,1,0,1,0,1.0,-0.0
59659,59619,B,0,1,1,1,4,1,0.3333333333333333,1.584962500721156
59663,59623,C,1,0,1,0,2,0,0.5,1.0
59669,59629,A,1,0,0,0,1,0,1.0,-0.0
59671,59631,B,1,0,1,1,4,1,0.3333333333333333,1.584962500721156
59693,59653,A,0,2,0,2,4,0,0.5,1.0
59699,59659,C,0,0,1,0,1,0,1.0,-0.0
59707,59667,B,0,1,0,0,2,1,1.0,-0.0
59723,59683,C,1,0,1,0,2,0,0.5,1.0
59729,59689,A,0,0,2,0,2,0,1.0,-0.0
59743,59703,B,0,0,1,1,3,1,0.5,1.0
59747,59707,C,0,0,1,0,1,0,1.0,-0.0
59753,59713,A,0,0,2,0,2,0,1.0,-0.0
59771,59731,C,0,1,2,1,4,0,0.375,1.5
59779,59739,B,0,1,0,0,2,1,1.0,-0.0
59791,59751,B,0,1,0,0,4,3,1.0,-0.0
59797,59757,E,0,0,0,1,2,1,1.0,-0.0
59809,59769,E,1,1,0,0,4,2,0.5,1.0
59833,59793,E,0,1,1,0,3,1,0.5,1.0
59863,59823,B,0,2,0,1,5,2,0.5555555555555556,0.9182958340544896
59879,59839,C,1,0,1,0,2,0,0.5,1.0
59887,59847,B,0,1,0,0,2,1,1.0,-0.0
59921,59881,A,0,2,0,0,2,0,1.0,-0.0
59929,59889,E,0,0,1,0,2,1,1.0,-0.0
59951,59911,C,1,0,1,0,2,0,0.5,1.0
59957,59917,A,1,0,0,2,3,0,0.5555555555555556,0.9182958340544896
59971,59931,B,0,0,0,1,3,2,1.0,-0.0
59981,59941,A,0,0,2,0,2,0,1.0,-0.0
59999,59959,C,0,1,0,1,2,0,0.5,1.0
60013,59973,E,0,0,0,1,2,1,1.0,-0.0
60017,59977,A,2,0,0,0,2,0,1.0,-0.0
60029,59989,A,0,0,0,2,2,0,1.0,-0.0
60037,59997,E,1,0,1,0,3,1,0.5,1.0
60041,60001,A,0,2,0,0,2,0,1.0,-0.0
60077,60037,A,1,0,0,0,1,0,1.0,-0.0
60083,60043,C,1,0,1,0,2,0,0.5,1.0
60089,60049,A,0,1,1,1,3,0,0.3333333333333333,1.584962500721156
60091,60051,B,2,0,0,0,3,1,1.0,-0.0
60101,60061,A,0,2,0,0,2,0,1.0,-0.0
60103,60063,B,0,1,0,0,2,1,1.0,-0.0
60107,60067,C,1,0,1,0,2,0,0.5,1.0
60127,60087,B,1,0,0,0,2,1,1.0,-0.0
60133,60093,E,0,0,1,1,4,2,0.5,1.0
60139,60099,B,1,0,1,1,4,1,0.3333333333333333,1.584962500721156
60149,60109,A,1,0,2,0,3,0,0.5555555555555556,0.9182958340544896
60161,60121,A,0,0,0,2,2,0,1.0,-0.0
60167,60127,C,0,0,1,0,1,0,1.0,-0.0
60169,60129,E,0,1,0,1,5,3,0.5,1.0
60209,60169,A,1,0,0,0,1,0,1.0,-0.0
60217,60177,E,1,0,1,0,3,1,0.5,1.0
60223,60183,B,0,0,0,1,5,4,1.0,-0.0
60251,60211,C,1,0,1,0,2,0,0.5,1.0
60257,60217,A,1,0,0,0,1,0,1.0,-0.0
60259,60219,B,0,0,1,0,3,2,1.0,-0.0
60271,60231,B,0,2,0,0,3,1,1.0,-0.0
60289,60249,E,0,0,3,0,4,1,1.0,-0.0
60293,60253,A,0,2,0,0,2,0,1.0,-0.0
60317,60277,A,1,0,2,0,3,0,0.5555555555555556,0.9182958340544896
60331,60291,B,0,1,1,1,6,3,0.3333333333333333,1.584962500721156
60337,60297,E,0,1,1,0,3,1,0.5,1.0
60343,60303,B,1,0,0,0,2,1,1.0,-0.0
60353,60313,A,0,0,0,2,2,0,1.0,-0.0
60373,60333,E,2,1,1,0,5,1,0.375,1.5
60383,60343,C,0,0,1,0,1,0,1.0,-0.0
60397,60357,E,0,0,1,2,4,1,0.5555555555555556,0.9182958340544896
60413,60373,A,1,0,0,0,1,0,1.0,-0.0
60427,60387,B,0,1,0,0,2,1,1.0,-0.0
60443,60403,C,1,0,1,0,2,0,0.5,1.0
60449,60409,A,2,0,0,0,2,0,1.0,-0.0
60457,60417,E,0,1,2,0,5,2,0.5555555555555556,0.9182958340544896
60493,60453,E,0,0,1,0,4,3,1.0,-0.0
60497,60457,A,1,0,0,0,1,0,1.0,-0.0
60509,60469,A,0,2,0,0,2,0,1.0,-0.0
60521,60481,A,0,0,2,0,2,0,1.0,-0.0
60527,60487,C,1,0,1,0,2,0,0.5,1.0
60539,60499,C,0,1,0,1,2,0,0.5,1.0
60589,60549,E,0,0,0,1,2,1,1.0,-0.0
60601,60561,E,0,0,0,1,4,3,1.0,-0.0
60607,60567,B,1,1,0,0,3,1,0.5,1.0
60611,60571,C,0,2,1,0,3,0,0.5555555555555556,0.9182958340544896
60617,60577,A,0,0,0,2,2,0,1.0,-0.0
60623,60583,C,0,1,0,1,2,0,0.5,1.0
60631,60591,B,0,0,2,0,3,1,1.0,-0.0
60637,60597,E,1,0,0,0,3,2,1.0,-0.0
60647,60607,C,0,0,1,0,1,0,1.0,-0.0
60649,60609,E,0,1,0,1,3,1,0.5,1.0
60659,60619,C,1,0,1,0,2,0,0.5,1.0
60661,60621,E,0,0,0,3,4,1,1.0,-0.0
60679,60639,B,0,3,0,0,4,1,1.0,-0.0
60689,60649,A,1,0,0,0,1,0,1.0,-0.0
60703,60663,B,2,0,0,0,3,1,1.0,-0.0
60719,60679,C,0,0,1,0,1,0,1.0,-0.0
60727,60687,B,1,0,0,1,4,2,0.5,1.0
60733,60693,E,0,0,0,1,2,1,1.0,-0.0
60737,60697,A,1,1,1,1,4,0,0.25,2.0
60757,60717,E,1,0,1,0,3,1,0.5,1.0
60761,60721,A,0,2,0,0,2,0,1.0,-0.0
60763,60723,B,1,1,0,0,5,3,0.5,1.0
60773,60733,A,1,0,0,0,1,0,1.0,-0.0
60779,60739,C,1,0,1,0,2,0,0.5,1.0
60793,60753,E,0,0,1,2,4,1,0.5555555555555556,0.9182958340544896
60811,60771,B,0,0,0,2,3,1,1.0,-0.0
60821,60781,A,1,0,2,0,3,0,0.5555555555555556,0.9182958340544896
60859,60819,B,1,0,1,1,4,1,0.3333333333333333,1.584962500721156
60869,60829,A,0,0,0,2,2,0,1.0,-0.0
60887,60847,C,0,1,0,1,2,0,0.5,1.0
60889,60849,E,0,1,0,0,3,2,1.0,-0.0
60899,60859,C,0,0,1,0,1,0,1.0,-0.0
60901,60861,E,0,0,1,0,2,1,1.0,-0.0
60913,60873,E,0,1,1,0,3,1,0.5,1.0
60917,60877,A,0,2,0,0,2,0,1.0,-0.0
60919,60879,B,1,0,2,0,4,1,0.5555555555555556,0.9182958340544896
60923,60883,C,0,1,0,1,2,0,0.5,1.0
60937,60897,E,0,1,0,1,3,1,0.5,1.0
60943,60903,B,0,1,1,0,4,2,0.5,1.0
60953,60913,A,1,0,0,0,1,0,1.0,-0.0
60961,60921,E,0,0,2,0,4,2,1.0,-0.0
61001,60961,A,1,0,0,0,1,0,1.0,-0.0
61007,60967,C,0,1,0,1,2,0,0.5,1.0
61027,60987,B,0,2,0,0,3,1,1.0,-0.0
61031,60991,C,1,0,1,0,2,0,0.5,1.0
61043,61003,C,0,1,0,1,2,0,0.5,1.0
61051,61011,B,0,0,0,1,3,2,1.0,-0.0
61057,61017,E,0,0,2,1,4,1,0.5555555555555556,0.9182958340544896
61091,61051,C,0,0,1,0,1,0,1.0,-0.0
61099,61059,B,1,0,0,0,2,1,1.0,-0.0
61121,61081,A,0,2,0,0,2,0,1.0,-0.0
61129,61089,E,0,1,1,0,3,1,0.5,1.0
61141,61101,E,1,0,1,0,5,3,0.5,1.0
61151,61111,C,0,1,0,1,2,0,0.5,1.0
61153,61113,E,1,0,1,0,3,1,0.5,1.0
61169,61129,A,1,0,0,0,1,0,1.0,-0.0
61211,61171,C,0,0,1,2,3,0,0.5555555555555556,0.9182958340544896
61223,61183,C,1,1,0,1,3,0,0.3333333333333333,1.584962500721156
61231,61191,B,1,0,1,0,4,2,0.5,1.0
61253,61213,A,0,2,0,0,2,0,1.0,-0.0
61261,61221,E,0,0,1,0,2,1,1.0,-0.0
61283,61243,C,2,0,1,0,3,0,0.5555555555555556,0.9182958340544896
61291,61251,B,1,1,0,0,3,1,0.5,1.0
61297,61257,E,1,0,1,0,3,1,0.5,1.0
61331,61291,C,0,0,1,0,1,0,1.0,-0.0
61333,61293,E,0,0,1,0,2,1,1.0,-0.0
61339,61299,B,0,0,3,0,5,2,1.0,-0.0
61343,61303,C,0,1,0,1,2,0,0.5,1.0
61357,61317,E,1,0,0,0,5,4,1.0,-0.0
61363,61323,B,0,1,0,0,2,1,1.0,-0.0
61379,61339,C,0,0,1,0,1,0,1.0,-0.0
61381,61341,E,0,0,2,1,4,1,0.5555555555555556,0.9182958340544896
61403,61363,C,0,0,1,0,1,0,1.0,-0.0
61409,61369,A,0,1,1,1,3,0,0.3333333333333333,1.584962500721156
61417,61377,E,0,1,1,0,3,1,0.5,1.0
61441,61401,E,1,0,1,0,3,1,0.5,1.0
61463,61423,C,0,1,0,1,2,0,0.5,1.0
61469,61429,A,0,0,0,2,2,0,1.0,-0.0
61471,61431,B,0,1,0,0,2,1,1.0,-0.0
61483,61443,B,0,0,0,1,3,2,1.0,-0.0
61487,61447,C,1,0,1,0,2,0,0.5,1.0
61493,61453,A,0,0,2,0,2,0,1.0,-0.0
61507,61467,B,0,0,1,1,3,1,0.5,1.0
61511,61471,C,0,0,1,0,1,0,1.0,-0.0
61519,61479,B,0,0,0,2,7,5,1.0,-0.0
61543,61503,B,1,0,1,1,4,1,0.3333333333333333,1.584962500721156
61547,61507,C,0,0,1,0,1,0,1.0,-0.0
61553,61513,A,0,2,0,0,2,0,1.0,-0.0
61559,61519,C,0,0,1,0,1,0,1.0,-0.0
61561,61521,E,0,0,0,1,2,1,1.0,-0.0
61583,61543,C,0,0,1,0,1,0,1.0,-0.0
61603,61563,B,1,0,0,0,2,1,1.0,-0.0
61609,61569,E,1,0,0,0,3,2,1.0,-0.0
61613,61573,A,0,0,2,0,2,0,1.0,-0.0
61627,61587,B,1,0,0,0,4,3,1.0,-0.0
61631,61591,C,0,1,0,1,2,0,0.5,1.0
61637,61597,A,0,0,2,0,2,0,1.0,-0.0
61643,61603,C,0,0,1,0,1,0,1.0,-0.0
61651,61611,B,0,0,1,1,3,1,0.5,1.0
61657,61617,E,0,0,1,2,4,1,0.5555555555555556,0.9182958340544896
61667,61627,C,0,0,1,0,1,0,1.0,-0.0
61673,61633,A,1,0,0,2,3,0,0.5555555555555556,0.9182958340544896
61681,61641,E,0,1,0,0,5,4,1.0,-0.0
61687,61647,B,0,1,0,0,2,1,1.0,-0.0
61703,61663,C,0,0,1,2,3,0,0.5555555555555556,0.9182958340544896
61717,61677,E,0,1,1,1,5,2,0.3333333333333333,1.584962500721156
61723,61683,B,1,1,0,0,3,1,0.5,1.0
61729,61689,E,0,0,1,0,2,1,1.0,-0.0
61751,61711,C,1,1,0,1,3,0,0.3333333333333333,1.584962500721156
61757,61717,A,1,0,0,0,1,0,1.0,-0.0
61781,61741,A,0,2,0,0,2,0,1.0,-0.0
61813,61773,E,1,0,0,1,3,1,0.5,1.0
61819,61779,B,1,0,0,0,2,1,1.0,-0.0
61837,61797,E,0,0,1,0,2,1,1.0,-0.0
61843,61803,B,1,0,1,0,6,4,0.5,1.0
61861,61821,E,0,1,0,0,3,2,1.0,-0.0
61871,61831,C,1,0,1,2,4,0,0.375,1.5
61879,61839,B,0,0,1,0,3,2,1.0,-0.0
61909,61869,E,0,1,0,1,3,1,0.5,1.0
61927,61887,B,1,0,2,0,4,1,0.5555555555555556,0.9182958340544896
61933,61893,E,1,0,0,2,5,2,0.5555555555555556,0.9182958340544896
61949,61909,A,1,0,0,0,1,0,1.0,-0.0
61961,61921,A,0,0,2,0,2,0,1.0,-0.0
61967,61927,C,0,0,1,0,1,0,1.0,-0.0
61979,61939,C,0,1,0,1,2,0,0.5,1.0
61981,61941,E,0,1,0,1,3,1,0.5,1.0
61987,61947,B,0,0,1,0,3,2,1.0,-0.0
61991,61951,C,0,1,0,1,2,0,0.5,1.0
62003,61963,C,0,0,1,2,3,0,0.5555555555555556,0.9182958340544896
62011,61971,B,1,0,1,1,4,1,0.3333333333333333,1.584962500721156
62017,61977,E,1,0,1,0,3,1,0.5,1.0
62039,61999,C,0,2,1,0,3,0,0.5555555555555556,0.9182958340544896
62047,62007,B,0,0,1,1,3,1,0.5,1.0
62053,62013,E,1,0,1,0,3,1,0.5,1.0
62057,62017,A,1,0,0,0,1,0,1.0,-0.0
62071,62031,B,0,1,1,1,4,1,0.3333333333333333,1.584962500721156
62081,62041,A,0,0,2,0,2,0,1.0,-0.0
62099,62059,C,1,0,1,0,2,0,0.5,1.0
62119,62079,B,0,1,0,0,2,1,1.0,-0.0
62129,62089,A,0,2,0,0,2,0,1.0,-0.0
62131,62091,B,0,0,0,1,3,2,1.0,-0.0
62137,62097,E,0,1,1,0,3,1,0.5,1.0
62141,62101,A,1,2,0,0,3,0,0.5555555555555556,0.9182958340544896
62143,62103,B,0,0,2,0,3,1,1.0,-0.0
62171,62131,C,0,0,1,0,1,0,1.0,-0.0
62189,62149,A,0,0,2,0,2,0,1.0,-0.0
62191,62151,B,0,1,0,0,2,1,1.0,-0.0
62201,62161,A,0,0,0,2,2,0,1.0,-0.0
62207,62167,C,0,0,1,2,3,0,0.5555555555555556,0.9182958340544896
62213,62173,A,0,0,2,0,2,0,1.0,-0.0
62219,62179,C,1,0,1,0,2,0,0.5,1.0
62233,62193,E,0,0,1,0,2,1,1.0,-0.0
62273,62233,A,1,0,0,0,1,0,1.0,-0.0
62297,62257,A,2,0,0,0,2,0,1.0,-0.0
62299,62259,B,0,1,0,0,2,1,1.0,-0.0
62303,62263,C,0,2,1,0,3,0,0.5555555555555556,0.9182958340544896
62311,62271,B,1,1,0,1,5,2,0.3333333333333333,1.584962500721156
62323,62283,B,2,0,0,0,3,1,1.0,-0.0
62327,62287,C,1,0,1,0,2,0,0.5,1.0
62347,62307,B,0,0,2,1,5,2,0.5555555555555556,0.9182958340544896
62351,62311,C,0,0,1,0,1,0,1.0,-0.0
62383,62343,B,0,1,0,0,4,3,1.0,-0.0
62401,62361,E,2,1,0,0,5,2,0.5555555555555556,0.9182958340544896
62417,62377,A,0,0,4,0,4,0,1.0,-0.0
62423,62383,C,0,0,1,0,1,0,1.0,-0.0
62459,62419,C,2,0,1,0,3,0,0.5555555555555556,0.9182958340544896
62467,62427,B,1,0,0,0,2,1,1.0,-0.0
62473,62433,E,0,0,2,0,4,2,1.0,-0.0
62477,62437,A,0,2,0,0,2,0,1.0,-0.0
62483,62443,C,0,1,0,1,2,0,0.5,1.0
62497,62457,E,1,0,0,1,3,1,0.5,1.0
62501,62461,A,0,0,2,0,2,0,1.0,-0.0
62507,62467,C,0,0,1,0,1,0,1.0,-0.0
62533,62493,E,1,0,0,1,3,1,0.5,1.0
62539,62499,B,0,0,0,2,3,1,1.0,-0.0
62549,62509,A,0,2,0,0,2,0,1.0,-0.0
62563,62523,B,0,0,0,1,3,2,1.0,-0.0
62581,62541,E,1,0,0,0,3,2,1.0,-0.0
62591,62551,C,0,1,0,1,2,0,0.5,1.0
62597,62557,A,0,0,0,4,4,0,1.0,-0.0
62603,62563,C,0,0,1,0,1,0,1.0,-0.0
62617,62577,E,1,1,0,0,4,2,0.5,1.0
62627,62587,C,1,0,1,0,2,0,0.5,1.0
62633,62593,A,0,2,0,0,2,0,1.0,-0.0
62639,62599,C,0,1,0,1,2,0,0.5,1.0
62653,62613,E,0,1,0,0,5,4,1.0,-0.0
62659,62619,B,0,1,0,0,2,1,1.0,-0.0
62683,62643,B,1,0,2,0,4,1,0.5555555555555556,0.9182958340544896
62687,62647,C,2,0,1,0,3,0,0.5555555555555556,0.9182958340544896
62701,62661,E,0,0,1,0,2,1,1.0,-0.0
62723,62683,C,0,0,1,0,1,0,1.0,-0.0
62731,62691,B,0,1,0,0,2,1,1.0,-0.0
62743,62703,B,0,0,1,0,3,2,1.0,-0.0
62753,62713,A,0,2,2,0,4,0,0.5,1.0
62761,62721,E,0,1,0,1,5,3,0.5,1.0
62773,62733,E,0,1,0,1,3,1,0.5,1.0
62791,62751,B,2,0,0,0,3,1,1.0,-0.0
62801,62761,A,1,0,0,0,1,0,1.0,-0.0
62819,62779,C,1,0,1,0,2,0,0.5,1.0
62827,62787,B,1,0,0,0,2,1,1.0,-0.0
62851,62811,B,1,0,1,0,4,2,0.5,1.0
62861,62821,A,0,0,0,2,2,0,1.0,-0.0
62869,62829,E,1,0,0,1,5,3,0.5,1.0
62873,62833,A,0,0,2,0,2,0,1.0,-0.0
62897,62857,A,0,0,0,2,2,0,1.0,-0.0
62903,62863,C,1,0,1,0,2,0,0.5,1.0
62921,62881,A,1,0,2,0,3,0,0.5555555555555556,0.9182958340544896
62927,62887,C,0,1,0,1,2,0,0.5,1.0
62929,62889,E,0,0,0,1,2,1,1.0,-0.0
62939,62899,C,1,0,1,0,2,0,0.5,1.0
62969,62929,A,1,0,0,0,1,0,1.0,-0.0
62971,62931,B,0,0,0,2,3,1,1.0,-0.0
62981,62941,A,0,2,0,0,2,0,1.0,-0.0
62983,62943,B,0,1,0,0,2,1,1.0,-0.0
62987,62947,C,1,0,1,0,2,0,0.5,1.0
62989,62949,E,0,0,1,0,2,1,1.0,-0.0
63029,62989,A,1,0,0,0,1,0,1.0,-0.0
63031,62991,B,0,1,0,0,4,3,1.0,-0.0
63059,63019,C,1,1,0,1,3,0,0.3333333333333333,1.584962500721156
63067,63027,B,0,1,0,1,4,2,0.5,1.0
63073,63033,E,0,0,0,1,2,1,1.0,-0.0
63079,63039,B,1,0,0,0,2,1,1.0,-0.0
63097,63057,E,0,0,1,0,2,1,1.0,-0.0
63103,63063,B,1,0,2,1,6,2,0.375,1.5
63113,63073,A,1,0,0,0,1,0,1.0,-0.0
63127,63087,B,1,1,0,0,3,1,0.5,1.0
63131,63091,C,1,0,1,0,2,0,0.5,1.0
63149,63109,A,0,0,2,0,2,0,1.0,-0.0
63179,63139,C,1,0,1,0,2,0,0.5,1.0
63197,63157,A,0,2,0,0,2,0,1.0,-0.0
63199,63159,B,1,1,0,0,3,1,0.5,1.0
63211,63171,B,0,0,0,1,3,2,1.0,-0.0
63241,63201,E,0,0,1,0,2,1,1.0,-0.0
63247,63207,B,1,0,0,0,4,3,1.0,-0.0
63277,63237,E,0,1,0,1,3,1,0.5,1.0
63281,63241,A,1,0,0,0,1,0,1.0,-0.0
63299,63259,C,0,0,3,0,3,0,1.0,-0.0
63311,63271,C,2,0,1,0,3,0,0.5555555555555556,0.9182958340544896
63313,63273,E,0,0,1,2,4,1,0.5555555555555556,0.9182958340544896
63317,63277,A,1,0,0,0,1,0,1.0,-0.0
63331,63291,B,1,2,0,0,4,1,0.5555555555555556,0.9182958340544896
63337,63297,E,2,0,0,0,4,2,1.0,-0.0
63347,63307,C,1,1,0,1,3,0,0.3333333333333333,1.584962500721156
63353,63313,A,1,0,0,0,1,0,1.0,-0.0
63361,63321,E,0,0,0,1,2,1,1.0,-0.0
63367,63327,B,0,1,1,1,4,1,0.3333333333333333,1.584962500721156
63377,63337,A,1,0,0,0,1,0,1.0,-0.0
63389,63349,A,1,0,0,2,3,0,0.5555555555555556,0.9182958340544896
63391,63351,B,0,0,1,0,3,2,1.0,-0.0
63397,63357,E,0,0,2,1,4,1,0.5555555555555556,0.9182958340544896
63409,63369,E,0,0,1,0,4,3,1.0,-0.0
63419,63379,C,1,0,1,0,2,0,0.5,1.0
63421,63381,E,1,0,1,0,3,1,0.5,1.0
63439,63399,B,0,0,2,0,3,1,1.0,-0.0
63443,63403,C,0,0,1,2,3,0,0.5555555555555556,0.9182958340544896
63463,63423,B,0,1,0,0,8,7,1.0,-0.0
63467,63427,C,1,2,1,0,4,0,0.375,1.5
63473,63433,A,2,0,0,0,2,0,1.0,-0.0
63487,63447,B,0,1,0,0,2,1,1.0,-0.0
63493,63453,E,1,0,1,0,3,1,0.5,1.0
63499,63459,B,0,1,0,1,4,2,0.5,1.0
63521,63481,A,0,1,1,1,3,0,0.3333333333333333,1.584962500721156
63527,63487,C,0,0,1,0,1,0,1.0,-0.0
63533,63493,A,1,0,0,0,1,0,1.0,-0.0
63541,63501,E,1,0,0,1,3,1,0.5,1.0
63559,63519,B,0,0,1,1,3,1,0.5,1.0
63577,63537,E,0,0,0,1,2,1,1.0,-0.0
63587,63547,C,1,1,0,1,3,0,0.3333333333333333,1.584962500721156
63589,63549,E,0,0,1,1,4,2,0.5,1.0
63599,63559,C,0,0,1,0,1,0,1.0,-0.0
63601,63561,E,0,0,1,0,2,1,1.0,-0.0
63607,63567,B,1,0,1,0,4,2,0.5,1.0
63611,63571,C,1,0,1,0,2,0,0.5,1.0
63617,63577,A,1,0,0,0,1,0,1.0,-0.0
63629,63589,A,1,0,0,0,1,0,1.0,-0.0
63647,63607,C,0,0,1,0,1,0,1.0,-0.0
63649,63609,E,1,1,1,0,4,1,0.3333333333333333,1.584962500721156
63659,63619,C,0,1,0,1,2,0,0.5,1.0
63667,63627,B,0,0,1,1,3,1,0.5,1.0
63671,63631,C,0,2,1,0,3,0,0.5555555555555556,0.9182958340544896
63689,63649,A,1,0,0,0,1,0,1.0,-0.0
63691,63651,B,1,0,2,0,4,1,0.5555555555555556,0.9182958340544896
63697,63657,E,0,0,1,1,4,2,0.5,1.0
63703,63663,B,0,1,0,0,2,1,1.0,-0.0
63709,63669,E,1,0,1,0,3,1,0.5,1.0
63719,63679,C,0,0,1,2,3,0,0.5555555555555556,0.9182958340544896
63727,63687,B,1,0,0,2,4,1,0.5555555555555556,0.9182958340544896
63737,63697,A,1,0,0,0,1,0,1.0,-0.0
63743,63703,C,0,0,1,0,1,0,1.0,-0.0
63761,63721,A,0,0,2,0,2,0,1.0,-0.0
63773,63733,A,0,1,1,1,3,0,0.3333333333333333,1.584962500721156
63781,63741,E,0,0,1,0,2,1,1.0,-0.0
63793,63753,E,0,1,1,0,3,1,0.5,1.0
63799,63759,B,0,2,0,0,3,1,1.0,-0.0
63803,63763,C,1,0,1,0,2,0,0.5,1.0
63809,63769,A,0,0,2,0,2,0,1.0,-0.0
63823,63783,B,1,0,1,0,4,2,0.5,1.0
63839,63799,C,0,0,1,0,1,0,1.0,-0.0
63841,63801,E,0,1,1,0,5,3,0.5,1.0
63853,63813,E,0,1,0,1,3,1,0.5,1.0
63857,63817,A,2,0,0,0,2,0,1.0,-0.0
63863,63823,C,0,0,1,0,1,0,1.0,-0.0
63901,63861,E,0,1,1,0,3,1,0.5,1.0
63907,63867,B,2,0,0,0,3,1,1.0,-0.0
63913,63873,E,0,0,1,1,4,2,0.5,1.0
63929,63889,A,0,0,2,0,2,0,1.0,-0.0
63949,63909,E,0,0,0,1,6,5,1.0,-0.0
63977,63937,A,0,2,0,0,2,0,1.0,-0.0
63997,63957,E,0,0,1,0,2,1,1.0,-0.0
64007,63967,C,0,1,0,1,2,0,0.5,1.0
64013,63973,A,2,0,2,0,4,0,0.5,1.0
64019,63979,C,0,1,0,1,2,0,0.5,1.0
64033,63993,E,0,1,0,1,3,1,0.5,1.0
64037,63997,A,1,0,0,0,1,0,1.0,-0.0
64063,64023,B,0,1,0,0,2,1,1.0,-0.0
64067,64027,C,1,0,1,0,2,0,0.5,1.0
64081,64041,E,0,0,0,1,2,1,1.0,-0.0
64091,64051,C,2,0,1,0,3,0,0.5555555555555556,0.9182958340544896
64109,64069,A,0,0,2,0,2,0,1.0,-0.0
64123,64083,B,0,2,0,0,3,1,1.0,-0.0
64151,64111,C,1,0,1,0,2,0,0.5,1.0
64153,64113,E,0,0,2,1,4,1,0.5555555555555556,0.9182958340544896
64157,64117,A,2,0,0,0,2,0,1.0,-0.0
64171,64131,B,0,1,0,0,2,1,1.0,-0.0
64187,64147,C,0,1,0,1,2,0,0.5,1.0
64189,64149,E,0,0,0,1,2,1,1.0,-0.0
64217,64177,A,0,2,0,0,2,0,1.0,-0.0
64223,64183,C,0,2,1,0,3,0,0.5555555555555556,0.9182958340544896
64231,64191,B,1,0,0,0,2,1,1.0,-0.0
64237,64197,E,0,0,1,1,4,2,0.5,1.0
64271,64231,C,0,0,1,0,1,0,1.0,-0.0
64279,64239,B,0,0,3,1,5,1,0.625,0.8112781244591328
64283,64243,C,0,1,0,1,2,0,0.5,1.0
64301,64261,A,0,0,0,2,2,0,1.0,-0.0
64303,64263,B,0,0,2,0,3,1,1.0,-0.0
64319,64279,C,0,0,1,0,1,0,1.0,-0.0
64327,64287,B,0,1,0,0,4,3,1.0,-0.0
64333,64293,E,0,1,1,0,3,1,0.5,1.0
64373,64333,A,1,0,0,0,1,0,1.0,-0.0
64381,64341,E,0,0,1,0,4,3,1.0,-0.0
64399,64359,B,0,0,0,1,3,2,1.0,-0.0
64403,64363,C,1,0,1,0,2,0,0.5,1.0
64433,64393,A,0,0,2,0,2,0,1.0,-0.0
64439,64399,C,0,0,1,0,1,0,1.0,-0.0
64451,64411,C,0,1,0,1,2,0,0.5,1.0
64453,64413,E,1,1,0,0,4,2,0.5,1.0
64483,64443,B,1,0,0,0,2,1,1.0,-0.0
64489,64449,E,0,0,2,1,6,3,0.5555555555555556,0.9182958340544896
64499,64459,C,1,0,1,0,2,0,0.5,1.0
64513,64473,E,0,0,0,1,2,1,1.0,-0.0
64553,64513,A,1,0,0,0,1,0,1.0,-0.0
64567,64527,B,1,1,0,0,3,1,0.5,1.0
64577,64537,A,0,0,0,2,2,0,1.0,-0.0
64579,64539,B,0,1,0,1,4,2,0.5,1.0
64591,64551,B,1,0,0,0,2,1,1.0,-0.0
64601,64561,A,0,1,1,1,3,0,0.3333333333333333,1.584962500721156
64609,64569,E,0,0,1,0,2,1,1.0,-0.0
64613,64573,A,0,0,2,0,2,0,1.0,-0.0
64621,64581,E,0,0,2,1,4,1,0.5555555555555556,0.9182958340544896
64627,64587,B,1,0,0,0,2,1,1.0,-0.0
64633,64593,E,1,0,0,0,3,2,1.0,-0.0
64661,64621,A,1,0,0,0,1,0,1.0,-0.0
64663,64623,B,2,0,0,0,3,1,1.0,-0.0
64667,64627,C,0,0,1,0,1,0,1.0,-0.0
64679,64639,C,1,0,1,0,2,0,0.5,1.0
64693,64653,E,1,0,0,1,3,1,0.5,1.0
64709,64669,A,0,0,0,2,2,0,1.0,-0.0
64717,64677,E,0,0,1,0,2,1,1.0,-0.0
64747,64707,B,0,1,0,0,2,1,1.0,-0.0
64763,64723,C,0,1,0,1,2,0,0.5,1.0
64781,64741,A,0,2,0,0,2,0,1.0,-0.0
64783,64743,B,0,0,1,1,3,1,0.5,1.0
64793,64753,A,1,2,0,0,3,0,0.5555555555555556,0.9182958340544896
64811,64771,C,0,0,3,0,3,0,1.0,-0.0
64817,64777,A,0,0,2,0,2,0,1.0,-0.0
64849,64809,E,0,0,2,0,4,2,1.0,-0.0
64853,64813,A,0,1,1,1,3,0,0.3333333333333333,1.584962500721156
64871,64831,C,1,0,1,0,2,0,0.5,1.0
64877,64837,A,0,0,0,2,2,0,1.0,-0.0
64879,64839,B,1,0,0,0,2,1,1.0,-0.0
64891,64851,B,0,1,0,0,2,1,1.0,-0.0
64901,64861,A,2,0,0,0,2,0,1.0,-0.0
64919,64879,C,0,0,1,0,1,0,1.0,-0.0
64921,64881,E,0,1,0,0,7,6,1.0,-0.0
64927,64887,B,0,0,1,1,3,1,0.5,1.0
64937,64897,A,1,0,2,0,3,0,0.5555555555555556,0.9182958340544896
64951,64911,B,0,1,1,1,4,1,0.3333333333333333,1.584962500721156
64969,64929,E,0,1,0,1,3,1,0.5,1.0
64997,64957,A,0,2,0,0,2,0,1.0,-0.0
65003,64963,C,0,1,0,1,2,0,0.5,1.0
65011,64971,B,0,0,1,0,3,2,1.0,-0.0
65027,64987,C,1,0,1,0,2,0,0.5,1.0
65029,64989,E,0,1,0,1,5,3,0.5,1.0
65033,64993,A,0,0,2,0,2,0,1.0,-0.0
65053,65013,E,1,0,0,1,3,1,0.5,1.0
65063,65023,C,0,0,3,0,3,0,1.0,-0.0
65071,65031,B,1,1,0,0,3,1,0.5,1.0
65089,65049,E,0,0,0,1,2,1,1.0,-0.0
65099,65059,C,0,2,1,0,3,0,0.5555555555555556,0.9182958340544896
65101,65061,E,0,1,0,0,3,2,1.0,-0.0
65111,65071,C,0,0,1,0,1,0,1.0,-0.0
65119,65079,B,1,0,1,0,4,2,0.5,1.0
65123,65083,C,1,0,1,0,2,0,0.5,1.0
65129,65089,A,1,0,0,0,1,0,1.0,-0.0
65141,65101,A,1,0,0,0,1,0,1.0,-0.0
65147,65107,C,0,0,1,2,3,0,0.5555555555555556,0.9182958340544896
65167,65127,B,0,2,0,0,3,1,1.0,-0.0
65171,65131,C,0,0,1,2,3,0,0.5555555555555556,0.9182958340544896
65173,65133,E,1,0,0,0,3,2,1.0,-0.0
65179,65139,B,0,1,0,0,2,1,1.0,-0.0
65183,65143,C,1,0,1,0,2,0,0.5,1.0
65203,65163,B,0,1,1,1,4,1,0.3333333333333333,1.584962500721156
65213,65173,A,1,0,0,0,1,0,1.0,-0.0
65239,65199,B,0,0,2,0,3,1,1.0,-0.0
65257,65217,E,0,0,1,0,2,1,1.0,-0.0
65267,65227,C,1,0,1,0,2,0,0.5,1.0
65269,65229,E,0,1,1,0,3,1,0.5,1.0
65287,65247,B,1,0,1,1,4,1,0.3333333333333333,1.584962500721156
65293,65253,E,0,0,1,0,2,1,1.0,-0.0
65309,65269,A,1,0,0,0,1,0,1.0,-0.0
65323,65283,B,0,0,1,1,3,1,0.5,1.0
65327,65287,C,0,0,1,0,1,0,1.0,-0.0
65353,65313,E,0,1,0,1,5,3,0.5,1.0
65357,65317,A,0,0,4,0,4,0,1.0,-0.0
65371,65331,B,1,1,1,0,5,2,0.3333333333333333,1.584962500721156
65381,65341,A,1,0,2,0,3,0,0.5555555555555556,0.9182958340544896
65393,65353,A,1,0,0,0,1,0,1.0,-0.0
65407,65367,B,0,1,0,0,6,5,1.0,-0.0
65413,65373,E,0,0,2,1,4,1,0.5555555555555556,0.9182958340544896
65419,65379,B,1,0,2,0,4,1,0.5555555555555556,0.9182958340544896
65423,65383,C,1,0,1,0,2,0,0.5,1.0
65437,65397,E,0,0,1,0,2,1,1.0,-0.0
65447,65407,C,0,0,1,0,1,0,1.0,-0.0
65449,65409,E,0,0,0,1,2,1,1.0,-0.0
65479,65439,B,1,0,0,1,4,2,0.5,1.0
65497,65457,E,0,0,2,0,4,2,1.0,-0.0
65519,65479,C,0,0,1,0,1,0,1.0,-0.0
65521,65481,E,2,0,0,1,4,1,0.5555555555555556,0.9182958340544896
65537,65497,A,1,0,0,0,1,0,1.0,-0.0
65539,65499,B,0,0,1,1,3,1,0.5,1.0
65543,65503,C,1,0,1,0,2,0,0.5,1.0
65551,65511,B,0,1,0,1,4,2,0.5,1.0
65557,65517,E,0,0,0,1,2,1,1.0,-0.0
65563,65523,B,1,0,0,0,2,1,1.0,-0.0
65579,65539,C,0,0,1,0,1,0,1.0,-0.0
65581,65541,E,1,0,1,0,3,1,0.5,1.0
65587,65547,B,0,0,0,1,3,2,1.0,-0.0
65599,65559,B,1,2,0,0,4,1,0.5555555555555556,0.9182958340544896
65609,65569,A,0,2,2,0,4,0,0.5,1.0
65617,65577,E,0,0,1,0,2,1,1.0,-0.0
65629,65589,E,0,0,0,1,2,1,1.0,-0.0
65633,65593,A,0,1,1,1,3,0,0.3333333333333333,1.584962500721156
65647,65607,B,0,0,1,1,3,1,0.5,1.0
65651,65611,C,1,0,3,0,4,0,0.625,0.8112781244591328
65657,65617,A,1,0,0,0,1,0,1.0,-0.0
65677,65637,E,1,1,0,1,6,3,0.3333333333333333,1.584962500721156
65687,65647,C,0,0,1,0,1,0,1.0,-0.0
65699,65659,C,0,0,1,2,3,0,0.5555555555555556,0.9182958340544896
65701,65661,E,0,1,1,0,3,1,0.5,1.0
65707,65667,B,0,1,1,1,4,1,0.3333333333333333,1.584962500721156
65713,65673,E,1,0,0,0,3,2,1.0,-0.0
65717,65677,A,1,0,0,0,1,0,1.0,-0.0
65719,65679,B,0,1,0,0,2,1,1.0,-0.0
65729,65689,A,1,0,2,0,3,0,0.5555555555555556,0.9182958340544896
65731,65691,B,0,0,1,0,5,4,1.0,-0.0
65761,65721,E,1,0,1,0,3,1,0.5,1.0
65777,65737,A,0,0,2,0,2,0,1.0,-0.0
65789,65749,A,2,0,0,0,2,0,1.0,-0.0
65809,65769,E,1,0,0,1,3,1,0.5,1.0
65827,65787,B,0,1,0,0,2,1,1.0,-0.0
65831,65791,C,0,1,0,1,2,0,0.5,1.0
65837,65797,A,0,0,2,0,2,0,1.0,-0.0
65839,65799,B,1,0,0,0,4,3,1.0,-0.0
65843,65803,C,0,1,0,1,2,0,0.5,1.0
65851,65811,B,1,0,0,0,2,1,1.0,-0.0
65867,65827,C,0,0,1,0,1,0,1.0,-0.0
65881,65841,E,0,1,1,0,3,1,0.5,1.0
65899,65859,B,1,1,0,0,3,1,0.5,1.0
65921,65881,A,1,0,0,0,1,0,1.0,-0.0
65927,65887,C,0,1,0,1,2,0,0.5,1.0
65929,65889,E,1,0,0,0,3,2,1.0,-0.0
65951,65911,C,1,0,1,0,2,0,0.5,1.0
65957,65917,A,0,2,0,0,2,0,1.0,-0.0
65963,65923,C,1,1,0,1,3,0,0.3333333333333333,1.584962500721156
65981,65941,A,1,0,0,2,3,0,0.5555555555555556,0.9182958340544896
65983,65943,B,0,1,0,1,4,2,0.5,1.0
65993,65953,A,0,2,0,0,2,0,1.0,-0.0
66029,65989,A,0,1,1,1,3,0,0.3333333333333333,1.584962500721156
66037,65997,E,1,0,0,0,3,2,1.0,-0.0
66041,66001,A,2,0,0,0,2,0,1.0,-0.0
66047,66007,C,0,1,0,1,2,0,0.5,1.0
66067,66027,B,2,0,0,0,3,1,1.0,-0.0
66071,66031,C,1,0,1,0,2,0,0.5,1.0
66083,66043,C,1,0,1,0,2,0,0.5,1.0
66089,66049,A,0,2,0,0,2,0,1.0,-0.0
66103,66063,B,1,0,2,0,4,1,0.5555555555555556,0.9182958340544896
66107,66067,C,0,0,1,0,1,0,1.0,-0.0
66109,66069,E,0,0,0,1,4,3,1.0,-0.0
66137,66097,A,2,0,0,0,2,0,1.0,-0.0
66161,66121,A,0,0,0,2,2,0,1.0,-0.0
66169,66129,E,0,0,2,1,4,1,0.5555555555555556,0.9182958340544896
66173,66133,A,0,2,0,0,2,0,1.0,-0.0
66179,66139,C,0,0,1,2,3,0,0.5555555555555556,0.9182958340544896
66191,66151,C,0,1,0,1,2,0,0.5,1.0
66221,66181,A,1,2,0,0,3,0,0.5555555555555556,0.9182958340544896
66239,66199,C,1,0,3,0,4,0,0.625,0.8112781244591328
66271,66231,B,0,0,1,1,5,3,0.5,1.0
66293,66253,A,0,1,1,1,3,0,0.3333333333333333,1.584962500721156
66301,66261,E,1,0,1,0,3,1,0.5,1.0
66337,66297,E,0,1,2,1,5,1,0.375,1.5
66343,66303,B,0,1,1,0,4,2,0.5,1.0
66347,66307,C,1,0,1,0,2,0,0.5,1.0
66359,66319,C,0,1,0,1,2,0,0.5,1.0
66361,66321,E,1,0,0,0,3,2,1.0,-0.0
66373,66333,E,0,0,1,0,2,1,1.0,-0.0
66377,66337,A,1,0,0,0,1,0,1.0,-0.0
66383,66343,C,0,0,1,0,1,0,1.0,-0.0
66403,66363,B,0,0,1,1,3,1,0.5,1.0
66413,66373,A,1,0,0,0,1,0,1.0,-0.0
66431,66391,C,1,0,1,0,2,0,0.5,1.0
66449,66409,A,0,1,1,1,3,0,0.3333333333333333,1.584962500721156
66457,66417,E,2,0,0,1,4,1,0.5555555555555556,0.9182958340544896
66463,66423,B,0,0,2,0,3,1,1.0,-0.0
66467,66427,C,1,0,1,0,2,0,0.5,1.0
66491,66451,C,0,0,1,2,3,0,0.5555555555555556,0.9182958340544896
66499,66459,B,1,0,0,0,2,1,1.0,-0.0
66509,66469,A,2,0,0,0,2,0,1.0,-0.0
66523,66483,B,0,1,0,1,4,2,0.5,1.0
66529,66489,E,1,0,0,1,3,1,0.5,1.0
66533,66493,A,0,0,2,2,4,0,0.5,1.0
66541,66501,E,0,1,0,0,5,4,1.0,-0.0
66553,66513,E,0,0,1,0,2,1,1.0,-0.0
66569,66529,A,1,0,0,0,1,0,1.0,-0.0
66571,66531,B,0,0,2,0,3,1,1.0,-0.0
66587,66547,C,1,0,1,0,2,0,0.5,1.0
66593,66553,A,1,0,0,0,1,0,1.0,-0.0
66601,66561,E,1,0,0,1,3,1,0.5,1.0
66617,66577,A,0,0,2,0,2,0,1.0,-0.0
66629,66589,A,0,2,0,0,2,0,1.0,-0.0
66643,66603,B,0,2,0,0,3,1,1.0,-0.0
66653,66613,A,0,2,0,0,2,0,1.0,-0.0
66683,66643,C,0,0,1,0,1,0,1.0,-0.0
66697,66657,E,0,1,0,1,3,1,0.5,1.0
66701,66661,A,0,1,1,1,3,0,0.3333333333333333,1.584962500721156
66713,66673,A,2,0,0,0,2,0,1.0,-0.0
66721,66681,E,0,0,1,1,4,2,0.5,1.0
66733,66693,E,0,0,1,2,4,1,0.5555555555555556,0.9182958340544896
66739,66699,B,0,0,1,0,3,2,1.0,-0.0
66749,66709,A,0,0,2,0,2,0,1.0,-0.0
66751,66711,B,2,0,0,0,3,1,1.0,-0.0
66763,66723,B,0,0,1,1,3,1,0.5,1.0
66791,66751,C,0,0,1,0,1,0,1.0,-0.0
66797,66757,A,2,0,0,0,2,0,1.0,-0.0
66809,66769,A,0,0,0,2,2,0,1.0,-0.0
66821,66781,A,1,0,0,2,3,0,0.5555555555555556,0.9182958340544896
66841,66801,E,1,0,1,0,3,1,0.5,1.0
66851,66811,C,0,1,0,1,2,0,0.5,1.0
66853,66813,E,0,0,0,1,2,1,1.0,-0.0
66863,66823,C,1,0,1,0,2,0,0.5,1.0
66877,66837,E,0,0,1,0,2,1,1.0,-0.0
66883,66843,B,0,1,1,0,4,2,0.5,1.0
66889,66849,E,0,0,0,1,2,1,1.0,-0.0
66919,66879,B,0,1,0,0,4,3,1.0,-0.0
66923,66883,C,0,0,1,0,1,0,1.0,-0.0
66931,66891,B,0,0,0,2,3,1,1.0,-0.0
66943,66903,B,1,1,0,0,3,1,0.5,1.0
66947,66907,C,0,1,0,1,2,0,0.5,1.0
66949,66909,E,0,0,1,0,2,1,1.0,-0.0
66959,66919,C,0,0,1,0,1,0,1.0,-0.0
66973,66933,E,1,0,1,0,5,3,0.5,1.0
66977,66937,A,1,0,2,0,3,0,0.5555555555555556,0.9182958340544896
67003,66963,B,1,2,0,0,4,1,0.5555555555555556,0.9182958340544896
67021,66981,E,0,1,0,1,3,1,0.5,1.0
67033,66993,E,0,1,1,0,3,1,0.5,1.0
67043,67003,C,0,0,1,0,1,0,1.0,-0.0
67049,67009,A,0,2,0,0,2,0,1.0,-0.0
67057,67017,E,0,1,0,1,3,1,0.5,1.0
67061,67021,A,1,0,0,0,1,0,1.0,-0.0
67073,67033,A,1,0,0,0,1,0,1.0,-0.0
67079,67039,C,2,0,1,0,3,0,0.5555555555555556,0.9182958340544896
67103,67063,C,1,0,1,0,2,0,0.5,1.0
67121,67081,A,2,0,2,0,4,0,0.5,1.0
67129,67089,E,0,0,1,2,4,1,0.5555555555555556,0.9182958340544896
67139,67099,C,0,1,0,1,2,0,0.5,1.0
67141,67101,E,0,0,0,1,2,1,1.0,-0.0
67153,67113,E,0,1,0,0,3,2,1.0,-0.0
67157,67117,A,0,2,0,0,2,0,1.0,-0.0
67169,67129,A,1,0,0,0,1,0,1.0,-0.0
67181,67141,A,1,0,0,0,1,0,1.0,-0.0
67187,67147,C,0,1,0,1,2,0,0.5,1.0
67189,67149,E,1,0,0,0,5,4,1.0,-0.0
67211,67171,C,1,0,1,0,2,0,0.5,1.0
67213,67173,E,0,0,0,1,2,1,1.0,-0.0
67217,67177,A,0,1,1,1,3,0,0.3333333333333333,1.584962500721156
67219,67179,B,1,0,2,0,4,1,0.5555555555555556,0.9182958340544896
67231,67191,B,0,1,0,0,2,1,1.0,-0.0
67247,67207,C,1,0,1,0,2,0,0.5,1.0
67261,67221,E,1,0,1,1,5,2,0.3333333333333333,1.584962500721156
67271,67231,C,0,0,1,0,1,0,1.0,-0.0
67273,67233,E,1,0,1,0,3,1,0.5,1.0
67289,67249,A,1,0,2,0,3,0,0.5555555555555556,0.9182958340544896
67307,67267,C,0,1,0,1,2,0,0.5,1.0
67339,67299,B,0,1,0,0,2,1,1.0,-0.0
67343,67303,C,1,1,0,1,3,0,0.3333333333333333,1.584962500721156
67349,67309,A,0,1,1,1,3,0,0.3333333333333333,1.584962500721156
67369,67329,E,0,1,0,0,3,2,1.0,-0.0
67391,67351,C,0,1,0,1,2,0,0.5,1.0
67399,67359,B,1,0,0,0,2,1,1.0,-0.0
67409,67369,A,1,0,0,0,1,0,1.0,-0.0
67411,67371,B,1,1,0,0,3,1,0.5,1.0
67421,67381,A,0,0,2,0,2,0,1.0,-0.0
67427,67387,C,1,0,1,0,2,0,0.5,1.0
67429,67389,E,0,1,1,0,3,1,0.5,1.0
67433,67393,A,0,0,2,0,2,0,1.0,-0.0
67447,67407,B,0,1,0,0,2,1,1.0,-0.0
67453,67413,E,0,1,0,1,3,1,0.5,1.0
67477,67437,E,0,0,1,1,4,2,0.5,1.0
67481,67441,A,0,0,0,2,2,0,1.0,-0.0
67489,67449,E,0,0,1,0,2,1,1.0,-0.0
67493,67453,A,1,0,0,0,1,0,1.0,-0.0
67499,67459,C,0,0,1,2,3,0,0.5555555555555556,0.9182958340544896
67511,67471,C,1,0,1,0,2,0,0.5,1.0
67523,67483,C,1,1,0,1,3,0,0.3333333333333333,1.584962500721156
67531,67491,B,0,0,0,1,3,2,1.0,-0.0
67537,67497,E,0,1,1,0,3,1,0.5,1.0
67547,67507,C,0,1,2,1,4,0,0.375,1.5
67559,67519,C,0,1,0,1,2,0,0.5,1.0
67567,67527,B,1,1,0,0,5,3,0.5,1.0
67577,67537,A,1,0,0,0,1,0,1.0,-0.0
67579,67539,B,0,0,0,2,3,1,1.0,-0.0
67589,67549,A,0,0,2,0,2,0,1.0,-0.0
67601,67561,A,2,0,0,0,2,0,1.0,-0.0
67607,67567,C,0,0,1,0,1,0,1.0,-0.0
67619,67579,C,0,0,1,0,1,0,1.0,-0.0
67631,67591,C,0,1,0,1,2,0,0.5,1.0
67651,67611,B,0,0,2,0,3,1,1.0,-0.0
67679,67639,C,1,0,1,2,4,0,0.375,1.5
67699,67659,B,0,0,1,1,3,1,0.5,1.0
67709,67669,A,1,0,2,0,3,0,0.5555555555555556,0.9182958340544896
67723,67683,B,0,1,1,1,4,1,0.3333333333333333,1.584962500721156
67733,67693,A,0,0,2,0,2,0,1.0,-0.0
67741,67701,E,0,0,1,0,2,1,1.0,-0.0
67751,67711,C,0,2,1,0,3,0,0.5555555555555556,0.9182958340544896
67757,67717,A,2,0,0,0,2,0,1.0,-0.0
67759,67719,B,1,0,0,0,2,1,1.0,-0.0
67763,67723,C,0,0,1,0,1,0,1.0,-0.0
67777,67737,E,1,0,1,0,3,1,0.5,1.0
67783,67743,B,2,0,0,0,5,3,1.0,-0.0
67789,67749,E,1,0,0,1,3,1,0.5,1.0
67801,67761,E,0,1,0,0,3,2,1.0,-0.0
67807,67767,B,0,1,2,0,4,1,0.5555555555555556,0.9182958340544896
67819,67779,B,0,1,0,1,4,2,0.5,1.0
67829,67789,A,1,0,0,0,1,0,1.0,-0.0
67843,67803,B,1,1,0,0,3,1,0.5,1.0
67853,67813,A,0,2,0,0,2,0,1.0,-0.0
67867,67827,B,0,0,0,2,3,1,1.0,-0.0
67883,67843,C,0,0,1,0,1,0,1.0,-0.0
67891,67851,B,0,0,1,1,5,3,0.5,1.0
67901,67861,A,0,0,2,0,2,0,1.0,-0.0
67927,67887,B,1,0,1,0,4,2,0.5,1.0
67931,67891,C,0,0,1,0,1,0,1.0,-0.0
67933,67893,E,1,1,1,0,4,1,0.3333333333333333,1.584962500721156
67939,67899,B,2,0,0,0,3,1,1.0,-0.0
67943,67903,C,0,1,0,1,2,0,0.5,1.0
67957,67917,E,0,0,1,0,2,1,1.0,-0.0
67961,67921,A,1,0,2,0,3,0,0.5555555555555556,0.9182958340544896
67967,67927,C,0,0,1,0,1,0,1.0,-0.0
67979,67939,C,0,0,1,0,1,0,1.0,-0.0
67987,67947,B,0,1,0,2,4,1,0.5555555555555556,0.9182958340544896
67993,67953,E,0,0,1,0,2,1,1.0,-0.0
68023,67983,B,0,1,2,0,4,1,0.5555555555555556,0.9182958340544896
68041,68001,E,0,1,1,0,3,1,0.5,1.0
68053,68013,E,1,0,0,1,5,3,0.5,1.0
68059,68019,B,0,1,2,0,4,1,0.5555555555555556,0.9182958340544896
68071,68031,B,0,0,0,1,3,2,1.0,-0.0
68087,68047,C,1,0,1,0,2,0,0.5,1.0
68099,68059,C,0,0,1,0,1,0,1.0,-0.0
68111,68071,C,0,0,1,0,1,0,1.0,-0.0
68113,68073,E,0,0,0,1,2,1,1.0,-0.0
68141,68101,A,0,1,1,1,3,0,0.3333333333333333,1.584962500721156
68147,68107,C,3,0,1,0,4,0,0.625,0.8112781244591328
68161,68121,E,0,2,0,0,6,4,1.0,-0.0
68171,68131,C,1,0,1,0,2,0,0.5,1.0
68207,68167,C,0,1,0,1,2,0,0.5,1.0
68209,68169,E,1,0,1,0,3,1,0.5,1.0
68213,68173,A,0,0,2,0,2,0,1.0,-0.0
68219,68179,C,0,1,0,1,2,0,0.5,1.0
68227,68187,B,0,1,1,1,4,1,0.3333333333333333,1.584962500721156
68239,68199,B,0,0,1,1,3,1,0.5,1.0
68261,68221,A,0,2,0,0,2,0,1.0,-0.0
68279,68239,C,0,0,1,0,1,0,1.0,-0.0
68281,68241,E,0,0,1,2,4,1,0.5555555555555556,0.9182958340544896
68311,68271,B,0,0,1,1,3,1,0.5,1.0
68329,68289,E,1,1,1,0,4,1,0.3333333333333333,1.584962500721156
68351,68311,C,0,0,1,0,1,0,1.0,-0.0
68371,68331,B,1,0,0,0,2,1,1.0,-0.0
68389,68349,E,0,0,1,0,2,1,1.0,-0.0
68399,68359,C,0,1,0,1,2,0,0.5,1.0
68437,68397,E,0,1,1,0,3,1,0.5,1.0
68443,68403,B,0,0,2,0,3,1,1.0,-0.0
68447,68407,C,1,0,1,0,2,0,0.5,1.0
68449,68409,E,0,0,1,1,4,2,0.5,1.0
68473,68433,E,0,0,0,1,2,1,1.0,-0.0
68477,68437,A,1,0,0,0,1,0,1.0,-0.0
68483,68443,C,0,0,1,0,1,0,1.0,-0.0
68489,68449,A,1,0,0,0,1,0,1.0,-0.0
68491,68451,B,0,1,0,0,2,1,1.0,-0.0
68501,68461,A,0,0,2,0,2,0,1.0,-0.0
68507,68467,C,1,0,1,0,2,0,0.5,1.0
68521,68481,E,0,0,2,0,4,2,1.0,-0.0
68531,68491,C,0,0,1,0,1,0,1.0,-0.0
68539,68499,B,0,0,1,1,5,3,0.5,1.0
68543,68503,C,1,0,1,0,2,0,0.5,1.0
68567,68527,C,0,2,1,0,3,0,0.5555555555555556,0.9182958340544896
68581,68541,E,0,0,2,1,4,1,0.5555555555555556,0.9182958340544896
68597,68557,A,0,0,0,2,2,0,1.0,-0.0
68611,68571,B,0,1,1,0,4,2,0.5,1.0
68633,68593,A,0,1,1,1,3,0,0.3333333333333333,1.584962500721156
68639,68599,C,1,0,1,0,2,0,0.5,1.0
68659,68619,B,0,2,0,0,3,1,1.0,-0.0
68669,68629,A,0,1,1,1,3,0,0.3333333333333333,1.584962500721156
68683,68643,B,0,1,0,1,4,2,0.5,1.0
68687,68647,C,1,0,1,0,2,0,0.5,1.0
68699,68659,C,0,0,1,0,1,0,1.0,-0.0
68711,68671,C,1,0,1,0,2,0,0.5,1.0
68713,68673,E,0,1,0,1,3,1,0.5,1.0
68729,68689,A,0,2,0,0,2,0,1.0,-0.0
68737,68697,E,0,2,0,0,4,2,1.0,-0.0
68743,68703,B,0,1,0,0,2,1,1.0,-0.0
68749,68709,E,1,0,1,0,3,1,0.5,1.0
68767,68727,B,0,0,2,0,3,1,1.0,-0.0
68771,68731,C,1,1,0,1,3,0,0.3333333333333333,1.584962500721156
68777,68737,A,1,0,0,0,1,0,1.0,-0.0
68791,68751,B,0,0,1,0,3,2,1.0,-0.0
68813,68773,A,2,0,0,0,2,0,1.0,-0.0
68819,68779,C,1,0,1,0,2,0,0.5,1.0
68821,68781,E,0,1,0,1,3,1,0.5,1.0
68863,68823,B,0,1,0,0,4,3,1.0,-0.0
68879,68839,C,1,1,0,1,3,0,0.3333333333333333,1.584962500721156
68881,68841,E,0,1,0,0,3,2,1.0,-0.0
68891,68851,C,1,0,1,0,2,0,0.5,1.0
68897,68857,A,2,0,0,0,2,0,1.0,-0.0
68899,68859,B,1,0,1,0,4,2,0.5,1.0
68903,68863,C,0,0,1,0,1,0,1.0,-0.0
68909,68869,A,2,0,0,0,2,0,1.0,-0.0
68917,68877,E,0,0,1,0,4,3,1.0,-0.0
68927,68887,C,2,0,1,0,3,0,0.5555555555555556,0.9182958340544896
68947,68907,B,0,0,2,0,3,1,1.0,-0.0
68963,68923,C,1,0,1,0,2,0,0.5,1.0
68993,68953,A,0,2,0,0,2,0,1.0,-0.0
69001,68961,E,1,0,1,0,3,1,0.5,1.0
69011,68971,C,0,0,1,2,3,0,0.5555555555555556,0.9182958340544896
69019,68979,B,1,0,0,0,2,1,1.0,-0.0
69029,68989,A,0,0,2,0,2,0,1.0,-0.0
69031,68991,B,2,1,0,0,4,1,0.5555555555555556,0.9182958340544896
69061,69021,E,1,0,0,0,3,2,1.0,-0.0
69067,69027,B,0,1,2,0,4,1,0.5555555555555556,0.9182958340544896
69073,69033,E,0,0,1,0,2,1,1.0,-0.0
69109,69069,E,1,0,1,2,5,1,0.375,1.5
69119,69079,C,1,0,1,0,2,0,0.5,1.0
69127,69087,B,1,0,0,0,2,1,1.0,-0.0
69143,69103,C,1,0,1,0,2,0,0.5,1.0
69149,69109,A,1,0,0,0,1,0,1.0,-0.0
69151,69111,B,0,1,1,0,4,2,0.5,1.0
69163,69123,B,1,0,0,0,2,1,1.0,-0.0
69191,69151,C,0,0,1,0,1,0,1.0,-0.0
69193,69153,E,1,1,1,0,4,1,0.3333333333333333,1.584962500721156
69197,69157,A,0,0,0,2,2,0,1.0,-0.0
69203,69163,C,0,0,1,0,1,0,1.0,-0.0
69221,69181,A,0,0,2,0,2,0,1.0,-0.0
69233,69193,A,1,0,0,0,1,0,1.0,-0.0
69239,69199,C,1,0,1,0,2,0,0.5,1.0
69247,69207,B,0,1,0,2,4,1,0.5555555555555556,0.9182958340544896
69257,69217,A,0,0,2,0,2,0,1.0,-0.0
69259,69219,B,0,0,0,1,3,2,1.0,-0.0
69263,69223,C,0,1,2,1,4,0,0.375,1.5
69313,69273,E,0,0,1,1,4,2,0.5,1.0
69317,69277,A,3,0,0,0,3,0,1.0,-0.0
69337,69297,E,0,0,0,1,2,1,1.0,-0.0
69341,69301,A,2,0,0,0,2,0,1.0,-0.0
69371,69331,C,0,2,1,0,3,0,0.5555555555555556,0.9182958340544896
69379,69339,B,0,2,0,0,3,1,1.0,-0.0
69383,69343,C,0,1,0,1,2,0,0.5,1.0
69389,69349,A,0,0,2,0,2,0,1.0,-0.0
69401,69361,A,0,0,2,0,2,0,1.0,-0.0
69403,69363,B,0,0,2,0,5,3,1.0,-0.0
69427,69387,B,1,1,0,0,3,1,0.5,1.0
69431,69391,C,0,0,1,2,3,0,0.5555555555555556,0.9182958340544896
69439,69399,B,0,1,0,1,4,2,0.5,1.0
69457,69417,E,0,1,0,0,5,4,1.0,-0.0
69463,69423,B,1,1,0,0,3,1,0.5,1.0
69467,69427,C,0,0,1,0,1,0,1.0,-0.0
69473,69433,A,2,0,2,0,4,0,0.5,1.0
69481,69441,E,0,1,1,0,3,1,0.5,1.0
69491,69451,C,1,0,1,0,2,0,0.5,1.0
69493,69453,E,1,0,0,0,3,2,1.0,-0.0
69497,69457,A,1,0,0,0,1,0,1.0,-0.0
69499,69459,B,2,1,0,0,4,1,0.5555555555555556,0.9182958340544896
69539,69499,C,0,0,1,0,1,0,1.0,-0.0
69557,69517,A,0,0,2,0,2,0,1.0,-0.0
69593,69553,A,0,0,0,2,2,0,1.0,-0.0
69623,69583,C,0,1,0,1,2,0,0.5,1.0
69653,69613,A,0,0,2,0,2,0,1.0,-0.0
69661,69621,E,1,0,0,1,3,1,0.5,1.0
69677,69637,A,0,0,0,2,2,0,1.0,-0.0
69691,69651,B,1,0,0,1,4,2,0.5,1.0
69697,69657,E,0,0,2,1,4,1,0.5555555555555556,0.9182958340544896
69709,69669,E,1,0,0,0,3,2,1.0,-0.0
69737,69697,A,1,0,0,0,1,0,1.0,-0.0
69739,69699,B,0,0,2,0,3,1,1.0,-0.0
69761,69721,A,0,2,0,0,2,0,1.0,-0.0
69763,69723,B,1,0,1,0,4,2,0.5,1.0
69767,69727,C,0,0,3,0,3,0,1.0,-0.0
69779,69739,C,0,0,1,0,1,0,1.0,-0.0
69809,69769,A,0,0,2,0,2,0,1.0,-0.0
69821,69781,A,0,0,2,0,2,0,1.0,-0.0
69827,69787,C,1,0,1,0,2,0,0.5,1.0
69829,69789,E,1,0,1,0,3,1,0.5,1.0
69833,69793,A,0,0,0,2,2,0,1.0,-0.0
69847,69807,B,1,0,0,0,2,1,1.0,-0.0
69857,69817,A,1,0,0,2,3,0,0.5555555555555556,0.9182958340544896
69859,69819,B,2,1,0,0,4,1,0.5555555555555556,0.9182958340544896
69877,69837,E,0,0,0,1,2,1,1.0,-0.0
69899,69859,C,0,0,1,0,1,0,1.0,-0.0
69911,69871,C,0,1,0,1,2,0,0.5,1.0
69929,69889,A,0,0,0,2,2,0,1.0,-0.0
69931,69891,B,0,1,0,0,2,1,1.0,-0.0
69941,69901,A,1,0,2,0,3,0,0.5555555555555556,0.9182958340544896
69959,69919,C,0,1,0,1,2,0,0.5,1.0
69991,69951,B,0,0,2,0,3,1,1.0,-0.0
69997,69957,E,0,0,0,1,4,3,1.0,-0.0
70001,69961,A,0,0,2,0,2,0,1.0,-0.0
70003,69963,B,0,1,0,0,2,1,1.0,-0.0
70009,69969,E,0,1,0,1,3,1,0.5,1.0
70019,69979,C,2,0,1,0,3,0,0.5555555555555556,0.9182958340544896
70039,69999,B,0,1,0,0,2,1,1.0,-0.0
70051,70011,B,1,0,0,0,4,3,1.0,-0.0
70061,70021,A,1,0,2,0,3,0,0.5555555555555556,0.9182958340544896
70067,70027,C,0,1,0,1,2,0,0.5,1.0
70079,70039,C,0,0,1,0,1,0,1.0,-0.0
70099,70059,B,1,0,0,2,4,1,0.5555555555555556,0.9182958340544896
70111,70071,B,0,1,0,0,2,1,1.0,-0.0
70117,70077,E,0,0,1,2,4,1,0.5555555555555556,0.9182958340544896
70121,70081,A,1,0,0,2,3,0,0.5555555555555556,0.9182958340544896
70123,70083,B,1,0,0,1,4,2,0.5,1.0
70139,70099,C,0,0,1,0,1,0,1.0,-0.0
70141,70101,E,1,0,0,0,3,2,1.0,-0.0
70157,70117,A,1,0,0,0,1,0,1.0,-0.0
70163,70123,C,0,0,1,0,1,0,1.0,-0.0
70177,70137,E,0,1,0,0,3,2,1.0,-0.0
70181,70141,A,1,0,0,0,1,0,1.0,-0.0
70183,70143,B,0,0,1,1,3,1,0.5,1.0
70199,70159,C,0,1,0,1,2,0,0.5,1.0
70201,70161,E,1,1,1,0,4,1,0.3333333333333333,1.584962500721156
70207,70167,B,0,0,2,0,3,1,1.0,-0.0
70223,70183,C,0,0,1,0,1,0,1.0,-0.0
70229,70189,A,1,0,2,0,3,0,0.5555555555555556,0.9182958340544896
70237,70197,E,0,0,0,1,2,1,1.0,-0.0
70241,70201,A,1,0,0,0,1,0,1.0,-0.0
70249,70209,E,0,2,0,0,4,2,1.0,-0.0
70271,70231,C,0,0,3,0,3,0,1.0,-0.0
70289,70249,A,1,0,0,0,1,0,1.0,-0.0
70297,70257,E,0,1,0,1,3,1,0.5,1.0
70309,70269,E,1,0,0,1,3,1,0.5,1.0
70313,70273,A,0,0,2,0,2,0,1.0,-0.0
70321,70281,E,0,1,1,0,5,3,0.5,1.0
70327,70287,B,0,0,1,1,3,1,0.5,1.0
70351,70311,B,0,0,0,2,3,1,1.0,-0.0
70373,70333,A,2,0,0,0,2,0,1.0,-0.0
70379,70339,C,1,0,1,0,2,0,0.5,1.0
70381,70341,E,0,0,0,1,2,1,1.0,-0.0
70393,70353,E,0,1,0,0,3,2,1.0,-0.0
70423,70383,B,0,2,0,0,3,1,1.0,-0.0
70429,70389,E,0,0,1,1,6,4,0.5,1.0
70439,70399,C,0,2,1,0,3,0,0.5555555555555556,0.9182958340544896
70451,70411,C,1,1,0,1,3,0,0.3333333333333333,1.584962500721156
70457,70417,A,0,0,2,0,2,0,1.0,-0.0
70459,70419,B,1,0,0,0,2,1,1.0,-0.0
70481,70441,A,0,1,1,1,3,0,0.3333333333333333,1.584962500721156
70487,70447,C,1,0,1,0,2,0,0.5,1.0
70489,70449,E,1,0,0,1,3,1,0.5,1.0
70501,70461,E,0,1,0,0,3,2,1.0,-0.0
70507,70467,B,0,0,1,1,3,1,0.5,1.0
70529,70489,A,1,0,0,0,1,0,1.0,-0.0
70537,70497,E,1,0,1,0,5,3,0.5,1.0
70549,70509,E,1,0,1,0,3,1,0.5,1.0
70571,70531,C,0,1,0,1,2,0,0.5,1.0
70573,70533,E,0,2,0,0,4,2,1.0,-0.0
70583,70543,C,0,1,0,3,4,0,0.625,0.8112781244591328
70589,70549,A,1,0,0,0,1,0,1.0,-0.0
70607,70567,C,0,2,1,0,3,0,0.5555555555555556,0.9182958340544896
70619,70579,C,1,0,1,0,2,0,0.5,1.0
70621,70581,E,1,0,1,0,3,1,0.5,1.0
70627,70587,B,0,0,1,2,5,2,0.5555555555555556,0.9182958340544896
70639,70599,B,0,2,0,0,3,1,1.0,-0.0
70657,70617,E,0,0,1,0,2,1,1.0,-0.0
70663,70623,B,0,0,2,1,5,2,0.5555555555555556,0.9182958340544896
70667,70627,C,0,0,1,0,1,0,1.0,-0.0
70687,70647,B,0,1,0,0,2,1,1.0,-0.0
70709,70669,A,0,2,0,0,2,0,1.0,-0.0
70717,70677,E,0,1,0,0,3,2,1.0,-0.0
70729,70689,E,0,0,1,0,2,1,1.0,-0.0
70753,70713,E,1,0,0,0,7,6,1.0,-0.0
70769,70729,A,1,0,0,0,1,0,1.0,-0.0
70783,70743,B,1,0,0,0,2,1,1.0,-0.0
70793,70753,A,1,0,0,0,1,0,1.0,-0.0
70823,70783,C,0,0,1,0,1,0,1.0,-0.0
70841,70801,A,0,2,0,0,2,0,1.0,-0.0
70843,70803,B,0,0,1,0,3,2,1.0,-0.0
70849,70809,E,0,0,0,1,2,1,1.0,-0.0
70853,70813,A,0,0,2,0,2,0,1.0,-0.0
70867,70827,B,0,1,0,0,2,1,1.0,-0.0
70877,70837,A,2,0,0,0,2,0,1.0,-0.0
70879,70839,B,0,1,1,0,4,2,0.5,1.0
70891,70851,B,0,1,1,1,4,1,0.3333333333333333,1.584962500721156
70901,70861,A,0,1,1,1,3,0,0.3333333333333333,1.584962500721156
70913,70873,A,0,1,1,1,3,0,0.3333333333333333,1.584962500721156
70919,70879,C,0,0,1,0,1,0,1.0,-0.0
70921,70881,E,0,0,0,1,2,1,1.0,-0.0
70937,70897,A,0,0,2,0,2,0,1.0,-0.0
70949,70909,A,0,0,0,2,2,0,1.0,-0.0
70951,70911,B,0,0,1,0,3,2,1.0,-0.0
70957,70917,E,0,0,2,1,4,1,0.5555555555555556,0.9182958340544896
70969,70929,E,1,0,0,1,5,3,0.5,1.0
70979,70939,C,0,1,0,1,2,0,0.5,1.0
70981,70941,E,1,1,0,1,4,1,0.3333333333333333,1.584962500721156
70991,70951,C,0,0,1,0,1,0,1.0,-0.0
70997,70957,A,1,0,0,0,1,0,1.0,-0.0
70999,70959,B,1,0,2,0,4,1,0.5555555555555556,0.9182958340544896
71011,70971,B,1,1,0,0,3,1,0.5,1.0
71023,70983,B,0,0,0,2,5,3,1.0,-0.0
71039,70999,C,0,0,1,0,1,0,1.0,-0.0
71059,71019,B,1,0,1,0,4,2,0.5,1.0
71069,71029,A,1,0,2,0,3,0,0.5555555555555556,0.9182958340544896
71081,71041,A,0,0,2,0,2,0,1.0,-0.0
71089,71049,E,0,1,0,1,3,1,0.5,1.0
71119,71079,B,0,1,2,0,4,1,0.5555555555555556,0.9182958340544896
71129,71089,A,1,0,0,0,1,0,1.0,-0.0
71143,71103,B,0,2,0,0,3,1,1.0,-0.0
71147,71107,C,1,0,1,0,2,0,0.5,1.0
71153,71113,A,0,0,2,0,2,0,1.0,-0.0
71161,71121,E,1,0,1,0,3,1,0.5,1.0
71167,71127,B,1,0,1,0,4,2,0.5,1.0
71171,71131,C,0,1,0,1,2,0,0.5,1.0
71191,71151,B,1,1,0,0,3,1,0.5,1.0
71209,71169,E,0,1,1,0,3,1,0.5,1.0
71233,71193,E,1,0,1,0,3,1,0.5,1.0
71237,71197,A,1,0,2,0,3,0,0.5555555555555556,0.9182958340544896
71249,71209,A,1,0,0,0,1,0,1.0,-0.0
71257,71217,E,1,1,0,0,4,2,0.5,1.0
71261,71221,A,0,0,2,0,2,0,1.0,-0.0
71263,71223,B,0,1,0,0,2,1,1.0,-0.0
71287,71247,B,0,1,1,1,4,1,0.3333333333333333,1.584962500721156
71293,71253,E,1,1,1,0,6,3,0.3333333333333333,1.584962500721156
71317,71277,E,1,0,0,1,3,1,0.5,1.0
71327,71287,C,0,0,1,0,1,0,1.0,-0.0
71329,71289,E,0,2,0,0,4,2,1.0,-0.0
71333,71293,A,1,0,0,0,1,0,1.0,-0.0
71339,71299,C,1,1,0,1,3,0,0.3333333333333333,1.584962500721156
71341,71301,E,0,0,1,0,2,1,1.0,-0.0
71347,71307,B,0,0,2,0,5,3,1.0,-0.0
71353,71313,E,1,0,0,1,3,1,0.5,1.0
71359,71319,B,1,0,0,0,2,1,1.0,-0.0
71363,71323,C,0,0,1,2,3,0,0.5555555555555556,0.9182958340544896
71387,71347,C,0,0,1,0,1,0,1.0,-0.0
71389,71349,E,0,1,1,0,3,1,0.5,1.0
71399,71359,C,0,0,1,0,1,0,1.0,-0.0
71411,71371,C,0,1,0,1,2,0,0.5,1.0
71413,71373,E,1,0,1,0,3,1,0.5,1.0
71419,71379,B,0,0,2,1,5,2,0.5555555555555556,0.9182958340544896
71429,71389,A,1,0,0,0,1,0,1.0,-0.0
71437,71397,E,1,0,0,0,3,2,1.0,-0.0
71443,71403,B,0,1,0,0,2,1,1.0,-0.0
71453,71413,A,1,0,0,0,1,0,1.0,-0.0
71471,71431,C,1,0,1,0,2,0,0.5,1.0
71473,71433,E,0,1,0,0,3,2,1.0,-0.0
71479,71439,B,0,1,0,0,2,1,1.0,-0.0
71483,71443,C,0,0,1,0,1,0,1.0,-0.0
71503,71463,B,0,1,1,1,4,1,0.3333333333333333,1.584962500721156
71527,71487,B,2,0,0,1,5,2,0.5555555555555556,0.9182958340544896
71537,71497,A,0,1,1,1,3,0,0.3333333333333333,1.584962500721156
71549,71509,A,0,0,2,0,2,0,1.0,-0.0
71551,71511,B,0,1,0,2,4,1,0.5555555555555556,0.9182958340544896
71563,71523,B,0,0,1,0,5,4,1.0,-0.0
71569,71529,E,0,1,1,0,3,1,0.5,1.0
71593,71553,E,1,1,0,1,4,1,0.3333333333333333,1.584962500721156
71597,71557,A,0,0,2,0,2,0,1.0,-0.0
71633,71593,A,1,0,0,0,1,0,1.0,-0.0
71647,71607,B,1,0,0,0,2,1,1.0,-0.0
71663,71623,C,1,0,1,0,2,0,0.5,1.0
71671,71631,B,0,0,2,0,5,3,1.0,-0.0
71693,71653,A,0,0,2,0,2,0,1.0,-0.0
71699,71659,C,0,2,1,0,3,0,0.5555555555555556,0.9182958340544896
71707,71667,B,0,0,1,0,3,2,1.0,-0.0
71711,71671,C,0,0,1,0,1,0,1.0,-0.0
71713,71673,E,0,1,1,0,3,1,0.5,1.0
71719,71679,B,1,0,0,0,2,1,1.0,-0.0
71741,71701,A,0,0,2,0,2,0,1.0,-0.0
71761,71721,E,2,0,0,0,4,2,1.0,-0.0
71777,71737,A,0,0,0,2,2,0,1.0,-0.0
71789,71749,A,2,0,0,0,2,0,1.0,-0.0
71807,71767,C,1,0,1,0,2,0,0.5,1.0
71809,71769,E,0,1,0,1,3,1,0.5,1.0
71821,71781,E,1,0,0,1,3,1,0.5,1.0
71837,71797,A,1,0,0,2,3,0,0.5555555555555556,0.9182958340544896
71843,71803,C,0,1,0,1,2,0,0.5,1.0
71849,71809,A,1,0,0,0,1,0,1.0,-0.0
71861,71821,A,1,0,0,0,1,0,1.0,-0.0
71867,71827,C,0,0,3,0,3,0,1.0,-0.0
71879,71839,C,0,0,3,0,3,0,1.0,-0.0
71881,71841,E,0,0,1,2,4,1,0.5555555555555556,0.9182958340544896
71887,71847,B,0,0,0,1,5,4,1.0,-0.0
71899,71859,B,0,2,0,0,3,1,1.0,-0.0
71909,71869,A,0,0,2,0,2,0,1.0,-0.0
71917,71877,E,2,0,1,0,4,1,0.5555555555555556,0.9182958340544896
71933,71893,A,0,2,0,0,2,0,1.0,-0.0
71941,71901,E,0,0,0,1,4,3,1.0,-0.0
71947,71907,B,0,0,1,1,3,1,0.5,1.0
71963,71923,C,0,1,0,1,2,0,0.5,1.0
71971,71931,B,1,0,0,0,2,1,1.0,-0.0
71983,71943,B,0,1,0,0,2,1,1.0,-0.0
71987,71947,C,0,0,1,0,1,0,1.0,-0.0
71993,71953,A,1,0,2,0,3,0,0.5555555555555556,0.9182958340544896
71999,71959,C,0,1,0,1,2,0,0.5,1.0
72019,71979,B,0,1,0,0,2,1,1.0,-0.0
72031,71991,B,1,0,1,0,4,2,0.5,1.0
72043,72003,B,1,0,0,0,2,1,1.0,-0.0
72047,72007,C,1,1,0,1,3,0,0.3333333333333333,1.584962500721156
72053,72013,A,0,1,1,1,3,0,0.3333333333333333,1.584962500721156
72073,72033,E,1,0,0,1,3,1,0.5,1.0
72077,72037,A,0,1,1,1,3,0,0.3333333333333333,1.584962500721156
72089,72049,A,2,0,0,0,2,0,1.0,-0.0
72091,72051,B,1,0,1,1,4,1,0.3333333333333333,1.584962500721156
72101,72061,A,0,0,0,2,2,0,1.0,-0.0
72103,72063,B,1,1,0,0,5,3,0.5,1.0
72109,72069,E,0,0,0,1,2,1,1.0,-0.0
72139,72099,B,0,0,1,0,3,2,1.0,-0.0
72161,72121,A,0,0,2,0,2,0,1.0,-0.0
72167,72127,C,0,0,1,2,3,0,0.5555555555555556,0.9182958340544896
72169,72129,E,0,0,1,0,2,1,1.0,-0.0
72173,72133,A,0,2,0,0,2,0,1.0,-0.0
72211,72171,B,0,0,0,1,9,8,1.0,-0.0
72221,72181,A,0,1,1,1,3,0,0.3333333333333333,1.584962500721156
72223,72183,B,1,0,0,0,2,1,1.0,-0.0
72227,72187,C,1,0,1,0,2,0,0.5,1.0
72229,72189,E,1,1,0,0,4,2,0.5,1.0
72251,72211,C,0,0,1,0,1,0,1.0,-0.0
72253,72213,E,0,0,0,1,2,1,1.0,-0.0
72269,72229,A,1,0,0,0,1,0,1.0,-0.0
72271,72231,B,0,1,0,0,2,1,1.0,-0.0
72277,72237,E,0,0,1,2,4,1,0.5555555555555556,0.9182958340544896
72287,72247,C,1,0,1,0,2,0,0.5,1.0
72307,72267,B,2,1,0,0,4,1,0.5555555555555556,0.9182958340544896
72313,72273,E,0,0,1,0,2,1,1.0,-0.0
72337,72297,E,1,1,0,0,4,2,0.5,1.0
72341,72301,A,0,2,0,0,2,0,1.0,-0.0
72353,72313,A,1,0,0,0,1,0,1.0,-0.0
72367,72327,B,1,0,0,0,2,1,1.0,-0.0
72379,72339,B,0,1,0,0,2,1,1.0,-0.0
72383,72343,C,1,0,1,0,2,0,0.5,1.0
72421,72381,E,0,1,0,1,3,1,0.5,1.0
72431,72391,C,0,1,0,1,2,0,0.5,1.0
72461,72421,A,1,0,0,0,1,0,1.0,-0.0
72467,72427,C,0,0,1,2,3,0,0.5555555555555556,0.9182958340544896
72469,72429,E,0,1,1,0,3,1,0.5,1.0
72481,72441,E,0,0,1,0,4,3,1.0,-0.0
72493,72453,E,0,0,1,0,2,1,1.0,-0.0
72497,72457,A,0,1,1,1,3,0,0.3333333333333333,1.584962500721156
72503,72463,C,0,1,0,1,2,0,0.5,1.0
72533,72493,A,1,0,0,0,1,0,1.0,-0.0
72547,72507,B,1,0,0,0,2,1,1.0,-0.0
72551,72511,C,0,1,0,1,2,0,0.5,1.0
72559,72519,B,0,0,1,1,3,1,0.5,1.0
72577,72537,E,0,0,0,1,2,1,1.0,-0.0
72613,72573,E,0,1,1,0,3,1,0.5,1.0
72617,72577,A,1,0,0,0,1,0,1.0,-0.0
72623,72583,C,1,0,1,0,2,0,0.5,1.0
72643,72603,B,1,0,0,0,4,3,1.0,-0.0
72647,72607,C,0,1,0,1,2,0,0.5,1.0
72649,72609,E,0,0,0,1,2,1,1.0,-0.0
72661,72621,E,0,1,0,0,3,2,1.0,-0.0
72671,72631,C,2,0,1,0,3,0,0.5555555555555556,0.9182958340544896
72673,72633,E,0,0,1,2,4,1,0.5555555555555556,0.9182958340544896
72679,72639,B,1,0,1,0,4,2,0.5,1.0
72689,72649,A,1,0,0,0,1,0,1.0,-0.0
72701,72661,A,1,0,0,0,1,0,1.0,-0.0
72707,72667,C,0,0,3,0,3,0,1.0,-0.0
72719,72679,C,0,0,1,0,1,0,1.0,-0.0
72727,72687,B,1,0,0,0,2,1,1.0,-0.0
72733,72693,E,0,2,0,0,4,2,1.0,-0.0
72739,72699,B,0,0,1,1,3,1,0.5,1.0
72763,72723,B,0,0,2,0,3,1,1.0,-0.0
72767,72727,C,0,0,1,0,1,0,1.0,-0.0
72797,72757,A,0,0,2,0,2,0,1.0,-0.0
72817,72777,E,0,1,0,1,3,1,0.5,1.0
72823,72783,B,0,0,0,1,3,2,1.0,-0.0
72859,72819,B,0,1,1,0,6,4,0.5,1.0
72869,72829,A,0,0,2,0,2,0,1.0,-0.0
72871,72831,B,0,0,0,2,3,1,1.0,-0.0
72883,72843,B,0,1,0,0,2,1,1.0,-0.0
72889,72849,E,1,0,1,0,3,1,0.5,1.0
72893,72853,A,1,0,0,2,3,0,0.5555555555555556,0.9182958340544896
72901,72861,E,0,1,1,0,3,1,0.5,1.0
72907,72867,B,0,0,0,2,3,1,1.0,-0.0
72911,72871,C,0,0,1,0,1,0,1.0,-0.0
72923,72883,C,0,0,1,0,1,0,1.0,-0.0
72931,72891,B,1,1,1,0,5,2,0.3333333333333333,1.584962500721156
72937,72897,E,0,0,0,3,4,1,1.0,-0.0
72949,72909,E,1,0,0,0,3,2,1.0,-0.0
72953,72913,A,0,2,0,0,2,0,1.0,-0.0
72959,72919,C,0,0,1,2,3,0,0.5555555555555556,0.9182958340544896
72973,72933,E,0,0,2,1,4,1,0.5555555555555556,0.9182958340544896
72977,72937,A,1,0,0,0,1,0,1.0,-0.0
72997,72957,E,0,1,0,1,3,1,0.5,1.0
73009,72969,E,1,0,0,1,3,1,0.5,1.0
73013,72973,A,1,0,0,0,1,0,1.0,-0.0
73019,72979,C,0,0,1,2,3,0,0.5555555555555556,0.9182958340544896
73037,72997,A,1,0,0,0,1,0,1.0,-0.0
73039,72999,B,0,0,0,1,3,2,1.0,-0.0
73043,73003,C,1,0,1,0,2,0,0.5,1.0
73061,73021,A,1,2,0,0,3,0,0.5555555555555556,0.9182958340544896
73063,73023,B,1,1,0,0,3,1,0.5,1.0
73079,73039,C,0,0,1,0,1,0,1.0,-0.0
73091,73051,C,1,1,0,1,3,0,0.3333333333333333,1.584962500721156
73121,73081,A,0,0,0,2,2,0,1.0,-0.0
73127,73087,C,0,2,1,0,3,0,0.5555555555555556,0.9182958340544896
73133,73093,A,0,0,2,0,2,0,1.0,-0.0
73141,73101,E,0,0,1,2,4,1,0.5555555555555556,0.9182958340544896
73181,73141,A,1,0,0,0,1,0,1.0,-0.0
73189,73149,E,1,0,0,1,3,1,0.5,1.0
73237,73197,E,0,0,0,1,4,3,1.0,-0.0
73243,73203,B,1,1,0,0,3,1,0.5,1.0
73259,73219,C,1,1,0,1,3,0,0.3333333333333333,1.584962500721156
73277,73237,A,1,0,0,0,1,0,1.0,-0.0
73291,73251,B,1,0,0,0,4,3,1.0,-0.0
73303,73263,B,1,0,0,0,2,1,1.0,-0.0
73309,73269,E,0,0,1,1,4,2,0.5,1.0
73327,73287,B,0,1,0,1,4,2,0.5,1.0
73331,73291,C,0,0,1,0,1,0,1.0,-0.0
73351,73311,B,0,0,1,1,3,1,0.5,1.0
73361,73321,A,0,1,1,1,3,0,0.3333333333333333,1.584962500721156
73363,73323,B,0,0,0,1,3,2,1.0,-0.0
73369,73329,E,0,0,0,1,2,1,1.0,-0.0
73379,73339,C,1,0,1,0,2,0,0.5,1.0
73387,73347,B,0,0,1,1,3,1,0.5,1.0
73417,73377,E,0,0,1,1,4,2,0.5,1.0
73421,73381,A,0,1,1,1,3,0,0.3333333333333333,1.584962500721156
73433,73393,A,0,0,0,2,2,0,1.0,-0.0
73453,73413,E,0,0,1,0,4,3,1.0,-0.0
73459,73419,B,0,1,0,0,2,1,1.0,-0.0
73471,73431,B,0,1,1,0,4,2,0.5,1.0
73477,73437,E,1,1,1,0,4,1,0.3333333333333333,1.584962500721156
73483,73443,B,1,0,0,0,2,1,1.0,-0.0
73517,73477,A,1,0,0,0,1,0,1.0,-0.0
73523,73483,C,0,0,1,0,1,0,1.0,-0.0
73529,73489,A,2,0,0,0,2,0,1.0,-0.0
73547,73507,C,1,0,1,0,2,0,0.5,1.0
73553,73513,A,0,1,1,1,3,0,0.3333333333333333,1.584962500721156
73561,73521,E,0,1,1,0,5,3,0.5,1.0
73571,73531,C,0,0,1,2,3,0,0.5555555555555556,0.9182958340544896
73583,73543,C,0,1,0,1,2,0,0.5,1.0
73589,73549,A,0,0,4,0,4,0,1.0,-0.0
73597,73557,E,0,0,0,2,4,2,1.0,-0.0
73607,73567,C,1,0,1,0,2,0,0.5,1.0
73609,73569,E,0,1,0,1,3,1,0.5,1.0
73613,73573,A,0,1,1,1,3,0,0.3333333333333333,1.584962500721156
73637,73597,A,1,0,0,0,1,0,1.0,-0.0
73643,73603,C,0,1,0,1,2,0,0.5,1.0
73651,73611,B,0,0,1,0,3,2,1.0,-0.0
73673,73633,A,1,0,2,0,3,0,0.5555555555555556,0.9182958340544896
73679,73639,C,1,0,1,0,2,0,0.5,1.0
73681,73641,E,0,0,1,0,2,1,1.0,-0.0
73693,73653,E,0,0,0,1,2,1,1.0,-0.0
73699,73659,B,0,0,2,0,3,1,1.0,-0.0
73709,73669,A,0,0,0,2,2,0,1.0,-0.0
73721,73681,A,1,0,0,0,1,0,1.0,-0.0
73727,73687,C,1,0,1,0,2,0,0.5,1.0
73751,73711,C,0,1,0,1,2,0,0.5,1.0
73757,73717,A,0,0,2,0,2,0,1.0,-0.0
73771,73731,B,0,0,2,0,3,1,1.0,-0.0
73783,73743,B,0,0,1,1,3,1,0.5,1.0
73819,73779,B,0,1,0,0,2,1,1.0,-0.0
73823,73783,C,0,0,1,0,1,0,1.0,-0.0
73847,73807,C,0,1,0,1,2,0,0.5,1.0
73849,73809,E,0,0,1,1,4,2,0.5,1.0
73859,73819,C,0,0,1,0,1,0,1.0,-0.0
73867,73827,B,1,0,1,0,4,2,0.5,1.0
73877,73837,A,0,0,0,2,2,0,1.0,-0.0
73883,73843,C,0,1,2,1,4,0,0.375,1.5
73897,73857,E,1,0,1,0,3,1,0.5,1.0
73907,73867,C,0,0,1,0,1,0,1.0,-0.0
73939,73899,B,0,1,1,1,6,3,0.3333333333333333,1.584962500721156
73943,73903,C,0,1,0,1,2,0,0.5,1.0
73951,73911,B,0,0,0,2,3,1,1.0,-0.0
73961,73921,A,0,2,0,0,2,0,1.0,-0.0
73973,73933,A,0,2,0,0,2,0,1.0,-0.0
73999,73959,B,1,1,0,0,3,1,0.5,1.0
74017,73977,E,0,0,0,1,2,1,1.0,-0.0
74021,73981,A,0,0,0,2,2,0,1.0,-0.0
74027,73987,C,1,0,1,0,2,0,0.5,1.0
74047,74007,B,0,1,0,0,4,3,1.0,-0.0
74051,74011,C,2,0,1,0,3,0,0.5555555555555556,0.9182958340544896
74071,74031,B,0,1,0,0,2,1,1.0,-0.0
74077,74037,E,1,1,0,1,4,1,0.3333333333333333,1.584962500721156
74093,74053,A,0,1,1,1,3,0,0.3333333333333333,1.584962500721156
74099,74059,C,1,0,1,0,2,0,0.5,1.0
74101,74061,E,1,0,1,0,5,3,0.5,1.0
74131,74091,B,1,0,0,0,2,1,1.0,-0.0
74143,74103,B,1,1,0,0,3,1,0.5,1.0
74149,74109,E,1,0,1,0,3,1,0.5,1.0
74159,74119,C,0,0,1,2,3,0,0.5555555555555556,0.9182958340544896
74161,74121,E,0,1,1,0,3,1,0.5,1.0
74167,74127,B,1,0,0,0,2,1,1.0,-0.0
74177,74137,A,0,2,2,0,4,0,0.5,1.0
74189,74149,A,1,0,0,0,1,0,1.0,-0.0
74197,74157,E,0,1,1,0,3,1,0.5,1.0
74201,74161,A,1,0,0,0,1,0,1.0,-0.0
74203,74163,B,0,0,0,2,3,1,1.0,-0.0
74209,74169,E,0,1,1,0,5,3,0.5,1.0
74219,74179,C,1,0,1,0,2,0,0.5,1.0
74231,74191,C,2,0,1,0,3,0,0.5555555555555556,0.9182958340544896
74257,74217,E,1,1,0,1,4,1,0.3333333333333333,1.584962500721156
74279,74239,C,1,1,0,1,3,0,0.3333333333333333,1.584962500721156
74287,74247,B,0,1,0,0,2,1,1.0,-0.0
74293,74253,E,0,1,0,1,3,1,0.5,1.0
74297,74257,A,1,0,0,0,1,0,1.0,-0.0
74311,74271,B,0,0,2,0,3,1,1.0,-0.0
74317,74277,E,0,0,1,1,6,4,0.5,1.0
74323,74283,B,0,0,1,1,3,1,0.5,1.0
74353,74313,E,0,0,0,2,4,2,1.0,-0.0
74357,74317,A,1,0,0,0,1,0,1.0,-0.0
74363,74323,C,0,0,1,0,1,0,1.0,-0.0
74377,74337,E,1,0,0,1,3,1,0.5,1.0
74381,74341,A,0,2,0,0,2,0,1.0,-0.0
74383,74343,B,1,0,0,0,2,1,1.0,-0.0
74411,74371,C,0,1,0,1,2,0,0.5,1.0
74413,74373,E,1,0,0,1,3,1,0.5,1.0
74419,74379,B,1,0,0,0,2,1,1.0,-0.0
74441,74401,A,0,0,0,2,2,0,1.0,-0.0
74449,74409,E,0,1,1,0,3,1,0.5,1.0
74453,74413,A,1,0,0,0,1,0,1.0,-0.0
74471,74431,C,0,0,5,0,5,0,1.0,-0.0
74489,74449,A,1,0,0,0,1,0,1.0,-0.0
74507,74467,C,0,1,0,1,2,0,0.5,1.0
74509,74469,E,1,0,1,0,3,1,0.5,1.0
74521,74481,E,2,0,0,1,4,1,0.5555555555555556,0.9182958340544896
74527,74487,B,0,0,2,0,3,1,1.0,-0.0
74531,74491,C,1,0,1,0,2,0,0.5,1.0
74551,74511,B,0,1,1,0,4,2,0.5,1.0
74561,74521,A,1,0,0,0,1,0,1.0,-0.0
74567,74527,C,0,0,1,0,1,0,1.0,-0.0
74573,74533,A,2,0,0,0,2,0,1.0,-0.0
74587,74547,B,0,0,0,2,5,3,1.0,-0.0
74597,74557,A,0,0,2,0,2,0,1.0,-0.0
74609,74569,A,0,0,0,2,2,0,1.0,-0.0
74611,74571,B,0,1,2,0,4,1,0.5555555555555556,0.9182958340544896
74623,74583,B,0,0,1,0,3,2,1.0,-0.0
74653,74613,E,0,1,2,1,5,1,0.375,1.5
74687,74647,C,0,1,0,1,2,0,0.5,1.0
74699,74659,C,1,0,1,0,2,0,0.5,1.0
74707,74667,B,1,0,0,0,2,1,1.0,-0.0
74713,74673,E,0,1,0,0,3,2,1.0,-0.0
74717,74677,A,0,2,0,0,2,0,1.0,-0.0
74719,74679,B,1,0,1,1,4,1,0.3333333333333333,1.584962500721156
74729,74689,A,0,0,2,0,2,0,1.0,-0.0
74731,74691,B,1,0,1,0,4,2,0.5,1.0
74747,74707,C,0,0,1,0,1,0,1.0,-0.0
74759,74719,C,0,0,1,0,1,0,1.0,-0.0
74761,74721,E,0,0,1,0,2,1,1.0,-0.0
74771,74731,C,0,0,1,0,1,0,1.0,-0.0
74779,74739,B,0,0,2,0,3,1,1.0,-0.0
74797,74757,E,0,0,1,0,2,1,1.0,-0.0
74821,74781,E,0,0,1,1,4,2,0.5,1.0
74827,74787,B,1,1,0,0,3,1,0.5,1.0
74831,74791,C,0,1,0,1,2,0,0.5,1.0
74843,74803,C,0,0,3,0,3,0,1.0,-0.0
74857,74817,E,0,1,1,0,5,3,0.5,1.0
74861,74821,A,1,0,0,0,1,0,1.0,-0.0
74869,74829,E,0,0,1,0,2,1,1.0,-0.0
74873,74833,A,0,0,0,2,2,0,1.0,-0.0
74887,74847,B,2,0,0,0,3,1,1.0,-0.0
74891,74851,C,1,2,1,0,4,0,0.375,1.5
74897,74857,A,1,0,0,0,1,0,1.0,-0.0
74903,74863,C,1,0,1,0,2,0,0.5,1.0
74923,74883,B,2,0,0,0,3,1,1.0,-0.0
74929,74889,E,1,1,0,0,4,2,0.5,1.0
74933,74893,A,1,0,2,0,3,0,0.5555555555555556,0.9182958340544896
74941,74901,E,0,0,1,0,2,1,1.0,-0.0
74959,74919,B,1,2,0,0,4,1,0.5555555555555556,0.9182958340544896
75011,74971,C,2,0,1,0,3,0,0.5555555555555556,0.9182958340544896
75013,74973,E,1,0,1,0,3,1,0.5,1.0
75017,74977,A,0,0,2,0,2,0,1.0,-0.0
75029,74989,A,0,1,1,1,3,0,0.3333333333333333,1.584962500721156
75037,74997,E,1,1,0,0,4,2,0.5,1.0
75041,75001,A,0,0,0,2,2,0,1.0,-0.0
75079,75039,B,0,1,0,0,2,1,1.0,-0.0
75083,75043,C,0,1,0,1,2,0,0.5,1.0
75109,75069,E,0,0,2,0,4,2,1.0,-0.0
75133,75093,E,0,0,0,1,2,1,1.0,-0.0
75149,75109,A,1,0,0,0,1,0,1.0,-0.0
75161,75121,A,0,0,2,0,2,0,1.0,-0.0
75167,75127,C,1,0,1,0,2,0,0.5,1.0
75169,75129,E,0,1,1,0,3,1,0.5,1.0
75181,75141,E,0,0,0,3,6,3,1.0,-0.0
75193,75153,E,1,1,0,1,4,1,0.3333333333333333,1.584962500721156
75209,75169,A,1,0,0,0,1,0,1.0,-0.0
75211,75171,B,1,0,0,0,2,1,1.0,-0.0
75217,75177,E,1,0,0,0,3,2,1.0,-0.0
75223,75183,B,0,0,1,1,3,1,0.5,1.0
75227,75187,C,0,0,1,2,3,0,0.5555555555555556,0.9182958340544896
75239,75199,C,1,0,1,0,2,0,0.5,1.0
75253,75213,E,1,1,0,0,4,2,0.5,1.0
75269,75229,A,0,1,1,1,3,0,0.3333333333333333,1.584962500721156
75277,75237,E,0,1,1,0,3,1,0.5,1.0
75289,75249,E,0,1,0,0,5,4,1.0,-0.0
75307,75267,B,0,0,0,1,3,2,1.0,-0.0
75323,75283,C,1,0,1,0,2,0,0.5,1.0
75329,75289,A,1,0,0,0,1,0,1.0,-0.0
75337,75297,E,1,0,1,0,3,1,0.5,1.0
75347,75307,C,0,0,1,0,1,0,1.0,-0.0
75353,75313,A,0,2,2,0,4,0,0.5,1.0
75367,75327,B,0,1,2,0,4,1,0.5555555555555556,0.9182958340544896
75377,75337,A,1,0,0,0,1,0,1.0,-0.0
75389,75349,A,0,0,2,0,2,0,1.0,-0.0
75391,75351,B,1,0,0,0,2,1,1.0,-0.0
75401,75361,A,1,1,1,1,4,0,0.25,2.0
75403,75363,B,0,1,0,0,2,1,1.0,-0.0
75407,75367,C,0,0,1,0,1,0,1.0,-0.0
75431,75391,C,0,0,1,0,1,0,1.0,-0.0
75437,75397,A,0,0,2,0,2,0,1.0,-0.0
75479,75439,C,2,0,1,0,3,0,0.5555555555555556,0.9182958340544896
75503,75463,C,1,1,0,1,3,0,0.3333333333333333,1.584962500721156
75511,75471,B,0,0,1,1,3,1,0.5,1.0
75521,75481,A,0,1,1,1,3,0,0.3333333333333333,1.584962500721156
75527,75487,C,0,2,1,0,3,0,0.5555555555555556,0.9182958340544896
75533,75493,A,0,0,0,2,2,0,1.0,-0.0
75539,75499,C,1,0,1,0,2,0,0.5,1.0
75541,75501,E,1,0,0,0,3,2,1.0,-0.0
75553,75513,E,0,0,1,0,2,1,1.0,-0.0
75557,75517,A,3,0,0,0,3,0,1.0,-0.0
75571,75531,B,0,2,0,0,3,1,1.0,-0.0
75577,75537,E,1,0,1,1,5,2,0.3333333333333333,1.584962500721156
75583,75543,B,2,1,0,0,4,1,0.5555555555555556,0.9182958340544896
75611,75571,C,0,0,1,0,1,0,1.0,-0.0
75617,75577,A,1,0,0,0,1,0,1.0,-0.0
75619,75579,B,1,0,1,1,4,1,0.3333333333333333,1.584962500721156
75629,75589,A,0,2,0,0,2,0,1.0,-0.0
75641,75601,A,0,1,1,1,3,0,0.3333333333333333,1.584962500721156
75653,75613,A,0,0,0,2,2,0,1.0,-0.0
75659,75619,C,0,0,1,0,1,0,1.0,-0.0
75679,75639,B,0,0,2,0,3,1,1.0,-0.0
75683,75643,C,1,0,1,0,2,0,0.5,1.0
75689,75649,A,0,1,1,1,3,0,0.3333333333333333,1.584962500721156
75703,75663,B,1,0,1,0,4,2,0.5,1.0
75707,75667,C,0,1,0,1,2,0,0.5,1.0
75709,75669,E,1,0,0,1,3,1,0.5,1.0
75721,75681,E,0,0,1,0,4,3,1.0,-0.0
75731,75691,C,0,0,1,2,3,0,0.5555555555555556,0.9182958340544896
75743,75703,C,0,0,1,0,1,0,1.0,-0.0
75767,75727,C,0,1,0,1,2,0,0.5,1.0
75773,75733,A,1,0,2,0,3,0,0.5555555555555556,0.9182958340544896
75781,75741,E,0,0,0,1,2,1,1.0,-0.0
75787,75747,B,0,0,2,0,3,1,1.0,-0.0
75793,75753,E,0,0,1,1,4,2,0.5,1.0
75797,75757,A,1,0,0,2,3,0,0.5555555555555556,0.9182958340544896
75821,75781,A,1,0,0,0,1,0,1.0,-0.0
75833,75793,A,1,0,0,0,1,0,1.0,-0.0
75853,75813,E,1,0,0,1,3,1,0.5,1.0
75869,75829,A,1,0,2,0,3,0,0.5555555555555556,0.9182958340544896
75883,75843,B,0,2,0,0,5,3,1.0,-0.0
75913,75873,E,1,0,1,0,3,1,0.5,1.0
75931,75891,B,0,2,0,0,3,1,1.0,-0.0
75937,75897,E,1,0,0,0,5,4,1.0,-0.0
75941,75901,A,1,0,2,0,3,0,0.5555555555555556,0.9182958340544896
75967,75927,B,1,0,0,0,2,1,1.0,-0.0
75979,75939,B,1,1,0,0,3,1,0.5,1.0
75983,75943,C,0,0,3,0,3,0,1.0,-0.0
75989,75949,A,0,2,0,0,2,0,1.0,-0.0
75991,75951,B,1,1,0,0,5,3,0.5,1.0
75997,75957,E,0,1,1,0,3,1,0.5,1.0
76001,75961,A,2,0,0,0,2,0,1.0,-0.0
76003,75963,B,1,0,0,0,2,1,1.0,-0.0
76031,75991,C,0,0,1,0,1,0,1.0,-0.0
76039,75999,B,0,0,2,2,5,1,0.5,1.0
76079,76039,C,0,0,1,0,1,0,1.0,-0.0
76081,76041,E,0,1,1,1,5,2,0.3333333333333333,1.584962500721156
76091,76051,C,0,1,0,1,2,0,0.5,1.0
76099,76059,B,1,0,0,0,6,5,1.0,-0.0
76103,76063,C,1,0,1,0,2,0,0.5,1.0
76123,76083,B,0,0,1,1,3,1,0.5,1.0
76129,76089,E,1,0,1,0,3,1,0.5,1.0
76147,76107,B,0,0,0,2,3,1,1.0,-0.0
76157,76117,A,0,0,2,0,2,0,1.0,-0.0
76159,76119,B,0,1,0,0,2,1,1.0,-0.0
76163,76123,C,0,0,1,0,1,0,1.0,-0.0
76207,76167,B,1,0,2,0,6,3,0.5555555555555556,0.9182958340544896
76213,76173,E,0,0,0,1,2,1,1.0,-0.0
76231,76191,B,1,1,0,0,3,1,0.5,1.0
76243,76203,B,0,0,1,0,3,2,1.0,-0.0
76249,76209,E,0,0,2,1,4,1,0.5555555555555556,0.9182958340544896
76253,76213,A,1,0,0,0,1,0,1.0,-0.0
76259,76219,C,2,1,0,1,4,0,0.375,1.5
76261,76221,E,0,1,0,0,5,4,1.0,-0.0
76283,76243,C,0,0,1,0,1,0,1.0,-0.0
76289,76249,A,1,0,0,0,1,0,1.0,-0.0
76303,76263,B,0,0,1,1,3,1,0.5,1.0
76333,76293,E,0,1,2,0,5,2,0.5555555555555556,0.9182958340544896
76343,76303,C,0,0,1,0,1,0,1.0,-0.0
76367,76327,C,1,0,1,0,2,0,0.5,1.0
76369,76329,E,0,1,0,1,5,3,0.5,1.0
76379,76339,C,1,0,1,0,2,0,0.5,1.0
76387,76347,B,0,1,1,0,4,2,0.5,1.0
76403,76363,C,1,0,1,0,2,0,0.5,1.0
76421,76381,A,0,2,0,0,2,0,1.0,-0.0
76423,76383,B,0,1,0,1,6,4,0.5,1.0
76441,76401,E,1,1,0,0,4,2,0.5,1.0
76463,76423,C,0,0,1,0,1,0,1.0,-0.0
76471,76431,B,2,0,0,0,3,1,1.0,-0.0
76481,76441,A,1,0,0,0,1,0,1.0,-0.0
76487,76447,C,0,0,3,0,3,0,1.0,-0.0
76493,76453,A,2,0,0,0,2,0,1.0,-0.0
76507,76467,B,0,0,0,2,3,1,1.0,-0.0
76511,76471,C,0,0,1,0,1,0,1.0,-0.0
76519,76479,B,2,1,0,0,4,1,0.5555555555555556,0.9182958340544896
76537,76497,E,0,1,1,0,3,1,0.5,1.0
76541,76501,A,0,2,0,0,2,0,1.0,-0.0
76543,76503,B,0,0,2,0,3,1,1.0,-0.0
76561,76521,E,0,1,0,1,3,1,0.5,1.0
76579,76539,B,0,0,2,0,3,1,1.0,-0.0
76597,76557,E,2,0,1,0,4,1,0.5555555555555556,0.9182958340544896
76603,76563,B,1,0,0,1,4,2,0.5,1.0
76607,76567,C,0,1,0,1,2,0,0.5,1.0
76631,76591,C,0,1,0,1,2,0,0.5,1.0
76649,76609,A,1,0,0,2,3,0,0.5555555555555556,0.9182958340544896
76651,76611,B,1,0,0,0,2,1,1.0,-0.0
76667,76627,C,2,0,1,0,3,0,0.5555555555555556,0.9182958340544896
76673,76633,A,0,2,0,0,2,0,1.0,-0.0
76679,76639,C,0,1,0,1,2,0,0.5,1.0
76697,76657,A,0,1,1,1,3,0,0.3333333333333333,1.584962500721156
76717,76677,E,1,0,0,1,3,1,0.5,1.0
76733,76693,A,0,0,2,0,2,0,1.0,-0.0
76753,76713,E,1,1,1,0,4,1,0.3333333333333333,1.584962500721156
76757,76717,A,1,0,0,0,1,0,1.0,-0.0
76771,76731,B,0,1,0,0,2,1,1.0,-0.0
76777,76737,E,0,0,1,0,2,1,1.0,-0.0
76781,76741,A,1,0,2,0,3,0,0.5555555555555556,0.9182958340544896
76801,76761,E,0,0,0,1,4,3,1.0,-0.0
76819,76779,B,0,1,1,0,4,2,0.5,1.0
76829,76789,A,0,2,0,0,2,0,1.0,-0.0
76831,76791,B,1,0,0,2,4,1,0.5555555555555556,0.9182958340544896
76837,76797,E,0,1,1,1,5,2,0.3333333333333333,1.584962500721156
76847,76807,C,0,1,0,1,2,0,0.5,1.0
76871,76831,C,0,0,1,0,1,0,1.0,-0.0
76873,76833,E,0,1,0,0,3,2,1.0,-0.0
76883,76843,C,1,1,0,1,3,0,0.3333333333333333,1.584962500721156
76907,76867,C,0,0,3,0,3,0,1.0,-0.0
76913,76873,A,1,0,0,0,1,0,1.0,-0.0
76919,76879,C,1,1,0,1,3,0,0.3333333333333333,1.584962500721156
76943,76903,C,0,1,0,1,2,0,0.5,1.0
76949,76909,A,0,0,2,0,2,0,1.0,-0.0
76961,76921,A,3,0,0,0,3,0,1.0,-0.0
76963,76923,B,1,0,1,1,6,3,0.3333333333333333,1.584962500721156
76991,76951,C,1,0,1,0,2,0,0.5,1.0
77003,76963,C,0,0,1,0,1,0,1.0,-0.0
77017,76977,E,0,0,1,0,4,3,1.0,-0.0
77023,76983,B,0,0,1,1,3,1,0.5,1.0
77029,76989,E,0,1,0,1,3,1,0.5,1.0
77041,77001,E,0,0,0,1,2,1,1.0,-0.0
77047,77007,B,1,0,2,0,4,1,0.5555555555555556,0.9182958340544896
77069,77029,A,1,0,0,0,1,0,1.0,-0.0
77081,77041,A,1,0,0,0,1,0,1.0,-0.0
77093,77053,A,0,2,0,0,2,0,1.0,-0.0
77101,77061,E,0,1,0,1,3,1,0.5,1.0
77137,77097,E,1,0,1,0,3,1,0.5,1.0
77141,77101,A,1,0,0,0,1,0,1.0,-0.0
77153,77113,A,0,0,0,2,2,0,1.0,-0.0
77167,77127,B,0,0,1,1,3,1,0.5,1.0
77171,77131,C,0,1,0,1,2,0,0.5,1.0
77191,77151,B,1,0,0,0,2,1,1.0,-0.0
77201,77161,A,1,0,2,0,3,0,0.5555555555555556,0.9182958340544896
77213,77173,A,2,0,0,0,2,0,1.0,-0.0
77237,77197,A,0,1,1,1,3,0,0.3333333333333333,1.584962500721156
77239,77199,B,0,1,0,0,2,1,1.0,-0.0
77243,77203,C,0,2,1,0,3,0,0.5555555555555556,0.9182958340544896
77249,77209,A,0,0,0,2,2,0,1.0,-0.0
77261,77221,A,0,1,1,1,3,0,0.3333333333333333,1.584962500721156
77263,77223,B,1,0,0,0,2,1,1.0,-0.0
77267,77227,C,0,1,0,1,2,0,0.5,1.0
77269,77229,E,1,0,0,0,3,2,1.0,-0.0
77279,77239,C,0,0,1,0,1,0,1.0,-0.0
77291,77251,C,1,0,1,0,2,0,0.5,1.0
77317,77277,E,0,0,1,0,2,1,1.0,-0.0
77323,77283,B,1,0,1,0,4,2,0.5,1.0
77339,77299,C,0,1,0,1,2,0,0.5,1.0
77347,77307,B,1,1,0,0,3,1,0.5,1.0
77351,77311,C,2,0,1,0,3,0,0.5555555555555556,0.9182958340544896
77359,77319,B,0,0,0,3,5,2,1.0,-0.0
77369,77329,A,0,0,2,0,2,0,1.0,-0.0
77377,77337,E,2,0,0,0,4,2,1.0,-0.0
77383,77343,B,0,1,2,0,4,1,0.5555555555555556,0.9182958340544896
77417,77377,A,1,0,0,0,1,0,1.0,-0.0
77419,77379,B,0,1,0,0,2,1,1.0,-0.0
77431,77391,B,0,0,1,0,3,2,1.0,-0.0
77447,77407,C,0,0,1,2,3,0,0.5555555555555556,0.9182958340544896
77471,77431,C,0,0,1,0,1,0,1.0,-0.0
77477,77437,A,0,0,2,0,2,0,1.0,-0.0
77479,77439,B,0,0,0,2,3,1,1.0,-0.0
77489,77449,A,0,2,0,0,2,0,1.0,-0.0
77491,77451,B,0,0,1,1,3,1,0.5,1.0
77509,77469,E,0,1,3,0,5,1,0.625,0.8112781244591328
77513,77473,A,0,0,0,2,2,0,1.0,-0.0
77521,77481,E,0,1,0,0,3,2,1.0,-0.0
77527,77487,B,0,0,1,1,3,1,0.5,1.0
77543,77503,C,1,1,0,1,3,0,0.3333333333333333,1.584962500721156
77549,77509,A,1,0,0,0,1,0,1.0,-0.0
77551,77511,B,0,0,2,0,3,1,1.0,-0.0
77557,77517,E,0,1,0,1,7,5,0.5,1.0
77563,77523,B,0,1,0,0,2,1,1.0,-0.0
77569,77529,E,1,0,1,0,3,1,0.5,1.0
77573,77533,A,0,0,0,2,2,0,1.0,-0.0
77587,77547,B,1,0,0,0,2,1,1.0,-0.0
77591,77551,C,0,0,1,0,1,0,1.0,-0.0
77611,77571,B,2,1,0,0,6,3,0.5555555555555556,0.9182958340544896
77617,77577,E,0,1,1,0,3,1,0.5,1.0
77621,77581,A,0,0,2,0,2,0,1.0,-0.0
77641,77601,E,0,0,1,0,2,1,1.0,-0.0
77647,77607,B,0,0,1,0,3,2,1.0,-0.0
77659,77619,B,1,0,0,0,2,1,1.0,-0.0
77681,77641,A,1,0,0,0,1,0,1.0,-0.0
77687,77647,C,0,0,1,0,1,0,1.0,-0.0
77689,77649,E,2,0,0,1,4,1,0.5555555555555556,0.9182958340544896
77699,77659,C,0,0,1,0,1,0,1.0,-0.0
77711,77671,C,0,0,1,2,3,0,0.5555555555555556,0.9182958340544896
77713,77673,E,0,1,0,1,3,1,0.5,1.0
77719,77679,B,0,1,1,0,6,4,0.5,1.0
77723,77683,C,0,1,0,1,2,0,0.5,1.0
77731,77691,B,0,1,1,1,4,1,0.3333333333333333,1.584962500721156
77743,77703,B,0,0,1,1,3,1,0.5,1.0
77747,77707,C,0,2,1,0,3,0,0.5555555555555556,0.9182958340544896
77761,77721,E,0,1,1,0,3,1,0.5,1.0
77773,77733,E,0,0,0,1,4,3,1.0,-0.0
77783,77743,C,0,0,1,0,1,0,1.0,-0.0
77797,77757,E,0,0,0,1,2,1,1.0,-0.0
77801,77761,A,1,0,0,0,1,0,1.0,-0.0
77813,77773,A,1,0,0,0,1,0,1.0,-0.0
77839,77799,B,1,0,0,0,2,1,1.0,-0.0
77849,77809,A,0,1,1,1,3,0,0.3333333333333333,1.584962500721156
77863,77823,B,0,0,1,0,3,2,1.0,-0.0
77867,77827,C,1,0,1,0,2,0,0.5,1.0
77893,77853,E,0,0,1,0,2,1,1.0,-0.0
77899,77859,B,0,1,1,0,4,2,0.5,1.0
77929,77889,E,1,0,1,0,3,1,0.5,1.0
77933,77893,A,1,0,0,0,1,0,1.0,-0.0
77951,77911,C,0,1,0,1,2,0,0.5,1.0
77969,77929,A,1,0,0,0,1,0,1.0,-0.0
77977,77937,E,1,0,0,1,3,1,0.5,1.0
77983,77943,B,1,0,0,0,2,1,1.0,-0.0
77999,77959,C,1,0,3,0,4,0,0.625,0.8112781244591328
78007,77967,B,0,0,0,1,3,2,1.0,-0.0
78017,77977,A,1,0,0,0,1,0,1.0,-0.0
78031,77991,B,0,1,0,0,2,1,1.0,-0.0
78041,78001,A,0,1,1,1,3,0,0.3333333333333333,1.584962500721156
78049,78009,E,0,0,0,1,2,1,1.0,-0.0
78059,78019,C,1,0,1,0,2,0,0.5,1.0
78079,78039,B,1,1,0,1,5,2,0.3333333333333333,1.584962500721156
78101,78061,A,0,0,0,2,2,0,1.0,-0.0
78121,78081,E,0,1,1,0,3,1,0.5,1.0
78137,78097,A,0,2,0,0,2,0,1.0,-0.0
78139,78099,B,0,0,1,1,3,1,0.5,1.0
78157,78117,E,1,0,0,1,3,1,0.5,1.0
78163,78123,B,1,0,0,0,2,1,1.0,-0.0
78167,78127,C,1,0,1,0,2,0,0.5,1.0
78173,78133,A,0,0,0,2,2,0,1.0,-0.0
78179,78139,C,0,0,1,0,1,0,1.0,-0.0
78191,78151,C,1,0,1,0,2,0,0.5,1.0
78193,78153,E,1,0,0,1,3,1,0.5,1.0
78203,78163,C,0,0,1,0,1,0,1.0,-0.0
78229,78189,E,0,1,1,0,3,1,0.5,1.0
78233,78193,A,1,0,0,0,1,0,1.0,-0.0
78241,78201,E,1,0,0,0,3,2,1.0,-0.0
78259,78219,B,0,1,0,0,4,3,1.0,-0.0
78277,78237,E,0,1,0,0,3,2,1.0,-0.0
78283,78243,B,0,0,1,1,3,1,0.5,1.0
78301,78261,E,0,1,1,0,3,1,0.5,1.0
78307,78267,B,0,0,2,0,3,1,1.0,-0.0
78311,78271,C,0,1,0,1,2,0,0.5,1.0
78317,78277,A,1,0,0,0,1,0,1.0,-0.0
78341,78301,A,1,0,0,0,1,0,1.0,-0.0
78347,78307,C,0,0,1,0,1,0,1.0,-0.0
78367,78327,B,0,0,1,0,5,4,1.0,-0.0
78401,78361,A,0,0,0,2,2,0,1.0,-0.0
78427,78387,B,0,3,0,0,4,1,1.0,-0.0
78437,78397,A,0,0,0,2,2,0,1.0,-0.0
78439,78399,B,0,1,1,0,4,2,0.5,1.0
78467,78427,C,0,0,1,0,1,0,1.0,-0.0
78479,78439,C,0,0,1,0,1,0,1.0,-0.0
78487,78447,B,0,0,2,0,3,1,1.0,-0.0
78497,78457,A,0,0,2,0,2,0,1.0,-0.0
78509,78469,A,0,0,0,2,2,0,1.0,-0.0
78511,78471,B,0,0,1,0,3,2,1.0,-0.0
78517,78477,E,1,1,1,0,4,1,0.3333333333333333,1.584962500721156
78539,78499,C,0,1,0,1,2,0,0.5,1.0
78541,78501,E,0,1,0,1,3,1,0.5,1.0
78553,78513,E,0,0,0,1,2,1,1.0,-0.0
78569,78529,A,0,0,0,4,4,0,1.0,-0.0
78571,78531,B,0,1,0,0,2,1,1.0,-0.0
78577,78537,E,0,1,0,1,3,1,0.5,1.0
78583,78543,B,0,1,0,0,4,3,1.0,-0.0
78593,78553,A,1,0,0,0,1,0,1.0,-0.0
78607,78567,B,0,1,0,0,2,1,1.0,-0.0
78623,78583,C,0,0,1,0,1,0,1.0,-0.0
78643,78603,B,0,1,2,0,4,1,0.5555555555555556,0.9182958340544896
78649,78609,E,0,0,1,0,2,1,1.0,-0.0
78653,78613,A,0,0,2,0,2,0,1.0,-0.0
78691,78651,B,0,0,0,1,5,4,1.0,-0.0
78697,78657,E,1,0,0,1,3,1,0.5,1.0
78707,78667,C,1,0,1,0,2,0,0.5,1.0
78713,78673,A,0,0,2,0,2,0,1.0,-0.0
78721,78681,E,0,0,1,0,2,1,1.0,-0.0
78737,78697,A,1,0,0,0,1,0,1.0,-0.0
78779,78739,C,0,1,0,1,2,0,0.5,1.0
78781,78741,E,2,0,0,0,4,2,1.0,-0.0
78787,78747,B,0,1,0,0,2,1,1.0,-0.0
78791,78751,C,1,0,1,0,2,0,0.5,1.0
78797,78757,A,0,0,2,0,2,0,1.0,-0.0
78803,78763,C,1,0,1,0,2,0,0.5,1.0
78809,78769,A,0,0,0,2,2,0,1.0,-0.0
78823,78783,B,0,1,0,0,2,1,1.0,-0.0
78839,78799,C,1,0,1,0,2,0,0.5,1.0
78853,78813,E,0,0,2,0,6,4,1.0,-0.0
78857,78817,A,0,2,0,0,2,0,1.0,-0.0
78877,78837,E,1,0,0,1,3,1,0.5,1.0
78887,78847,C,1,0,1,0,2,0,0.5,1.0
78889,78849,E,1,0,0,0,3,2,1.0,-0.0
78893,78853,A,1,0,0,0,1,0,1.0,-0.0
78901,78861,E,1,0,1,0,3,1,0.5,1.0
78919,78879,B,1,0,0,0,2,1,1.0,-0.0
78929,78889,A,1,0,0,0,1,0,1.0,-0.0
78941,78901,A,1,0,0,0,1,0,1.0,-0.0
78977,78937,A,2,0,0,0,2,0,1.0,-0.0
78979,78939,B,0,0,2,1,5,2,0.5555555555555556,0.9182958340544896
78989,78949,A,2,0,0,0,2,0,1.0,-0.0
79031,78991,C,0,0,1,2,3,0,0.5555555555555556,0.9182958340544896
79039,78999,B,1,1,0,0,3,1,0.5,1.0
79043,79003,C,1,0,1,0,2,0,0.5,1.0
79063,79023,B,0,1,1,1,4,1,0.3333333333333333,1.584962500721156
79087,79047,B,0,0,0,1,3,2,1.0,-0.0
79103,79063,C,0,0,1,0,1,0,1.0,-0.0
79111,79071,B,0,1,0,0,2,1,1.0,-0.0
79133,79093,A,0,0,2,0,2,0,1.0,-0.0
79139,79099,C,0,1,0,1,2,0,0.5,1.0
79147,79107,B,0,0,1,1,3,1,0.5,1.0
79151,79111,C,0,0,1,0,1,0,1.0,-0.0
79153,79113,E,0,0,1,0,2,1,1.0,-0.0
79159,79119,B,0,1,0,1,4,2,0.5,1.0
79181,79141,A,0,2,0,0,2,0,1.0,-0.0
79187,79147,C,0,0,1,0,1,0,1.0,-0.0
79193,79153,A,1,0,0,0,1,0,1.0,-0.0
79201,79161,E,0,0,0,1,2,1,1.0,-0.0
79229,79189,A,1,0,0,2,3,0,0.5555555555555556,0.9182958340544896
79231,79191,B,0,0,1,1,5,3,0.5,1.0
79241,79201,A,1,0,0,0,1,0,1.0,-0.0
79259,79219,C,1,0,1,0,2,0,0.5,1.0
79273,79233,E,0,0,4,1,6,1,0.68,0.7219280948873623
79279,79239,B,2,0,0,0,3,1,1.0,-0.0
79283,79243,C,1,0,1,0,2,0,0.5,1.0
79301,79261,A,2,0,2,0,4,0,0.5,1.0
79309,79269,E,0,0,0,1,2,1,1.0,-0.0
79319,79279,C,0,0,1,0,1,0,1.0,-0.0
79333,79293,E,0,0,1,0,2,1,1.0,-0.0
79337,79297,A,0,0,0,2,2,0,1.0,-0.0
79349,79309,A,1,0,0,0,1,0,1.0,-0.0
79357,79317,E,0,0,1,1,4,2,0.5,1.0
79367,79327,C,0,1,0,1,2,0,0.5,1.0
79379,79339,C,1,1,0,1,3,0,0.3333333333333333,1.584962500721156
79393,79353,E,0,0,0,1,4,3,1.0,-0.0
79397,79357,A,1,0,0,0,1,0,1.0,-0.0
79399,79359,B,0,0,1,1,3,1,0.5,1.0
79411,79371,B,0,0,0,1,3,2,1.0,-0.0
79423,79383,B,0,0,0,2,3,1,1.0,-0.0
79427,79387,C,0,0,1,2,3,0,0.5555555555555556,0.9182958340544896
79433,79393,A,1,0,0,0,1,0,1.0,-0.0
79451,79411,C,0,0,1,0,1,0,1.0,-0.0
79481,79441,A,0,2,0,0,2,0,1.0,-0.0
79493,79453,A,0,1,1,1,3,0,0.3333333333333333,1.584962500721156
79531,79491,B,1,0,0,0,2,1,1.0,-0.0
79537,79497,E,1,0,0,2,5,2,0.5555555555555556,0.9182958340544896
79549,79509,E,0,1,0,1,3,1,0.5,1.0
79559,79519,C,0,1,0,1,2,0,0.5,1.0
79561,79521,E,1,0,0,1,3,1,0.5,1.0
79579,79539,B,0,1,0,0,2,1,1.0,-0.0
79589,79549,A,1,0,0,0,1,0,1.0,-0.0
79601,79561,A,1,0,0,0,1,0,1.0,-0.0
79609,79569,E,1,0,1,0,5,3,0.5,1.0
79613,79573,A,2,0,0,0,2,0,1.0,-0.0
79621,79581,E,0,1,0,1,3,1,0.5,1.0
79627,79587,B,1,0,0,1,4,2,0.5,1.0
79631,79591,C,0,0,1,2,3,0,0.5555555555555556,0.9182958340544896
79633,79593,E,0,1,1,0,3,1,0.5,1.0
79657,79617,E,0,0,1,0,2,1,1.0,-0.0
79669,79629,E,0,0,2,1,4,1,0.5555555555555556,0.9182958340544896
79687,79647,B,0,0,1,1,3,1,0.5,1.0
79691,79651,C,1,1,0,1,3,0,0.3333333333333333,1.584962500721156
79693,79653,E,1,0,1,0,3,1,0.5,1.0
79697,79657,A,1,0,0,0,1,0,1.0,-0.0
79699,79659,B,0,1,0,1,4,2,0.5,1.0
79757,79717,A,0,0,0,2,2,0,1.0,-0.0
79769,79729,A,2,0,0,0,2,0,1.0,-0.0
79777,79737,E,0,1,1,0,3,1,0.5,1.0
79801,79761,E,0,1,0,1,3,1,0.5,1.0
79811,79771,C,1,0,1,0,2,0,0.5,1.0
79813,79773,E,0,0,0,1,2,1,1.0,-0.0
79817,79777,A,1,0,0,0,1,0,1.0,-0.0
79823,79783,C,0,1,0,1,2,0,0.5,1.0
79829,79789,A,2,0,0,0,2,0,1.0,-0.0
79841,79801,A,1,0,0,0,1,0,1.0,-0.0
79843,79803,B,0,0,0,1,3,2,1.0,-0.0
79847,79807,C,2,0,1,0,3,0,0.5555555555555556,0.9182958340544896
79861,79821,E,1,0,2,0,5,2,0.5555555555555556,0.9182958340544896
79867,79827,B,0,1,0,2,4,1,0.5555555555555556,0.9182958340544896
79873,79833,E,1,1,0,1,4,1,0.3333333333333333,1.584962500721156
79889,79849,A,1,1,1,1,4,0,0.25,2.0
79901,79861,A,1,0,0,0,1,0,1.0,-0.0
79903,79863,B,0,0,1,1,3,1,0.5,1.0
79907,79867,C,0,0,1,0,1,0,1.0,-0.0
79939,79899,B,0,1,0,0,2,1,1.0,-0.0
79943,79903,C,0,0,1,0,1,0,1.0,-0.0
79967,79927,C,0,1,0,1,2,0,0.5,1.0
79973,79933,A,1,0,2,0,3,0,0.5555555555555556,0.9182958340544896
79979,79939,C,0,0,1,0,1,0,1.0,-0.0
79987,79947,B,0,0,1,1,7,5,0.5,1.0
79997,79957,A,2,0,0,0,2,0,1.0,-0.0
79999,79959,B,0,0,0,2,3,1,1.0,-0.0
80021,79981,A,1,0,0,2,3,0,0.5555555555555556,0.9182958340544896
80039,79999,C,0,0,1,0,1,0,1.0,-0.0
80051,80011,C,0,2,1,0,3,0,0.5555555555555556,0.9182958340544896
80071,80031,B,1,0,2,0,4,1,0.5555555555555556,0.9182958340544896
80077,80037,E,1,0,0,0,3,2,1.0,-0.0
80107,80067,B,2,0,0,0,3,1,1.0,-0.0
80111,80071,C,0,0,1,0,1,0,1.0,-0.0
80141,80101,A,0,0,2,0,2,0,1.0,-0.0
80147,80107,C,0,0,1,0,1,0,1.0,-0.0
80149,80109,E,0,0,1,1,6,4,0.5,1.0
80153,80113,A,0,0,0,2,2,0,1.0,-0.0
80167,80127,B,0,1,1,0,4,2,0.5,1.0
80173,80133,E,0,0,0,1,2,1,1.0,-0.0
80177,80137,A,0,0,2,0,2,0,1.0,-0.0
80191,80151,B,0,1,0,0,2,1,1.0,-0.0
80207,80167,C,0,0,1,0,1,0,1.0,-0.0
80209,80169,E,0,0,0,1,2,1,1.0,-0.0
80221,80181,E,0,0,1,1,4,2,0.5,1.0
80231,80191,C,0,0,1,0,1,0,1.0,-0.0
80233,80193,E,0,0,1,0,2,1,1.0,-0.0
80239,80199,B,0,0,3,0,5,2,1.0,-0.0
80251,80211,B,1,0,0,0,2,1,1.0,-0.0
80263,80223,B,1,1,0,2,5,1,0.375,1.5
80273,80233,A,1,0,0,0,1,0,1.0,-0.0
80279,80239,C,0,0,1,0,1,0,1.0,-0.0
80287,80247,B,0,0,0,2,3,1,1.0,-0.0
80309,80269,A,0,0,2,0,2,0,1.0,-0.0
80317,80277,E,0,0,0,1,2,1,1.0,-0.0
80329,80289,E,0,0,1,1,4,2,0.5,1.0
80341,80301,E,1,1,0,1,4,1,0.3333333333333333,1.584962500721156
80347,80307,B,0,0,1,0,3,2,1.0,-0.0
80363,80323,C,0,1,0,1,2,0,0.5,1.0
80369,80329,A,1,0,0,0,1,0,1.0,-0.0
80387,80347,C,0,0,1,0,1,0,1.0,-0.0
80407,80367,B,0,1,2,0,4,1,0.5555555555555556,0.9182958340544896
80429,80389,A,0,0,2,0,2,0,1.0,-0.0
80447,80407,C,0,0,1,0,1,0,1.0,-0.0
80449,80409,E,0,0,3,0,4,1,1.0,-0.0
80471,80431,C,1,1,0,1,3,0,0.3333333333333333,1.584962500721156
80473,80433,E,0,0,1,0,6,5,1.0,-0.0
80489,80449,A,1,0,0,0,1,0,1.0,-0.0
80491,80451,B,0,1,1,0,4,2,0.5,1.0
80513,80473,A,1,0,0,0,1,0,1.0,-0.0
80527,80487,B,0,0,1,1,5,3,0.5,1.0
80537,80497,A,0,2,0,0,2,0,1.0,-0.0
80557,80517,E,0,0,1,0,2,1,1.0,-0.0
80567,80527,C,0,0,1,0,1,0,1.0,-0.0
80599,80559,B,0,0,0,1,3,2,1.0,-0.0
80603,80563,C,0,2,1,0,3,0,0.5555555555555556,0.9182958340544896
80611,80571,B,0,0,0,2,3,1,1.0,-0.0
80621,80581,A,2,0,0,0,2,0,1.0,-0.0
80627,80587,C,1,0,1,0,2,0,0.5,1.0
80629,80589,E,0,0,1,0,2,1,1.0,-0.0
80651,80611,C,0,0,1,0,1,0,1.0,-0.0
80657,80617,A,0,0,2,0,2,0,1.0,-0.0
80669,80629,A,1,0,0,0,1,0,1.0,-0.0
80671,80631,B,0,2,1,0,5,2,0.5555555555555556,0.9182958340544896
80677,80637,E,0,0,0,1,2,1,1.0,-0.0
80681,80641,A,0,0,0,2,2,0,1.0,-0.0
80683,80643,B,1,0,0,0,2,1,1.0,-0.0
80687,80647,C,0,2,1,0,3,0,0.5555555555555556,0.9182958340544896
80701,80661,E,0,0,1,2,4,1,0.5555555555555556,0.9182958340544896
80713,80673,E,0,0,0,1,2,1,1.0,-0.0
80737,80697,E,1,0,1,0,3,1,0.5,1.0
80747,80707,C,0,1,0,3,4,0,0.625,0.8112781244591328
80749,80709,E,0,0,0,1,2,1,1.0,-0.0
80761,80721,E,0,1,0,0,3,2,1.0,-0.0
80777,80737,A,1,0,0,0,1,0,1.0,-0.0
80779,80739,B,0,0,1,0,3,2,1.0,-0.0
80783,80743,C,1,0,1,0,2,0,0.5,1.0
80789,80749,A,1,0,0,0,1,0,1.0,-0.0
80803,80763,B,0,1,0,0,2,1,1.0,-0.0
80809,80769,E,2,0,1,0,4,1,0.5555555555555556,0.9182958340544896
80819,80779,C,0,0,1,0,1,0,1.0,-0.0
80831,80791,C,0,1,0,1,2,0,0.5,1.0
80833,80793,E,0,0,0,2,4,2,1.0,-0.0
80849,80809,A,1,0,0,0,1,0,1.0,-0.0
80863,80823,B,0,2,0,0,3,1,1.0,-0.0
80897,80857,A,0,0,2,0,2,0,1.0,-0.0
80909,80869,A,0,1,1,1,3,0,0.3333333333333333,1.584962500721156
80911,80871,B,0,0,1,1,3,1,0.5,1.0
80917,80877,E,0,0,1,0,2,1,1.0,-0.0
80923,80883,B,0,0,2,1,5,2,0.5555555555555556,0.9182958340544896
80929,80889,E,1,0,0,1,3,1,0.5,1.0
80933,80893,A,0,2,0,0,2,0,1.0,-0.0
80953,80913,E,1,0,1,0,3,1,0.5,1.0
80963,80923,C,0,0,1,0,1,0,1.0,-0.0
80989,80949,E,0,0,1,2,4,1,0.5555555555555556,0.9182958340544896
81001,80961,E,0,0,0,1,2,1,1.0,-0.0
81013,80973,E,0,0,0,1,4,3,1.0,-0.0
81017,80977,A,2,0,0,0,2,0,1.0,-0.0
81019,80979,B,0,1,0,0,2,1,1.0,-0.0
81023,80983,C,0,0,1,2,3,0,0.5555555555555556,0.9182958340544896
81031,80991,B,0,0,0,1,3,2,1.0,-0.0
81041,81001,A,1,0,0,0,1,0,1.0,-0.0
81043,81003,B,1,0,2,0,4,1,0.5555555555555556,0.9182958340544896
81047,81007,C,0,1,0,1,2,0,0.5,1.0
81049,81009,E,1,0,0,0,3,2,1.0,-0.0
81071,81031,C,0,0,1,0,1,0,1.0,-0.0
81077,81037,A,0,1,1,1,3,0,0.3333333333333333,1.584962500721156
81083,81043,C,0,0,1,0,1,0,1.0,-0.0
81097,81057,E,0,1,0,1,3,1,0.5,1.0
81101,81061,A,0,0,2,0,2,0,1.0,-0.0
81119,81079,C,0,1,0,1,2,0,0.5,1.0
81131,81091,C,0,1,0,1,2,0,0.5,1.0
81157,81117,E,1,0,0,0,3,2,1.0,-0.0
81163,81123,B,0,0,1,1,3,1,0.5,1.0
81173,81133,A,1,0,2,0,3,0,0.5555555555555556,0.9182958340544896
81181,81141,E,1,1,1,0,4,1,0.3333333333333333,1.584962500721156
81197,81157,A,1,0,0,0,1,0,1.0,-0.0
81199,81159,B,1,1,0,0,3,1,0.5,1.0
81203,81163,C,0,0,1,0,1,0,1.0,-0.0
81223,81183,B,1,0,0,0,2,1,1.0,-0.0
81233,81193,A,1,0,2,0,3,0,0.5555555555555556,0.9182958340544896
81239,81199,C,0,0,1,0,1,0,1.0,-0.0
81281,81241,A,0,2,0,0,2,0,1.0,-0.0
81283,81243,B,0,1,0,1,6,4,0.5,1.0
81293,81253,A,2,0,0,0,2,0,1.0,-0.0
81299,81259,C,0,1,0,1,2,0,0.5,1.0
81307,81267,B,0,0,1,1,3,1,0.5,1.0
81331,81291,B,0,0,4,0,5,1,1.0,-0.0
81343,81303,B,1,1,0,0,3,1,0.5,1.0
81349,81309,E,0,0,1,0,2,1,1.0,-0.0
81353,81313,A,1,0,2,0,3,0,0.5555555555555556,0.9182958340544896
81359,81319,C,1,0,1,0,2,0,0.5,1.0
81371,81331,C,0,0,1,0,1,0,1.0,-0.0
81373,81333,E,0,0,2,0,4,2,1.0,-0.0
81401,81361,A,0,1,1,1,3,0,0.3333333333333333,1.584962500721156
81409,81369,E,0,1,0,0,3,2,1.0,-0.0
81421,81381,E,0,0,1,0,2,1,1.0,-0.0
81439,81399,B,0,0,2,0,3,1,1.0,-0.0
81457,81417,E,1,0,1,0,3,1,0.5,1.0
81463,81423,B,1,0,0,1,4,2,0.5,1.0
81509,81469,A,0,2,0,0,2,0,1.0,-0.0
81517,81477,E,0,0,1,1,4,2,0.5,1.0
81527,81487,C,0,0,3,0,3,0,1.0,-0.0
81533,81493,A,0,0,0,2,2,0,1.0,-0.0
81547,81507,B,0,2,0,0,3,1,1.0,-0.0
81551,81511,C,1,0,1,0,2,0,0.5,1.0
81553,81513,E,0,0,1,0,4,3,1.0,-0.0
81559,81519,B,1,1,0,0,3,1,0.5,1.0
81563,81523,C,1,0,1,0,2,0,0.5,1.0
81569,81529,A,1,0,2,0,3,0,0.5555555555555556,0.9182958340544896
81611,81571,C,0,0,3,0,3,0,1.0,-0.0
81619,81579,B,0,0,0,2,3,1,1.0,-0.0
81629,81589,A,0,0,0,2,2,0,1.0,-0.0
81637,81597,E,0,1,0,1,3,1,0.5,1.0
81647,81607,C,1,0,1,0,2,0,0.5,1.0
81649,81609,E,1,0,0,1,3,1,0.5,1.0
81667,81627,B,2,0,1,1,5,1,0.375,1.5
81671,81631,C,1,1,0,1,3,0,0.3333333333333333,1.584962500721156
81677,81637,A,1,0,0,0,1,0,1.0,-0.0
81689,81649,A,1,0,0,0,1,0,1.0,-0.0
81701,81661,A,0,0,2,0,2,0,1.0,-0.0
81703,81663,B,0,0,1,1,3,1,0.5,1.0
81707,81667,C,0,0,1,0,1,0,1.0,-0.0
81727,81687,B,2,0,0,0,3,1,1.0,-0.0
81737,81697,A,0,1,1,1,3,0,0.3333333333333333,1.584962500721156
81749,81709,A,0,2,0,0,2,0,1.0,-0.0
81761,81721,A,0,0,0,2,2,0,1.0,-0.0
81769,81729,E,1,0,0,0,5,4,1.0,-0.0
81773,81733,A,1,0,0,2,3,0,0.5555555555555556,0.9182958340544896
81799,81759,B,1,0,0,0,2,1,1.0,-0.0
81817,81777,E,0,0,1,0,2,1,1.0,-0.0
81839,81799,C,0,0,1,0,1,0,1.0,-0.0
81847,81807,B,1,0,1,1,4,1,0.3333333333333333,1.584962500721156
81853,81813,E,0,0,1,0,2,1,1.0,-0.0
81869,81829,A,0,1,1,1,3,0,0.3333333333333333,1.584962500721156
81883,81843,B,0,1,0,0,2,1,1.0,-0.0
81899,81859,C,1,0,1,0,2,0,0.5,1.0
81901,81861,E,1,0,0,1,3,1,0.5,1.0
81919,81879,B,0,1,2,0,4,1,0.5555555555555556,0.9182958340544896
81929,81889,A,0,2,0,0,2,0,1.0,-0.0
81931,81891,B,1,0,0,0,6,5,1.0,-0.0
81937,81897,E,0,0,0,1,2,1,1.0,-0.0
81943,81903,B,0,0,0,2,3,1,1.0,-0.0
81953,81913,A,2,0,0,0,2,0,1.0,-0.0
81967,81927,B,0,0,1,0,3,2,1.0,-0.0
81971,81931,C,0,0,1,0,1,0,1.0,-0.0
81973,81933,E,0,1,1,0,3,1,0.5,1.0
82003,81963,B,0,1,1,0,4,2,0.5,1.0
82007,81967,C,0,0,1,0,1,0,1.0,-0.0
82009,81969,E,0,1,1,0,3,1,0.5,1.0
82013,81973,A,1,0,0,0,1,0,1.0,-0.0
82021,81981,E,1,0,0,0,3,2,1.0,-0.0
82031,81991,C,1,2,1,0,4,0,0.375,1.5
82037,81997,A,0,0,0,2,2,0,1.0,-0.0
82039,81999,B,1,0,0,0,4,3,1.0,-0.0
82051,82011,B,1,0,0,0,2,1,1.0,-0.0
82067,82027,C,0,1,0,1,2,0,0.5,1.0
82073,82033,A,0,0,2,0,2,0,1.0,-0.0
82129,82089,E,0,0,2,0,4,2,1.0,-0.0
82139,82099,C,0,2,1,0,3,0,0.5555555555555556,0.9182958340544896
82141,82101,E,0,0,1,0,2,1,1.0,-0.0
82153,82113,E,0,1,1,0,3,1,0.5,1.0
82163,82123,C,0,1,0,1,2,0,0.5,1.0
82171,82131,B,0,0,1,1,3,1,0.5,1.0
82183,82143,B,0,0,1,0,3,2,1.0,-0.0
82189,82149,E,0,1,1,0,3,1,0.5,1.0
82193,82153,A,1,0,0,0,1,0,1.0,-0.0
82207,82167,B,1,1,0,0,3,1,0.5,1.0
82217,82177,A,2,0,0,0,2,0,1.0,-0.0
82219,82179,B,1,0,0,1,4,2,0.5,1.0
82223,82183,C,0,0,1,0,1,0,1.0,-0.0
82231,82191,B,1,0,0,0,2,1,1.0,-0.0
82237,82197,E,1,0,0,0,3,2,1.0,-0.0
82241,82201,A,0,0,2,0,2,0,1.0,-0.0
82261,82221,E,0,0,0,1,2,1,1.0,-0.0
82267,82227,B,1,0,0,0,2,1,1.0,-0.0
82279,82239,B,0,0,1,1,3,1,0.5,1.0
82301,82261,A,1,0,0,0,1,0,1.0,-0.0
82307,82267,C,0,0,1,0,1,0,1.0,-0.0
82339,82299,B,0,0,2,0,3,1,1.0,-0.0
82349,82309,A,0,2,0,0,2,0,1.0,-0.0
82351,82311,B,0,1,0,0,2,1,1.0,-0.0
82361,82321,A,0,0,0,2,2,0,1.0,-0.0
82373,82333,A,0,2,0,0,2,0,1.0,-0.0
82387,82347,B,0,1,0,0,2,1,1.0,-0.0
82393,82353,E,1,0,1,0,3,1,0.5,1.0
82421,82381,A,2,0,0,0,2,0,1.0,-0.0
82457,82417,A,2,0,0,0,2,0,1.0,-0.0
82463,82423,C,0,0,1,2,3,0,0.5555555555555556,0.9182958340544896
82469,82429,A,0,0,2,0,2,0,1.0,-0.0
82471,82431,B,0,0,1,1,5,3,0.5,1.0
82483,82443,B,1,0,0,0,2,1,1.0,-0.0
82487,82447,C,0,1,0,1,2,0,0.5,1.0
82493,82453,A,0,0,2,0,2,0,1.0,-0.0
82499,82459,C,1,0,1,0,2,0,0.5,1.0
82507,82467,B,0,1,2,1,6,2,0.375,1.5
82529,82489,A,0,0,0,2,2,0,1.0,-0.0
82531,82491,B,0,0,1,1,3,1,0.5,1.0
82549,82509,E,0,1,1,0,3,1,0.5,1.0
82559,82519,C,0,1,0,1,2,0,0.5,1.0
82561,82521,E,0,2,0,0,4,2,1.0,-0.0
82567,82527,B,0,1,0,0,2,1,1.0,-0.0
82571,82531,C,0,0,1,0,1,0,1.0,-0.0
82591,82551,B,0,0,2,0,3,1,1.0,-0.0
82601,82561,A,1,0,0,0,1,0,1.0,-0.0
82609,82569,E,0,1,0,1,3,1,0.5,1.0
82613,82573,A,0,0,0,2,2,0,1.0,-0.0
82619,82579,C,0,0,1,2,3,0,0.5555555555555556,0.9182958340544896
82633,82593,E,0,0,2,1,6,3,0.5555555555555556,0.9182958340544896
82651,82611,B,0,1,1,0,4,2,0.5,1.0
82657,82617,E,0,0,0,1,2,1,1.0,-0.0
82699,82659,B,0,0,0,2,3,1,1.0,-0.0
82721,82681,A,0,2,0,0,2,0,1.0,-0.0
82723,82683,B,0,0,1,0,3,2,1.0,-0.0
82727,82687,C,0,1,0,1,2,0,0.5,1.0
82729,82689,E,0,1,1,0,3,1,0.5,1.0
82757,82717,A,2,0,0,0,2,0,1.0,-0.0
82759,82719,B,1,1,1,0,5,2,0.3333333333333333,1.584962500721156
82763,82723,C,0,0,1,0,1,0,1.0,-0.0
82781,82741,A,2,0,0,0,2,0,1.0,-0.0
82787,82747,C,1,0,1,0,2,0,0.5,1.0
82793,82753,A,0,0,0,2,2,0,1.0,-0.0
82799,82759,C,0,0,1,0,1,0,1.0,-0.0
82811,82771,C,1,0,1,0,2,0,0.5,1.0
82813,82773,E,1,1,0,0,4,2,0.5,1.0
82837,82797,E,2,0,0,1,4,1,0.5555555555555556,0.9182958340544896
82847,82807,C,0,1,0,1,2,0,0.5,1.0
82883,82843,C,1,0,1,0,2,0,0.5,1.0
82889,82849,A,2,0,0,0,2,0,1.0,-0.0
82891,82851,B,0,1,0,0,2,1,1.0,-0.0
82903,82863,B,0,0,1,1,7,5,0.5,1.0
82913,82873,A,0,0,2,0,2,0,1.0,-0.0
82939,82899,B,1,0,1,0,4,2,0.5,1.0
82963,82923,B,0,0,1,1,3,1,0.5,1.0
82981,82941,E,0,0,0,1,2,1,1.0,-0.0
82997,82957,A,1,0,2,0,3,0,0.5555555555555556,0.9182958340544896
83003,82963,C,0,0,1,0,1,0,1.0,-0.0
83009,82969,A,0,2,0,0,2,0,1.0,-0.0
83023,82983,B,0,0,2,0,3,1,1.0,-0.0
83047,83007,B,0,1,0,1,4,2,0.5,1.0
83059,83019,B,1,0,0,0,2,1,1.0,-0.0
83063,83023,C,0,0,1,0,1,0,1.0,-0.0
83071,83031,B,1,1,0,0,3,1,0.5,1.0
83077,83037,E,0,1,0,1,3,1,0.5,1.0
83089,83049,E,0,0,2,1,4,1,0.5555555555555556,0.9182958340544896
83093,83053,A,1,0,0,2,3,0,0.5555555555555556,0.9182958340544896
83101,83061,E,0,0,0,2,4,2,1.0,-0.0
83117,83077,A,1,0,0,0,1,0,1.0,-0.0
83137,83097,E,0,0,1,1,4,2,0.5,1.0
83177,83137,A,1,0,0,0,1,0,1.0,-0.0
83203,83163,B,0,0,2,0,3,1,1.0,-0.0
83207,83167,C,2,0,1,0,3,0,0.5555555555555556,0.9182958340544896
83219,83179,C,1,0,1,0,2,0,0.5,1.0
83221,83181,E,0,2,1,0,4,1,0.5555555555555556,0.9182958340544896
83227,83187,B,1,0,1,0,6,4,0.5,1.0
83231,83191,C,0,1,0,1,2,0,0.5,1.0
83233,83193,E,1,0,0,1,3,1,0.5,1.0
83243,83203,C,0,0,1,0,1,0,1.0,-0.0
83257,83217,E,0,0,1,0,2,1,1.0,-0.0
83267,83227,C,0,0,1,0,1,0,1.0,-0.0
83269,83229,E,0,0,0,1,2,1,1.0,-0.0
83273,83233,A,1,0,0,0,1,0,1.0,-0.0
83299,83259,B,0,2,0,1,5,2,0.5555555555555556,0.9182958340544896
83311,83271,B,0,2,0,0,3,1,1.0,-0.0
83339,83299,C,0,0,1,0,1,0,1.0,-0.0
83341,83301,E,0,0,0,1,2,1,1.0,-0.0
83357,83317,A,2,2,0,0,4,0,0.5,1.0
83383,83343,B,2,0,0,0,3,1,1.0,-0.0
83389,83349,E,0,0,3,0,8,5,1.0,-0.0
83399,83359,C,1,0,1,0,2,0,0.5,1.0
83401,83361,E,1,0,1,0,3,1,0.5,1.0
83407,83367,B,1,0,0,1,4,2,0.5,1.0
83417,83377,A,1,0,2,0,3,0,0.5555555555555556,0.9182958340544896
83423,83383,C,0,0,1,0,1,0,1.0,-0.0
83431,83391,B,0,0,3,1,5,1,0.625,0.8112781244591328
83437,83397,E,0,0,1,0,2,1,1.0,-0.0
83443,83403,B,0,1,0,0,4,3,1.0,-0.0
83449,83409,E,0,0,0,1,2,1,1.0,-0.0
83459,83419,C,0,2,1,0,3,0,0.5555555555555556,0.9182958340544896
83471,83431,C,0,0,1,0,1,0,1.0,-0.0
83477,83437,A,1,0,0,0,1,0,1.0,-0.0
83497,83457,E,0,1,0,1,5,3,0.5,1.0
83537,83497,A,1,0,0,0,1,0,1.0,-0.0
83557,83517,E,1,1,1,0,4,1,0.3333333333333333,1.584962500721156
83561,83521,A,0,4,0,0,4,0,1.0,-0.0
83563,83523,B,0,0,0,2,3,1,1.0,-0.0
83579,83539,C,1,0,1,0,2,0,0.5,1.0
83591,83551,C,1,0,1,0,2,0,0.5,1.0
83597,83557,A,1,0,0,0,1,0,1.0,-0.0
83609,83569,A,2,0,0,0,2,0,1.0,-0.0
83617,83577,E,1,0,1,0,3,1,0.5,1.0
83621,83581,A,0,1,1,1,3,0,0.3333333333333333,1.584962500721156
83639,83599,C,0,1,0,1,2,0,0.5,1.0
83641,83601,E,0,0,2,0,4,2,1.0,-0.0
83653,83613,E,0,1,0,1,3,1,0.5,1.0
83663,83623,C,0,1,0,1,2,0,0.5,1.0
83689,83649,E,0,0,1,0,2,1,1.0,-0.0
83701,83661,E,0,1,1,0,3,1,0.5,1.0
83717,83677,A,0,0,0,2,2,0,1.0,-0.0
83719,83679,B,0,1,0,0,2,1,1.0,-0.0
83737,83697,E,1,0,0,1,3,1,0.5,1.0
83761,83721,E,0,0,1,2,4,1,0.5555555555555556,0.9182958340544896
83773,83733,E,1,1,1,0,4,1,0.3333333333333333,1.584962500721156
83777,83737,A,1,0,0,0,1,0,1.0,-0.0
83791,83751,B,0,1,0,0,2,1,1.0,-0.0
83813,83773,A,1,0,0,0,1,0,1.0,-0.0
83833,83793,E,0,2,1,0,4,1,0.5555555555555556,0.9182958340544896
83843,83803,C,1,0,1,0,2,0,0.5,1.0
83857,83817,E,0,0,2,0,4,2,1.0,-0.0
83869,83829,E,0,0,1,0,2,1,1.0,-0.0
83873,83833,A,1,0,0,0,1,0,1.0,-0.0
83891,83851,C,0,1,0,1,2,0,0.5,1.0
83903,83863,C,1,0,1,0,2,0,0.5,1.0
83911,83871,B,0,0,1,0,3,2,1.0,-0.0
83921,83881,A,0,1,1,1,3,0,0.3333333333333333,1.584962500721156
83933,83893,A,0,0,2,0,2,0,1.0,-0.0
83939,83899,C,0,1,0,1,2,0,0.5,1.0
83969,83929,A,0,2,0,0,2,0,1.0,-0.0
83983,83943,B,1,0,0,0,4,3,1.0,-0.0
83987,83947,C,1,0,1,0,2,0,0.5,1.0
84011,83971,C,0,1,0,1,2,0,0.5,1.0
84017,83977,A,0,0,2,0,2,0,1.0,-0.0
84047,84007,C,0,0,1,2,3,0,0.5555555555555556,0.9182958340544896
84053,84013,A,0,2,0,0,2,0,1.0,-0.0
84059,84019,C,1,1,0,1,3,0,0.3333333333333333,1.584962500721156
84061,84021,E,0,1,1,0,3,1,0.5,1.0
84067,84027,B,2,0,0,0,3,1,1.0,-0.0
84089,84049,A,0,0,2,0,2,0,1.0,-0.0
84121,84081,E,0,0,1,0,2,1,1.0,-0.0
84127,84087,B,0,0,1,0,3,2,1.0,-0.0
84131,84091,C,0,2,1,0,3,0,0.5555555555555556,0.9182958340544896
84137,84097,A,2,0,0,0,2,0,1.0,-0.0
84143,84103,C,1,0,1,0,2,0,0.5,1.0
84163,84123,B,1,0,0,1,4,2,0.5,1.0
84179,84139,C,0,1,0,1,2,0,0.5,1.0
84181,84141,E,1,0,0,0,3,2,1.0,-0.0
84191,84151,C,0,0,3,0,3,0,1.0,-0.0
84199,84159,B,0,0,1,0,5,4,1.0,-0.0
84211,84171,B,1,0,0,0,2,1,1.0,-0.0
84221,84181,A,1,0,0,0,1,0,1.0,-0.0
84223,84183,B,0,0,1,1,3,1,0.5,1.0
84229,84189,E,0,0,3,0,4,1,1.0,-0.0
84239,84199,C,0,0,1,0,1,0,1.0,-0.0
84247,84207,B,1,0,0,0,2,1,1.0,-0.0
84263,84223,C,0,0,1,0,1,0,1.0,-0.0
84299,84259,C,1,0,1,0,2,0,0.5,1.0
84307,84267,B,1,0,0,0,4,3,1.0,-0.0
84313,84273,E,0,1,1,0,3,1,0.5,1.0
84317,84277,A,0,0,0,2,2,0,1.0,-0.0
84319,84279,B,2,0,0,0,3,1,1.0,-0.0
84347,84307,C,0,0,1,0,1,0,1.0,-0.0
84349,84309,E,1,0,0,1,3,1,0.5,1.0
84377,84337,A,0,2,0,2,4,0,0.5,1.0
84389,84349,A,1,0,0,0,1,0,1.0,-0.0
84391,84351,B,0,0,2,0,3,1,1.0,-0.0
84401,84361,A,0,2,0,0,2,0,1.0,-0.0
84407,84367,C,0,1,0,1,2,0,0.5,1.0
84421,84381,E,1,0,0,1,3,1,0.5,1.0
84431,84391,C,0,0,1,0,1,0,1.0,-0.0
84437,84397,A,2,0,0,0,2,0,1.0,-0.0
84443,84403,C,0,1,0,1,2,0,0.5,1.0
84449,84409,A,1,0,2,0,3,0,0.5555555555555556,0.9182958340544896
84457,84417,E,0,1,1,0,3,1,0.5,1.0
84463,84423,B,0,0,0,2,3,1,1.0,-0.0
84467,84427,C,0,0,3,0,3,0,1.0,-0.0
84481,84441,E,1,0,1,0,3,1,0.5,1.0
84499,84459,B,0,0,0,2,3,1,1.0,-0.0
84503,84463,C,0,0,1,0,1,0,1.0,-0.0
84509,84469,A,0,1,1,1,3,0,0.3333333333333333,1.584962500721156
84521,84481,A,1,0,0,0,1,0,1.0,-0.0
84523,84483,B,0,1,1,0,6,4,0.5,1.0
84533,84493,A,0,0,2,0,2,0,1.0,-0.0
84551,84511,C,1,0,1,0,2,0,0.5,1.0
84559,84519,B,0,0,1,0,3,2,1.0,-0.0
84589,84549,E,0,0,1,0,2,1,1.0,-0.0
84629,84589,A,1,0,0,0,1,0,1.0,-0.0
84631,84591,B,2,0,0,0,5,3,1.0,-0.0
84649,84609,E,0,1,2,0,5,2,0.5555555555555556,0.9182958340544896
84653,84613,A,0,0,0,2,2,0,1.0,-0.0
84659,84619,C,1,0,1,0,2,0,0.5,1.0
84673,84633,E,0,0,0,1,2,1,1.0,-0.0
84691,84651,B,0,1,2,0,4,1,0.5555555555555556,0.9182958340544896
84697,84657,E,0,0,1,0,2,1,1.0,-0.0
84701,84661,A,0,0,2,0,2,0,1.0,-0.0
84713,84673,A,1,0,0,0,1,0,1.0,-0.0
84719,84679,C,1,0,1,0,2,0,0.5,1.0
84731,84691,C,0,0,1,0,1,0,1.0,-0.0
84737,84697,A,1,0,0,0,1,0,1.0,-0.0
84751,84711,B,0,1,1,1,4,1,0.3333333333333333,1.584962500721156
84761,84721,A,1,0,4,0,5,0,0.68,0.7219280948873623
84787,84747,B,1,2,0,0,4,1,0.5555555555555556,0.9182958340544896
84793,84753,E,1,0,1,0,5,3,0.5,1.0
84809,84769,A,0,0,2,0,2,0,1.0,-0.0
84811,84771,B,0,0,0,1,3,2,1.0,-0.0
84827,84787,C,0,0,1,0,1,0,1.0,-0.0
84857,84817,A,0,2,0,0,2,0,1.0,-0.0
84859,84819,B,1,0,2,0,4,1,0.5555555555555556,0.9182958340544896
84869,84829,A,0,2,0,0,2,0,1.0,-0.0
84871,84831,B,0,1,0,0,2,1,1.0,-0.0
84913,84873,E,1,0,1,0,3,1,0.5,1.0
84919,84879,B,0,0,0,1,3,2,1.0,-0.0
84947,84907,C,0,1,0,1,2,0,0.5,1.0
84961,84921,E,0,0,0,1,2,1,1.0,-0.0
84967,84927,B,1,0,0,0,2,1,1.0,-0.0
84977,84937,A,2,0,0,0,2,0,1.0,-0.0
84979,84939,B,0,0,1,1,3,1,0.5,1.0
84991,84951,B,0,0,1,0,3,2,1.0,-0.0
85009,84969,E,0,1,0,0,5,4,1.0,-0.0
85021,84981,E,1,0,1,0,3,1,0.5,1.0
85027,84987,B,0,0,2,1,5,2,0.5555555555555556,0.9182958340544896
85037,84997,A,0,0,0,2,2,0,1.0,-0.0
85049,85009,A,1,0,0,0,1,0,1.0,-0.0
85061,85021,A,1,0,0,0,1,0,1.0,-0.0
85081,85041,E,0,0,1,1,4,2,0.5,1.0
85087,85047,B,0,1,0,0,2,1,1.0,-0.0
85091,85051,C,0,1,0,1,2,0,0.5,1.0
85093,85053,E,0,0,1,0,2,1,1.0,-0.0
85103,85063,C,1,0,1,2,4,0,0.375,1.5
85109,85069,A,2,0,0,0,2,0,1.0,-0.0
85121,85081,A,1,0,0,0,1,0,1.0,-0.0
85133,85093,A,1,0,0,0,1,0,1.0,-0.0
85147,85107,B,0,0,0,2,3,1,1.0,-0.0
85159,85119,B,1,1,0,0,3,1,0.5,1.0
85193,85153,A,0,2,0,0,2,0,1.0,-0.0
85199,85159,C,0,0,1,0,1,0,1.0,-0.0
85201,85161,E,0,0,1,0,2,1,1.0,-0.0
85213,85173,E,0,2,0,1,4,1,0.5555555555555556,0.9182958340544896
85223,85183,C,0,0,3,0,3,0,1.0,-0.0
85229,85189,A,2,0,0,0,2,0,1.0,-0.0
85237,85197,E,1,0,1,0,3,1,0.5,1.0
85243,85203,B,0,0,0,1,3,2,1.0,-0.0
85247,85207,C,1,0,1,0,2,0,0.5,1.0
85259,85219,C,1,0,1,0,2,0,0.5,1.0
85297,85257,E,0,1,0,0,3,2,1.0,-0.0
85303,85263,B,1,1,0,0,3,1,0.5,1.0
85313,85273,A,0,2,0,0,2,0,1.0,-0.0
85331,85291,C,0,0,3,0,3,0,1.0,-0.0
85333,85293,E,1,0,0,0,9,8,1.0,-0.0
85361,85321,A,0,2,0,0,2,0,1.0,-0.0
85363,85323,B,0,1,1,1,4,1,0.3333333333333333,1.584962500721156
85369,85329,E,0,0,2,0,4,2,1.0,-0.0
85381,85341,E,0,0,1,0,2,1,1.0,-0.0
85411,85371,B,1,0,1,1,4,1,0.3333333333333333,1.584962500721156
85427,85387,C,1,0,1,0,2,0,0.5,1.0
85429,85389,E,0,0,0,1,2,1,1.0,-0.0
85439,85399,C,0,0,1,2,3,0,0.5555555555555556,0.9182958340544896
85447,85407,B,0,0,3,1,5,1,0.625,0.8112781244591328
85451,85411,C,0,0,1,0,1,0,1.0,-0.0
85453,85413,E,0,1,0,1,3,1,0.5,1.0
85469,85429,A,1,0,0,0,1,0,1.0,-0.0
85487,85447,C,0,0,1,0,1,0,1.0,-0.0
85513,85473,E,0,1,0,0,3,2,1.0,-0.0
85517,85477,A,0,0,2,0,2,0,1.0,-0.0
85523,85483,C,1,0,1,0,2,0,0.5,1.0
85531,85491,B,0,0,1,2,5,2,0.5555555555555556,0.9182958340544896
85549,85509,E,0,0,0,1,4,3,1.0,-0.0
85571,85531,C,0,0,1,0,1,0,1.0,-0.0
85577,85537,A,0,0,0,2,2,0,1.0,-0.0
85597,85557,E,0,0,3,0,4,1,1.0,-0.0
85601,85561,A,0,1,1,1,3,0,0.3333333333333333,1.584962500721156
85607,85567,C,0,1,0,1,2,0,0.5,1.0
85619,85579,C,1,1,0,1,3,0,0.3333333333333333,1.584962500721156
85621,85581,E,1,1,0,0,4,2,0.5,1.0
85627,85587,B,0,0,1,1,3,1,0.5,1.0
85639,85599,B,0,0,1,0,3,2,1.0,-0.0
85643,85603,C,0,0,3,0,3,0,1.0,-0.0
85661,85621,A,1,0,0,0,1,0,1.0,-0.0
85667,85627,C,0,0,1,0,1,0,1.0,-0.0
85669,85629,E,1,1,0,1,4,1,0.3333333333333333,1.584962500721156
85691,85651,C,1,0,1,0,2,0,0.5,1.0
85703,85663,C,0,1,0,1,2,0,0.5,1.0
85711,85671,B,0,0,1,1,5,3,0.5,1.0
85717,85677,E,0,0,0,1,2,1,1.0,-0.0
85733,85693,A,0,0,2,0,2,0,1.0,-0.0
85751,85711,C,0,0,1,0,1,0,1.0,-0.0
85781,85741,A,0,0,0,2,2,0,1.0,-0.0
85793,85753,A,0,2,0,0,2,0,1.0,-0.0
85817,85777,A,0,0,2,0,2,0,1.0,-0.0
85819,85779,B,0,1,0,0,6,5,1.0,-0.0
85829,85789,A,1,0,0,2,3,0,0.5555555555555556,0.9182958340544896
85831,85791,B,1,0,0,0,2,1,1.0,-0.0
85837,85797,E,0,1,0,0,3,2,1.0,-0.0
85843,85803,B,1,1,0,0,3,1,0.5,1.0
85847,85807,C,0,1,0,1,2,0,0.5,1.0
85853,85813,A,1,1,1,1,4,0,0.25,2.0
85889,85849,A,0,2,0,0,2,0,1.0,-0.0
85903,85863,B,1,0,0,0,2,1,1.0,-0.0
85909,85869,E,0,1,1,1,5,2,0.3333333333333333,1.584962500721156
85931,85891,C,1,0,1,0,2,0,0.5,1.0
85933,85893,E,0,0,0,1,2,1,1.0,-0.0
85991,85951,C,1,1,0,1,3,0,0.3333333333333333,1.584962500721156
85999,85959,B,0,0,0,1,3,2,1.0,-0.0
86011,85971,B,1,0,0,0,2,1,1.0,-0.0
86017,85977,E,0,2,0,0,4,2,1.0,-0.0
86027,85987,C,0,1,0,1,2,0,0.5,1.0
86029,85989,E,0,0,1,0,2,1,1.0,-0.0
86069,86029,A,1,0,0,0,1,0,1.0,-0.0
86077,86037,E,1,1,1,0,4,1,0.3333333333333333,1.584962500721156
86083,86043,B,0,1,1,1,4,1,0.3333333333333333,1.584962500721156
86111,86071,C,1,1,0,1,3,0,0.3333333333333333,1.584962500721156
86113,86073,E,1,0,0,1,3,1,0.5,1.0
86117,86077,A,1,0,0,0,1,0,1.0,-0.0
86131,86091,B,0,1,0,0,2,1,1.0,-0.0
86137,86097,E,0,1,0,1,3,1,0.5,1.0
86143,86103,B,0,0,1,0,5,4,1.0,-0.0
86161,86121,E,0,0,1,1,4,2,0.5,1.0
86171,86131,C,0,0,1,0,1,0,1.0,-0.0
86179,86139,B,0,1,0,1,4,2,0.5,1.0
86183,86143,C,0,0,1,0,1,0,1.0,-0.0
86197,86157,E,0,0,0,1,4,3,1.0,-0.0
86201,86161,A,1,0,0,0,1,0,1.0,-0.0
86209,86169,E,0,0,1,0,2,1,1.0,-0.0
86239,86199,B,0,0,1,1,3,1,0.5,1.0
86243,86203,C,2,0,1,0,3,0,0.5555555555555556,0.9182958340544896
86249,86209,A,1,0,0,0,1,0,1.0,-0.0
86257,86217,E,0,1,1,0,3,1,0.5,1.0
86263,86223,B,0,2,0,0,3,1,1.0,-0.0
86269,86229,E,1,0,1,1,5,2,0.3333333333333333,1.584962500721156
86287,86247,B,2,0,1,0,5,2,0.5555555555555556,0.9182958340544896
86291,86251,C,0,1,0,1,2,0,0.5,1.0
86293,86253,E,0,0,0,1,2,1,1.0,-0.0
86297,86257,A,1,0,0,0,1,0,1.0,-0.0
86311,86271,B,1,1,0,0,3,1,0.5,1.0
86323,86283,B,0,0,0,1,3,2,1.0,-0.0
86341,86301,E,0,0,2,0,4,2,1.0,-0.0
86351,86311,C,0,0,1,0,1,0,1.0,-0.0
86353,86313,E,0,0,1,0,2,1,1.0,-0.0
86357,86317,A,0,0,2,2,4,0,0.5,1.0
86369,86329,A,0,0,0,2,2,0,1.0,-0.0
86371,86331,B,0,0,2,0,3,1,1.0,-0.0
86381,86341,A,1,0,0,0,1,0,1.0,-0.0
86389,86349,E,0,1,0,1,3,1,0.5,1.0
86399,86359,C,3,0,1,0,4,0,0.625,0.8112781244591328
86413,86373,E,1,0,1,0,5,3,0.5,1.0
86423,86383,C,0,1,0,1,2,0,0.5,1.0
86441,86401,A,0,0,2,0,2,0,1.0,-0.0
86453,86413,A,1,0,0,0,1,0,1.0,-0.0
86461,86421,E,0,0,1,0,2,1,1.0,-0.0
86467,86427,B,1,0,0,1,6,4,0.5,1.0
86477,86437,A,3,0,0,0,3,0,1.0,-0.0
86491,86451,B,0,1,0,0,2,1,1.0,-0.0
86501,86461,A,1,0,0,0,1,0,1.0,-0.0
86509,86469,E,1,1,1,0,4,1,0.3333333333333333,1.584962500721156
86531,86491,C,0,0,1,0,1,0,1.0,-0.0
86533,86493,E,0,1,0,1,3,1,0.5,1.0
86539,86499,B,0,1,1,0,4,2,0.5,1.0
86561,86521,A,0,0,2,0,2,0,1.0,-0.0
86573,86533,A,1,0,0,0,1,0,1.0,-0.0
86579,86539,C,0,0,1,0,1,0,1.0,-0.0
86587,86547,B,0,2,0,0,3,1,1.0,-0.0
86599,86559,B,1,0,1,1,4,1,0.3333333333333333,1.584962500721156
86627,86587,C,0,0,1,0,1,0,1.0,-0.0
86629,86589,E,1,0,0,0,5,4,1.0,-0.0
86677,86637,E,0,0,1,0,2,1,1.0,-0.0
86689,86649,E,0,1,1,0,3,1,0.5,1.0
86693,86653,A,0,0,2,0,2,0,1.0,-0.0
86711,86671,C,1,1,0,1,3,0,0.3333333333333333,1.584962500721156
86719,86679,B,0,0,1,0,3,2,1.0,-0.0
86729,86689,A,1,0,0,0,1,0,1.0,-0.0
86743,86703,B,0,1,0,0,2,1,1.0,-0.0
86753,86713,A,0,0,0,2,2,0,1.0,-0.0
86767,86727,B,1,0,0,0,2,1,1.0,-0.0
86771,86731,C,1,0,1,0,2,0,0.5,1.0
86783,86743,C,0,0,1,0,1,0,1.0,-0.0
86813,86773,A,0,0,2,0,2,0,1.0,-0.0
86837,86797,A,1,2,0,0,3,0,0.5555555555555556,0.9182958340544896
86843,86803,C,1,0,1,0,2,0,0.5,1.0
86851,86811,B,0,0,1,1,3,1,0.5,1.0
86857,86817,E,1,0,1,0,3,1,0.5,1.0
86861,86821,A,1,0,2,0,3,0,0.5555555555555556,0.9182958340544896
86869,86829,E,0,1,1,0,3,1,0.5,1.0
86923,86883,B,0,1,0,0,2,1,1.0,-0.0
86927,86887,C,0,2,1,0,3,0,0.5555555555555556,0.9182958340544896
86929,86889,E,0,1,0,1,3,1,0.5,1.0
86939,86899,C,1,0,1,0,2,0,0.5,1.0
86951,86911,C,0,1,0,1,2,0,0.5,1.0
86959,86919,B,0,0,1,1,3,1,0.5,1.0
86969,86929,A,1,0,0,0,1,0,1.0,-0.0
86981,86941,A,0,0,0,2,2,0,1.0,-0.0
86993,86953,A,0,2,0,0,2,0,1.0,-0.0
87011,86971,C,0,1,0,1,2,0,0.5,1.0
87013,86973,E,0,1,1,0,3,1,0.5,1.0
87037,86997,E,0,1,0,1,3,1,0.5,1.0
87041,87001,A,1,0,2,0,3,0,0.5555555555555556,0.9182958340544896
87049,87009,E,2,0,0,1,4,1,0.5555555555555556,0.9182958340544896
87071,87031,C,1,0,1,0,2,0,0.5,1.0
87083,87043,C,1,1,0,1,3,0,0.3333333333333333,1.584962500721156
87103,87063,B,0,1,0,0,2,1,1.0,-0.0
87107,87067,C,0,1,0,1,2,0,0.5,1.0
87119,87079,C,0,2,1,0,3,0,0.5555555555555556,0.9182958340544896
87121,87081,E,0,0,0,1,2,1,1.0,-0.0
87133,87093,E,0,1,0,0,3,2,1.0,-0.0
87149,87109,A,0,0,0,2,2,0,1.0,-0.0
87151,87111,B,0,0,1,0,3,2,1.0,-0.0
87179,87139,C,1,0,1,0,2,0,0.5,1.0
87181,87141,E,1,0,1,0,3,1,0.5,1.0
87187,87147,B,1,0,0,1,4,2,0.5,1.0
87211,87171,B,0,1,2,0,4,1,0.5555555555555556,0.9182958340544896
87221,87181,A,1,0,0,0,1,0,1.0,-0.0
87223,87183,B,1,0,0,0,4,3,1.0,-0.0
87251,87211,C,0,0,1,0,1,0,1.0,-0.0
87253,87213,E,1,0,1,0,3,1,0.5,1.0
87257,87217,A,2,0,0,0,2,0,1.0,-0.0
87277,87237,E,0,0,0,1,6,5,1.0,-0.0
87281,87241,A,0,0,2,2,4,0,0.5,1.0
87293,87253,A,1,0,0,0,1,0,1.0,-0.0
87299,87259,C,0,1,0,1,2,0,0.5,1.0
87313,87273,E,1,0,0,0,3,2,1.0,-0.0
87317,87277,A,1,0,0,0,1,0,1.0,-0.0
87323,87283,C,2,0,1,0,3,0,0.5555555555555556,0.9182958340544896
87337,87297,E,0,1,1,0,3,1,0.5,1.0
87359,87319,C,0,1,0,1,2,0,0.5,1.0
87383,87343,C,1,0,1,0,2,0,0.5,1.0
87403,87363,B,0,1,1,0,4,2,0.5,1.0
87407,87367,C,0,0,3,0,3,0,1.0,-0.0
87421,87381,E,1,0,2,0,5,2,0.5555555555555556,0.9182958340544896
87427,87387,B,0,1,0,0,2,1,1.0,-0.0
87433,87393,E,0,0,1,0,2,1,1.0,-0.0
87443,87403,C,0,0,1,0,1,0,1.0,-0.0
87473,87433,A,1,0,0,0,1,0,1.0,-0.0
87481,87441,E,0,0,0,1,2,1,1.0,-0.0
87491,87451,C,1,0,3,0,4,0,0.625,0.8112781244591328
87509,87469,A,0,0,0,2,2,0,1.0,-0.0
87511,87471,B,0,0,0,1,3,2,1.0,-0.0
87517,87477,E,1,0,0,1,3,1,0.5,1.0
87523,87483,B,1,0,0,2,4,1,0.5555555555555556,0.9182958340544896
87539,87499,C,0,1,0,1,2,0,0.5,1.0
87541,87501,E,0,0,1,0,2,1,1.0,-0.0
87547,87507,B,0,0,2,0,5,3,1.0,-0.0
87553,87513,E,0,1,1,0,3,1,0.5,1.0
87557,87517,A,1,0,0,0,1,0,1.0,-0.0
87559,87519,B,1,0,0,0,2,1,1.0,-0.0
87583,87543,B,0,1,0,1,4,2,0.5,1.0
87587,87547,C,0,0,1,0,1,0,1.0,-0.0
87589,87549,E,0,0,2,1,4,1,0.5555555555555556,0.9182958340544896
87613,87573,E,0,0,1,0,2,1,1.0,-0.0
87623,87583,C,0,0,1,0,1,0,1.0,-0.0
87629,87589,A,1,0,0,0,1,0,1.0,-0.0
87631,87591,B,1,0,2,0,4,1,0.5555555555555556,0.9182958340544896
87641,87601,A,0,2,0,0,2,0,1.0,-0.0
87643,87603,B,0,1,0,0,2,1,1.0,-0.0
87649,87609,E,0,2,1,0,4,1,0.5555555555555556,0.9182958340544896
87671,87631,C,0,0,1,0,1,0,1.0,-0.0
87679,87639,B,0,0,1,1,3,1,0.5,1.0
87683,87643,C,0,0,1,0,1,0,1.0,-0.0
87691,87651,B,0,0,1,0,3,2,1.0,-0.0
87697,87657,E,1,0,0,1,3,1,0.5,1.0
87701,87661,A,1,0,2,0,3,0,0.5555555555555556,0.9182958340544896
87719,87679,C,0,0,1,0,1,0,1.0,-0.0
87721,87681,E,0,1,0,1,3,1,0.5,1.0
87739,87699,B,0,1,1,1,4,1,0.3333333333333333,1.584962500721156
87743,87703,C,0,1,2,1,4,0,0.375,1.5
87751,87711,B,2,1,0,0,4,1,0.5555555555555556,0.9182958340544896
87767,87727,C,1,0,1,0,2,0,0.5,1.0
87793,87753,E,0,0,1,0,2,1,1.0,-0.0
87797,87757,A,0,0,2,0,2,0,1.0,-0.0
87803,87763,C,2,0,1,0,3,0,0.5555555555555556,0.9182958340544896
87811,87771,B,0,2,0,0,3,1,1.0,-0.0
87833,87793,A,1,0,0,0,1,0,1.0,-0.0
87853,87813,E,0,0,0,2,4,2,1.0,-0.0
87869,87829,A,0,0,2,0,2,0,1.0,-0.0
87877,87837,E,0,0,2,1,4,1,0.5555555555555556,0.9182958340544896
87881,87841,A,1,2,0,0,3,0,0.5555555555555556,0.9182958340544896
87887,87847,C,0,1,0,1,2,0,0.5,1.0
87911,87871,C,1,0,1,0,2,0,0.5,1.0
87917,87877,A,1,0,0,0,1,0,1.0,-0.0
87931,87891,B,0,1,0,0,2,1,1.0,-0.0
87943,87903,B,0,0,0,1,3,2,1.0,-0.0
87959,87919,C,1,0,1,0,2,0,0.5,1.0
87961,87921,E,1,0,0,0,3,2,1.0,-0.0
87973,87933,E,0,0,1,0,2,1,1.0,-0.0
87977,87937,A,0,0,0,2,2,0,1.0,-0.0
87991,87951,B,0,0,2,0,3,1,1.0,-0.0
88001,87961,A,1,0,0,0,1,0,1.0,-0.0
88003,87963,B,1,1,0,0,3,1,0.5,1.0
88007,87967,C,0,0,1,2,3,0,0.5555555555555556,0.9182958340544896
88019,87979,C,1,0,1,0,2,0,0.5,1.0
88037,87997,A,1,0,2,0,3,0,0.5555555555555556,0.9182958340544896
88069,88029,E,1,0,0,0,3,2,1.0,-0.0
88079,88039,C,1,0,1,0,2,0,0.5,1.0
88093,88053,E,0,0,2,1,4,1,0.5555555555555556,0.9182958340544896
88117,88077,E,1,1,0,1,4,1,0.3333333333333333,1.584962500721156
88129,88089,E,0,0,0,1,2,1,1.0,-0.0
88169,88129,A,1,0,0,0,1,0,1.0,-0.0
88177,88137,E,0,0,2,0,4,2,1.0,-0.0
88211,88171,C,1,0,1,0,2,0,0.5,1.0
88223,88183,C,1,0,1,0,2,0,0.5,1.0
88237,88197,E,0,0,0,1,2,1,1.0,-0.0
88241,88201,A,2,0,0,0,2,0,1.0,-0.0
88259,88219,C,0,1,0,1,2,0,0.5,1.0
88261,88221,E,1,0,1,0,3,1,0.5,1.0
88289,88249,A,1,0,2,0,3,0,0.5555555555555556,0.9182958340544896
88301,88261,A,1,0,0,0,1,0,1.0,-0.0
88321,88281,E,1,1,0,0,4,2,0.5,1.0
88327,88287,B,0,1,0,0,2,1,1.0,-0.0
88337,88297,A,1,0,0,2,3,0,0.5555555555555556,0.9182958340544896
88339,88299,B,0,0,1,0,3,2,1.0,-0.0
88379,88339,C,0,0,1,0,1,0,1.0,-0.0
88397,88357,A,0,2,0,0,2,0,1.0,-0.0
88411,88371,B,0,0,0,1,5,4,1.0,-0.0
88423,88383,B,0,2,0,0,3,1,1.0,-0.0
88427,88387,C,2,0,1,0,3,0,0.5555555555555556,0.9182958340544896
88463,88423,C,0,0,1,0,1,0,1.0,-0.0
88469,88429,A,0,0,0,2,2,0,1.0,-0.0
88471,88431,B,0,0,1,1,3,1,0.5,1.0
88493,88453,A,0,2,0,0,2,0,1.0,-0.0
88499,88459,C,1,0,1,0,2,0,0.5,1.0
88513,88473,E,0,0,1,2,4,1,0.5555555555555556,0.9182958340544896
88523,88483,C,1,0,1,0,2,0,0.5,1.0
88547,88507,C,1,0,1,0,2,0,0.5,1.0
88589,88549,A,2,0,0,0,2,0,1.0,-0.0
88591,88551,B,0,0,0,1,3,2,1.0,-0.0
88607,88567,C,1,0,1,0,2,0,0.5,1.0
88609,88569,E,2,0,0,0,4,2,1.0,-0.0
88643,88603,C,0,1,0,1,2,0,0.5,1.0
88651,88611,B,0,1,0,0,2,1,1.0,-0.0
88657,88617,E,1,0,1,0,3,1,0.5,1.0
88661,88621,A,1,2,0,0,3,0,0.5555555555555556,0.9182958340544896
88663,88623,B,1,0,1,0,4,2,0.5,1.0
88667,88627,C,0,0,1,2,3,0,0.5555555555555556,0.9182958340544896
88681,88641,E,0,0,3,0,6,3,1.0,-0.0
88721,88681,A,1,0,0,0,1,0,1.0,-0.0
88729,88689,E,1,1,0,1,4,1,0.3333333333333333,1.584962500721156
88741,88701,E,0,0,0,1,2,1,1.0,-0.0
88747,88707,B,1,0,0,0,2,1,1.0,-0.0
88771,88731,B,0,0,1,0,3,2,1.0,-0.0
88789,88749,E,0,1,1,0,5,3,0.5,1.0
88793,88753,A,1,0,2,0,3,0,0.5555555555555556,0.9182958340544896
88799,88759,C,0,1,0,1,2,0,0.5,1.0
88801,88761,E,0,0,1,0,2,1,1.0,-0.0
88807,88767,B,0,1,1,0,4,2,0.5,1.0
88811,88771,C,0,0,1,0,1,0,1.0,-0.0
88813,88773,E,0,1,1,0,3,1,0.5,1.0
88817,88777,A,2,0,0,0,2,0,1.0,-0.0
88819,88779,B,0,2,0,0,3,1,1.0,-0.0
88843,88803,B,1,0,0,2,6,3,0.5555555555555556,0.9182958340544896
88853,88813,A,1,0,0,0,1,0,1.0,-0.0
88861,88821,E,0,0,1,1,4,2,0.5,1.0
88867,88827,B,1,1,0,0,3,1,0.5,1.0
88873,88833,E,0,0,1,0,2,1,1.0,-0.0
88883,88843,C,0,0,1,0,1,0,1.0,-0.0
88897,88857,E,0,1,0,0,5,4,1.0,-0.0
88903,88863,B,0,0,1,1,3,1,0.5,1.0
88919,88879,C,1,0,1,0,2,0,0.5,1.0
88937,88897,A,1,0,0,0,1,0,1.0,-0.0
88951,88911,B,1,1,0,0,5,3,0.5,1.0
88969,88929,E,1,1,0,0,4,2,0.5,1.0
88993,88953,E,0,1,1,0,3,1,0.5,1.0
88997,88957,A,0,0,0,2,2,0,1.0,-0.0
89003,88963,C,0,0,1,2,3,0,0.5555555555555556,0.9182958340544896
89009,88969,A,1,0,0,0,1,0,1.0,-0.0
89017,88977,E,0,0,3,0,4,1,1.0,-0.0
89021,88981,A,0,2,0,0,2,0,1.0,-0.0
89041,89001,E,0,1,1,1,5,2,0.3333333333333333,1.584962500721156
89051,89011,C,1,1,0,1,3,0,0.3333333333333333,1.584962500721156
89057,89017,A,1,0,0,0,1,0,1.0,-0.0
89069,89029,A,0,2,0,0,2,0,1.0,-0.0
89071,89031,B,0,0,0,2,3,1,1.0,-0.0
89083,89043,B,0,0,1,1,3,1,0.5,1.0
89087,89047,C,1,0,1,0,2,0,0.5,1.0
89101,89061,E,0,1,1,0,3,1,0.5,1.0
89107,89067,B,0,0,0,2,3,1,1.0,-0.0
89113,89073,E,0,0,0,1,4,3,1.0,-0.0
89119,89079,B,0,0,1,1,3,1,0.5,1.0
89123,89083,C,0,0,1,0,1,0,1.0,-0.0
89137,89097,E,0,1,1,0,3,1,0.5,1.0
89153,89113,A,1,0,0,0,1,0,1.0,-0.0
89189,89149,A,0,0,0,2,2,0,1.0,-0.0
89203,89163,B,0,0,1,0,3,2,1.0,-0.0
89209,89169,E,0,0,0,1,2,1,1.0,-0.0
89213,89173,A,0,0,2,0,2,0,1.0,-0.0
89227,89187,B,0,1,2,0,4,1,0.5555555555555556,0.9182958340544896
89231,89191,C,1,0,1,0,2,0,0.5,1.0
89237,89197,A,0,0,0,2,2,0,1.0,-0.0
89261,89221,A,0,0,0,2,2,0,1.0,-0.0
89269,89229,E,0,0,3,0,4,1,1.0,-0.0
89273,89233,A,1,2,0,0,3,0,0.5555555555555556,0.9182958340544896
89293,89253,E,0,0,1,1,4,2,0.5,1.0
89303,89263,C,0,1,0,1,2,0,0.5,1.0
89317,89277,E,0,0,0,1,2,1,1.0,-0.0
89329,89289,E,0,0,1,0,4,3,1.0,-0.0
89363,89323,C,1,0,1,0,2,0,0.5,1.0
89371,89331,B,0,0,1,1,3,1,0.5,1.0
89381,89341,A,0,0,2,0,2,0,1.0,-0.0
89387,89347,C,0,1,0,1,2,0,0.5,1.0
89393,89353,A,0,0,0,2,2,0,1.0,-0.0
89399,89359,C,1,0,1,0,2,0,0.5,1.0
89413,89373,E,0,0,3,0,4,1,1.0,-0.0
89417,89377,A,0,0,2,0,2,0,1.0,-0.0
89431,89391,B,0,0,0,2,3,1,1.0,-0.0
89443,89403,B,1,1,0,0,3,1,0.5,1.0
89449,89409,E,0,0,1,0,2,1,1.0,-0.0
89459,89419,C,0,0,1,2,3,0,0.5555555555555556,0.9182958340544896
89477,89437,A,0,2,0,0,2,0,1.0,-0.0
89491,89451,B,1,0,0,0,4,3,1.0,-0.0
89501,89461,A,0,2,0,0,2,0,1.0,-0.0
89513,89473,A,0,0,0,2,2,0,1.0,-0.0
89519,89479,C,1,0,1,0,2,0,0.5,1.0
89521,89481,E,1,0,1,0,3,1,0.5,1.0
89527,89487,B,1,0,1,0,4,2,0.5,1.0
89533,89493,E,1,0,0,1,3,1,0.5,1.0
89561,89521,A,1,0,0,0,1,0,1.0,-0.0
89563,89523,B,0,1,3,0,6,2,0.625,0.8112781244591328
89567,89527,C,0,0,1,0,1,0,1.0,-0.0
89591,89551,C,0,0,1,2,3,0,0.5555555555555556,0.9182958340544896
89597,89557,A,1,0,0,2,3,0,0.5555555555555556,0.9182958340544896
89599,89559,B,0,0,1,1,5,3,0.5,1.0
89603,89563,C,0,0,1,0,1,0,1.0,-0.0
89611,89571,B,2,0,0,0,3,1,1.0,-0.0
89627,89587,C,0,1,0,1,2,0,0.5,1.0
89633,89593,A,0,0,2,0,2,0,1.0,-0.0
89653,89613,E,0,0,1,0,4,3,1.0,-0.0
89657,89617,A,0,0,0,2,2,0,1.0,-0.0
89659,89619,B,0,1,0,0,2,1,1.0,-0.0
89669,89629,A,0,0,0,2,2,0,1.0,-0.0
89671,89631,B,1,0,0,1,4,2,0.5,1.0
89681,89641,A,0,2,0,0,2,0,1.0,-0.0
89689,89649,E,0,0,2,0,4,2,1.0,-0.0
89753,89713,A,1,0,2,0,3,0,0.5555555555555556,0.9182958340544896
89759,89719,C,0,0,3,0,3,0,1.0,-0.0
89767,89727,B,0,0,1,1,3,1,0.5,1.0
89779,89739,B,2,0,0,1,5,2,0.5555555555555556,0.9182958340544896
89783,89743,C,0,1,0,1,2,0,0.5,1.0
89797,89757,E,1,0,0,0,3,2,1.0,-0.0
89809,89769,E,0,1,0,1,3,1,0.5,1.0
89819,89779,C,0,0,1,0,1,0,1.0,-0.0
89821,89781,E,0,0,0,1,2,1,1.0,-0.0
89833,89793,E,0,0,1,1,4,2,0.5,1.0
89839,89799,B,1,1,0,0,3,1,0.5,1.0
89849,89809,A,1,0,0,0,1,0,1.0,-0.0
89867,89827,C,1,0,1,0,2,0,0.5,1.0
89891,89851,C,1,0,1,0,2,0,0.5,1.0
89897,89857,A,0,0,0,2,2,0,1.0,-0.0
89899,89859,B,0,1,1,1,4,1,0.3333333333333333,1.584962500721156
89909,89869,A,1,0,2,0,3,0,0.5555555555555556,0.9182958340544896
89917,89877,E,0,0,1,0,2,1,1.0,-0.0
89923,89883,B,0,1,0,0,4,3,1.0,-0.0
89939,89899,C,0,0,1,0,1,0,1.0,-0.0
89959,89919,B,1,0,1,0,4,2,0.5,1.0
89963,89923,C,0,0,1,0,1,0,1.0,-0.0
89977,89937,E,0,0,1,0,4,3,1.0,-0.0
89983,89943,B,0,0,1,1,3,1,0.5,1.0
89989,89949,E,0,0,1,0,2,1,1.0,-0.0
90001,89961,E,1,0,0,1,3,1,0.5,1.0
90007,89967,B,1,0,0,0,2,1,1.0,-0.0
90011,89971,C,1,0,1,0,2,0,0.5,1.0
90017,89977,A,1,0,0,0,1,0,1.0,-0.0
90019,89979,B,1,1,0,0,3,1,0.5,1.0
90023,89983,C,0,0,1,0,1,0,1.0,-0.0
90031,89991,B,0,1,0,1,6,4,0.5,1.0
90053,90013,A,0,0,2,2,4,0,0.5,1.0
90059,90019,C,0,0,1,0,1,0,1.0,-0.0
90067,90027,B,1,0,1,0,4,2,0.5,1.0
90071,90031,C,0,0,1,0,1,0,1.0,-0.0
90073,90033,E,0,0,0,1,2,1,1.0,-0.0
90089,90049,A,0,2,0,0,2,0,1.0,-0.0
90107,90067,C,0,0,1,0,1,0,1.0,-0.0
90121,90081,E,1,0,0,0,3,2,1.0,-0.0
90127,90087,B,0,1,0,0,2,1,1.0,-0.0
90149,90109,A,0,0,0,2,2,0,1.0,-0.0
90163,90123,B,0,0,1,1,3,1,0.5,1.0
90173,90133,A,0,2,0,0,2,0,1.0,-0.0
90187,90147,B,0,0,2,0,3,1,1.0,-0.0
90191,90151,C,0,1,0,1,2,0,0.5,1.0
90197,90157,A,0,2,0,0,2,0,1.0,-0.0
90199,90159,B,1,1,0,0,3,1,0.5,1.0
90203,90163,C,0,0,1,0,1,0,1.0,-0.0
90217,90177,E,0,0,0,1,2,1,1.0,-0.0
90227,90187,C,0,0,1,0,1,0,1.0,-0.0
90239,90199,C,0,0,1,0,1,0,1.0,-0.0
90247,90207,B,1,1,0,0,5,3,0.5,1.0
90263,90223,C,1,0,1,0,2,0,0.5,1.0
90271,90231,B,0,0,1,1,3,1,0.5,1.0
90281,90241,A,0,1,1,1,3,0,0.3333333333333333,1.584962500721156
90289,90249,E,0,1,1,0,3,1,0.5,1.0
90313,90273,E,0,0,1,0,2,1,1.0,-0.0
90353,90313,A,1,0,0,0,1,0,1.0,-0.0
90359,90319,C,1,0,1,0,2,0,0.5,1.0
90371,90331,C,1,0,1,0,2,0,0.5,1.0
90373,90333,E,0,1,0,0,3,2,1.0,-0.0
90379,90339,B,0,1,0,0,2,1,1.0,-0.0
90397,90357,E,0,0,0,1,2,1,1.0,-0.0
90401,90361,A,2,0,0,0,2,0,1.0,-0.0
90403,90363,B,1,0,2,0,4,1,0.5555555555555556,0.9182958340544896
90407,90367,C,0,1,0,1,2,0,0.5,1.0
90437,90397,A,1,0,0,0,1,0,1.0,-0.0
90439,90399,B,1,0,0,0,2,1,1.0,-0.0
90469,90429,E,0,1,1,0,3,1,0.5,1.0
90473,90433,A,0,0,2,0,2,0,1.0,-0.0
90481,90441,E,1,1,0,0,4,2,0.5,1.0
90499,90459,B,0,0,1,2,5,2,0.5555555555555556,0.9182958340544896
90511,90471,B,0,2,0,0,3,1,1.0,-0.0
90523,90483,B,0,1,0,0,2,1,1.0,-0.0
90527,90487,C,0,1,0,1,2,0,0.5,1.0
90529,90489,E,0,0,3,0,4,1,1.0,-0.0
90533,90493,A,2,0,0,0,2,0,1.0,-0.0
90547,90507,B,1,0,0,0,2,1,1.0,-0.0
90583,90543,B,1,0,0,0,2,1,1.0,-0.0
90599,90559,C,0,2,1,0,3,0,0.5555555555555556,0.9182958340544896
90617,90577,A,0,2,0,0,2,0,1.0,-0.0
90619,90579,B,2,0,0,0,3,1,1.0,-0.0
90631,90591,B,0,1,0,0,2,1,1.0,-0.0
90641,90601,A,0,0,4,0,4,0,1.0,-0.0
90647,90607,C,0,1,0,1,2,0,0.5,1.0
90659,90619,C,0,0,1,0,1,0,1.0,-0.0
90677,90637,A,0,2,0,0,2,0,1.0,-0.0
90679,90639,B,1,0,0,0,6,5,1.0,-0.0
90697,90657,E,0,0,1,1,4,2,0.5,1.0
90703,90663,B,0,0,1,1,3,1,0.5,1.0
90709,90669,E,0,0,1,0,2,1,1.0,-0.0
90731,90691,C,0,1,0,1,2,0,0.5,1.0
90749,90709,A,1,0,0,0,1,0,1.0,-0.0
90787,90747,B,1,0,0,0,4,3,1.0,-0.0
90793,90753,E,2,0,0,1,4,1,0.5555555555555556,0.9182958340544896
90803,90763,C,0,2,1,0,3,0,0.5555555555555556,0.9182958340544896
90821,90781,A,0,0,0,2,2,0,1.0,-0.0
90823,90783,B,0,0,1,2,5,2,0.5555555555555556,0.9182958340544896
90833,90793,A,1,0,0,0,1,0,1.0,-0.0
90841,90801,E,0,0,1,1,6,4,0.5,1.0
90847,90807,B,0,1,0,0,2,1,1.0,-0.0
90863,90823,C,0,0,1,0,1,0,1.0,-0.0
90887,90847,C,0,0,1,0,1,0,1.0,-0.0
90901,90861,E,0,1,1,0,3,1,0.5,1.0
90907,90867,B,0,0,2,0,3,1,1.0,-0.0
90911,90871,C,0,0,1,2,3,0,0.5555555555555556,0.9182958340544896
90917,90877,A,0,0,2,0,2,0,1.0,-0.0
90931,90891,B,0,0,1,0,3,2,1.0,-0.0
90947,90907,C,0,0,1,0,1,0,1.0,-0.0
90971,90931,C,0,0,1,0,1,0,1.0,-0.0
90977,90937,A,0,1,1,1,3,0,0.3333333333333333,1.584962500721156
90989,90949,A,0,0,2,0,2,0,1.0,-0.0
90997,90957,E,0,0,1,0,2,1,1.0,-0.0
91009,90969,E,0,0,0,1,2,1,1.0,-0.0
91019,90979,C,0,2,1,0,3,0,0.5555555555555556,0.9182958340544896
91033,90993,E,0,0,3,0,4,1,1.0,-0.0
91079,91039,C,1,1,0,1,3,0,0.3333333333333333,1.584962500721156
91081,91041,E,0,0,0,1,2,1,1.0,-0.0
91097,91057,A,1,0,0,2,3,0,0.5555555555555556,0.9182958340544896
91099,91059,B,0,0,1,1,3,1,0.5,1.0
91121,91081,A,1,0,0,0,1,0,1.0,-0.0
91127,91087,C,1,0,1,0,2,0,0.5,1.0
91129,91089,E,1,1,0,0,4,2,0.5,1.0
91139,91099,C,0,0,1,0,1,0,1.0,-0.0
91141,91101,E,0,0,1,0,2,1,1.0,-0.0
91151,91111,C,0,1,0,1,2,0,0.5,1.0
91153,91113,E,0,0,0,3,4,1,1.0,-0.0
91159,91119,B,0,0,2,0,3,1,1.0,-0.0
91163,91123,C,0,1,0,1,2,0,0.5,1.0
91183,91143,B,1,1,1,0,5,2,0.3333333333333333,1.584962500721156
91193,91153,A,1,0,0,0,1,0,1.0,-0.0
91199,91159,C,0,0,1,0,1,0,1.0,-0.0
91229,91189,A,1,0,2,0,3,0,0.5555555555555556,0.9182958340544896
91237,91197,E,0,1,0,0,3,2,1.0,-0.0
91243,91203,B,0,1,2,0,4,1,0.5555555555555556,0.9182958340544896
91249,91209,E,0,0,1,0,2,1,1.0,-0.0
91253,91213,A,0,2,0,0,2,0,1.0,-0.0
91283,91243,C,0,0,1,0,1,0,1.0,-0.0
91291,91251,B,0,0,0,1,3,2,1.0,-0.0
91297,91257,E,0,1,1,0,3,1,0.5,1.0
91303,91263,B,0,2,0,0,3,1,1.0,-0.0
91309,91269,E,1,0,0,0,3,2,1.0,-0.0
91331,91291,C,0,0,1,0,1,0,1.0,-0.0
91367,91327,C,1,0,1,0,2,0,0.5,1.0
91369,91329,E,0,1,1,0,3,1,0.5,1.0
91373,91333,A,0,0,2,2,4,0,0.5,1.0
91381,91341,E,0,1,1,0,5,3,0.5,1.0
91387,91347,B,0,1,0,0,2,1,1.0,-0.0
91393,91353,E,1,0,1,0,3,1,0.5,1.0
91397,91357,A,1,0,2,0,3,0,0.5555555555555556,0.9182958340544896
91411,91371,B,1,0,2,0,4,1,0.5555555555555556,0.9182958340544896
91423,91383,B,0,0,1,1,3,1,0.5,1.0
91433,91393,A,1,0,0,0,1,0,1.0,-0.0
91453,91413,E,0,0,1,1,4,2,0.5,1.0
91457,91417,A,0,2,0,0,2,0,1.0,-0.0
91459,91419,B,0,0,1,1,3,1,0.5,1.0
91463,91423,C,0,0,1,0,1,0,1.0,-0.0
91493,91453,A,1,0,0,0,1,0,1.0,-0.0
91499,91459,C,0,0,1,0,1,0,1.0,-0.0
91513,91473,E,0,0,0,1,2,1,1.0,-0.0
91529,91489,A,0,0,0,2,2,0,1.0,-0.0
91541,91501,A,2,0,0,0,2,0,1.0,-0.0
91571,91531,C,1,1,0,1,3,0,0.3333333333333333,1.584962500721156
91573,91533,E,1,0,1,0,3,1,0.5,1.0
91577,91537,A,0,0,0,2,2,0,1.0,-0.0
91583,91543,C,1,0,1,0,2,0,0.5,1.0
91591,91551,B,1,0,0,0,2,1,1.0,-0.0
91621,91581,E,0,1,3,0,5,1,0.625,0.8112781244591328
91631,91591,C,0,0,1,0,1,0,1.0,-0.0
91639,91599,B,0,0,1,1,3,1,0.5,1.0
91673,91633,A,0,0,2,0,2,0,1.0,-0.0
91691,91651,C,1,0,1,0,2,0,0.5,1.0
91703,91663,C,1,1,0,1,3,0,0.3333333333333333,1.584962500721156
91711,91671,B,0,1,0,0,2,1,1.0,-0.0
91733,91693,A,0,0,2,0,2,0,1.0,-0.0
91753,91713,E,1,0,1,0,3,1,0.5,1.0
91757,91717,A,0,2,0,0,2,0,1.0,-0.0
91771,91731,B,1,0,0,0,2,1,1.0,-0.0
91781,91741,A,2,0,0,0,2,0,1.0,-0.0
91801,91761,E,1,0,0,1,3,1,0.5,1.0
91807,91767,B,3,0,0,0,4,1,1.0,-0.0
91811,91771,C,0,0,1,0,1,0,1.0,-0.0
91813,91773,E,0,0,1,1,6,4,0.5,1.0
91823,91783,C,0,1,0,1,2,0,0.5,1.0
91837,91797,E,1,0,0,1,3,1,0.5,1.0
91841,91801,A,1,0,0,0,1,0,1.0,-0.0
91867,91827,B,0,0,1,1,5,3,0.5,1.0
91873,91833,E,0,1,1,0,3,1,0.5,1.0
91909,91869,E,0,1,1,0,3,1,0.5,1.0
91921,91881,E,0,1,0,1,5,3,0.5,1.0
91939,91899,B,0,0,0,1,3,2,1.0,-0.0
91943,91903,C,0,0,3,0,3,0,1.0,-0.0
91951,91911,B,1,0,0,0,2,1,1.0,-0.0
91957,91917,E,0,0,2,0,4,2,1.0,-0.0
91961,91921,A,1,0,0,0,1,0,1.0,-0.0
91967,91927,C,1,1,0,1,3,0,0.3333333333333333,1.584962500721156
91969,91929,E,0,0,1,0,2,1,1.0,-0.0
91997,91957,A,1,0,0,0,1,0,1.0,-0.0
92003,91963,C,0,1,0,1,2,0,0.5,1.0
92009,91969,A,1,0,0,0,1,0,1.0,-0.0
92033,91993,A,0,0,0,2,2,0,1.0,-0.0
92041,92001,E,2,0,1,0,4,1,0.5555555555555556,0.9182958340544896
92051,92011,C,0,1,0,1,2,0,0.5,1.0
92077,92037,E,0,1,0,1,3,1,0.5,1.0
92083,92043,B,0,0,2,0,5,3,1.0,-0.0
92107,92067,B,0,1,0,0,2,1,1.0,-0.0
92111,92071,C,0,0,3,0,3,0,1.0,-0.0
92119,92079,B,1,0,1,0,4,2,0.5,1.0
92143,92103,B,0,0,1,1,3,1,0.5,1.0
92153,92113,A,0,0,2,0,2,0,1.0,-0.0
92173,92133,E,0,2,0,0,4,2,1.0,-0.0
92177,92137,A,0,0,2,0,2,0,1.0,-0.0
92179,92139,B,0,1,0,0,2,1,1.0,-0.0
92189,92149,A,0,0,2,0,2,0,1.0,-0.0
92203,92163,B,0,0,2,0,3,1,1.0,-0.0
92219,92179,C,0,0,1,0,1,0,1.0,-0.0
92221,92181,E,0,0,1,0,2,1,1.0,-0.0
92227,92187,B,0,0,1,0,3,2,1.0,-0.0
92233,92193,E,0,1,1,0,3,1,0.5,1.0
92237,92197,A,0,0,2,0,2,0,1.0,-0.0
92243,92203,C,0,0,1,0,1,0,1.0,-0.0
92251,92211,B,0,0,1,1,3,1,0.5,1.0
92269,92229,E,1,0,0,1,3,1,0.5,1.0
92297,92257,A,0,0,0,2,2,0,1.0,-0.0
92311,92271,B,1,0,0,0,2,1,1.0,-0.0
92317,92277,E,0,1,0,0,3,2,1.0,-0.0
92333,92293,A,1,2,0,0,3,0,0.5555555555555556,0.9182958340544896
92347,92307,B,0,2,0,0,3,1,1.0,-0.0
92353,92313,E,1,0,0,1,5,3,0.5,1.0
92357,92317,A,1,0,0,0,1,0,1.0,-0.0
92363,92323,C,1,0,1,2,4,0,0.375,1.5
92369,92329,A,0,0,2,0,2,0,1.0,-0.0
92377,92337,E,0,1,1,0,3,1,0.5,1.0
92381,92341,A,0,0,0,2,2,0,1.0,-0.0
92383,92343,B,1,0,0,0,2,1,1.0,-0.0
92387,92347,C,0,0,1,0,1,0,1.0,-0.0
92399,92359,C,1,0,1,0,2,0,0.5,1.0
92401,92361,E,0,1,0,1,3,1,0.5,1.0
92413,92373,E,0,1,1,0,3,1,0.5,1.0
92419,92379,B,0,1,1,1,4,1,0.3333333333333333,1.584962500721156
92431,92391,B,1,0,1,1,4,1,0.3333333333333333,1.584962500721156
92459,92419,C,0,0,1,0,1,0,1.0,-0.0
92461,92421,E,0,0,2,0,6,4,1.0,-0.0
92467,92427,B,0,1,0,0,2,1,1.0,-0.0
92479,92439,B,0,0,0,1,3,2,1.0,-0.0
92489,92449,A,0,1,1,1,3,0,0.3333333333333333,1.584962500721156
92503,92463,B,1,1,2,0,5,1,0.375,1.5
92507,92467,C,0,0,1,0,1,0,1.0,-0.0
92551,92511,B,1,0,1,0,4,2,0.5,1.0
92557,92517,E,0,0,0,1,2,1,1.0,-0.0
92567,92527,C,1,0,1,0,2,0,0.5,1.0
92569,92529,E,0,1,0,1,5,3,0.5,1.0
92581,92541,E,1,0,1,0,3,1,0.5,1.0
92593,92553,E,0,0,0,1,2,1,1.0,-0.0
92623,92583,B,0,0,1,0,7,6,1.0,-0.0
92627,92587,C,0,0,1,2,3,0,0.5555555555555556,0.9182958340544896
92639,92599,C,1,1,0,1,3,0,0.3333333333333333,1.584962500721156
92641,92601,E,0,1,0,0,3,2,1.0,-0.0
92647,92607,B,0,1,0,0,2,1,1.0,-0.0
92657,92617,A,0,1,1,1,3,0,0.3333333333333333,1.584962500721156
92669,92629,A,0,0,2,0,2,0,1.0,-0.0
92671,92631,B,0,1,1,1,4,1,0.3333333333333333,1.584962500721156
92681,92641,A,1,0,0,0,1,0,1.0,-0.0
92683,92643,B,0,1,0,0,2,1,1.0,-0.0
92693,92653,A,0,0,0,2,2,0,1.0,-0.0
92699,92659,C,1,0,3,0,4,0,0.625,0.8112781244591328
92707,92667,B,0,1,1,1,4,1,0.3333333333333333,1.584962500721156
92717,92677,A,2,0,0,0,2,0,1.0,-0.0
92723,92683,C,0,0,1,0,1,0,1.0,-0.0
92737,92697,E,0,2,0,1,4,1,0.5555555555555556,0.9182958340544896
92753,92713,A,0,1,1,1,3,0,0.3333333333333333,1.584962500721156
92761,92721,E,1,0,1,0,3,1,0.5,1.0
92767,92727,B,0,0,1,0,3,2,1.0,-0.0
92779,92739,B,0,0,2,0,3,1,1.0,-0.0
92789,92749,A,0,2,0,0,2,0,1.0,-0.0
92791,92751,B,0,0,1,1,3,1,0.5,1.0
92801,92761,A,1,0,0,0,1,0,1.0,-0.0
92809,92769,E,0,2,0,1,4,1,0.5555555555555556,0.9182958340544896
92821,92781,E,3,0,0,0,5,2,1.0,-0.0
92831,92791,C,0,0,1,0,1,0,1.0,-0.0
92849,92809,A,1,0,0,0,1,0,1.0,-0.0
92857,92817,E,0,1,0,0,3,2,1.0,-0.0
92861,92821,A,1,0,0,0,1,0,1.0,-0.0
92863,92823,B,0,1,0,0,2,1,1.0,-0.0
92867,92827,C,0,2,1,0,3,0,0.5555555555555556,0.9182958340544896
92893,92853,E,1,0,1,0,5,3,0.5,1.0
92899,92859,B,1,1,0,0,3,1,0.5,1.0
92921,92881,A,0,2,0,0,2,0,1.0,-0.0
92927,92887,C,0,1,0,1,2,0,0.5,1.0
92941,92901,E,0,1,0,1,3,1,0.5,1.0
92951,92911,C,2,0,1,0,3,0,0.5555555555555556,0.9182958340544896
92957,92917,A,0,0,0,2,2,0,1.0,-0.0
92959,92919,B,0,0,0,2,3,1,1.0,-0.0
92987,92947,C,0,1,0,1,2,0,0.5,1.0
92993,92953,A,0,0,4,0,4,0,1.0,-0.0
93001,92961,E,1,0,0,1,5,3,0.5,1.0
93047,93007,C,0,1,0,1,2,0,0.5,1.0
93053,93013,A,0,0,0,2,2,0,1.0,-0.0
93059,93019,C,0,1,0,1,2,0,0.5,1.0
93077,93037,A,0,0,2,0,2,0,1.0,-0.0
93083,93043,C,0,0,1,2,3,0,0.5555555555555556,0.9182958340544896
93089,93049,A,1,0,0,2,3,0,0.5555555555555556,0.9182958340544896
93097,93057,E,0,0,0,1,2,1,1.0,-0.0
93103,93063,B,0,0,2,0,3,1,1.0,-0.0
93113,93073,A,0,0,2,0,2,0,1.0,-0.0
93131,93091,C,1,0,1,0,2,0,0.5,1.0
93133,93093,E,1,0,2,1,5,1,0.375,1.5
93139,93099,B,1,0,0,0,2,1,1.0,-0.0
93151,93111,B,1,1,0,0,3,1,0.5,1.0
93169,93129,E,1,0,0,1,3,1,0.5,1.0
93179,93139,C,0,0,1,0,1,0,1.0,-0.0
93187,93147,B,1,1,0,0,3,1,0.5,1.0
93199,93159,B,0,1,0,1,4,2,0.5,1.0
93229,93189,E,0,0,1,0,2,1,1.0,-0.0
93239,93199,C,0,0,1,0,1,0,1.0,-0.0
93241,93201,E,1,0,0,1,3,1,0.5,1.0
93251,93211,C,0,1,0,1,2,0,0.5,1.0
93253,93213,E,1,0,0,0,3,2,1.0,-0.0
93257,93217,A,1,0,2,0,3,0,0.5555555555555556,0.9182958340544896
93263,93223,C,1,1,0,1,3,0,0.3333333333333333,1.584962500721156
93281,93241,A,1,0,0,0,1,0,1.0,-0.0
93283,93243,B,1,0,0,0,2,1,1.0,-0.0
93287,93247,C,0,1,2,1,4,0,0.375,1.5
93307,93267,B,1,0,1,0,4,2,0.5,1.0
93319,93279,B,0,1,1,1,4,1,0.3333333333333333,1.584962500721156
93323,93283,C,0,0,1,0,1,0,1.0,-0.0
93329,93289,A,0,0,2,0,2,0,1.0,-0.0
93337,93297,E,0,1,0,1,3,1,0.5,1.0
93371,93331,C,0,0,3,0,3,0,1.0,-0.0
93377,93337,A,1,0,0,0,1,0,1.0,-0.0
93383,93343,C,0,1,0,1,2,0,0.5,1.0
93407,93367,C,1,0,1,0,2,0,0.5,1.0
93419,93379,C,1,1,0,1,3,0,0.3333333333333333,1.584962500721156
93427,93387,B,0,0,2,0,3,1,1.0,-0.0
93463,93423,B,0,1,1,1,4,1,0.3333333333333333,1.584962500721156
93479,93439,C,0,2,1,0,3,0,0.5555555555555556,0.9182958340544896
93481,93441,E,0,0,1,0,2,1,1.0,-0.0
93487,93447,B,0,1,0,0,4,3,1.0,-0.0
93491,93451,C,0,1,0,1,2,0,0.5,1.0
93493,93453,E,0,0,0,1,2,1,1.0,-0.0
93497,93457,A,2,0,2,0,4,0,0.5,1.0
93503,93463,C,0,0,1,0,1,0,1.0,-0.0
93523,93483,B,1,1,0,1,5,2,0.3333333333333333,1.584962500721156
93529,93489,E,1,0,0,1,3,1,0.5,1.0
93553,93513,E,2,0,1,0,4,1,0.5555555555555556,0.9182958340544896
93557,93517,A,0,2,0,0,2,0,1.0,-0.0
93559,93519,B,0,0,0,1,3,2,1.0,-0.0
93563,93523,C,0,0,1,0,1,0,1.0,-0.0
93581,93541,A,0,0,2,2,4,0,0.5,1.0
93601,93561,E,1,0,0,1,3,1,0.5,1.0
93607,93567,B,1,0,0,0,2,1,1.0,-0.0
93629,93589,A,0,0,2,0,2,0,1.0,-0.0
93637,93597,E,0,1,1,0,3,1,0.5,1.0
93683,93643,C,0,1,0,1,2,0,0.5,1.0
93701,93661,A,2,0,0,0,2,0,1.0,-0.0
93703,93663,B,1,0,0,0,4,3,1.0,-0.0
93719,93679,C,0,1,0,1,2,0,0.5,1.0
93739,93699,B,0,1,0,1,4,2,0.5,1.0
93761,93721,A,1,2,0,0,3,0,0.5555555555555556,0.9182958340544896
93763,93723,B,0,0,1,1,3,1,0.5,1.0
93787,93747,B,1,0,0,0,2,1,1.0,-0.0
93809,93769,A,2,0,0,0,2,0,1.0,-0.0
93811,93771,B,0,0,1,1,5,3,0.5,1.0
93827,93787,C,0,0,1,0,1,0,1.0,-0.0
93851,93811,C,0,0,1,0,1,0,1.0,-0.0
93871,93831,B,0,1,0,0,2,1,1.0,-0.0
93887,93847,C,1,0,1,0,2,0,0.5,1.0
93889,93849,E,1,1,1,0,4,1,0.3333333333333333,1.584962500721156
93893,93853,A,0,0,2,0,2,0,1.0,-0.0
93901,93861,E,1,0,0,0,3,2,1.0,-0.0
93911,93871,C,0,0,1,0,1,0,1.0,-0.0
93913,93873,E,1,1,0,1,4,1,0.3333333333333333,1.584962500721156
93923,93883,C,1,0,1,0,2,0,0.5,1.0
93937,93897,E,0,1,0,0,3,2,1.0,-0.0
93941,93901,A,1,0,0,0,1,0,1.0,-0.0
93949,93909,E,0,1,0,1,3,1,0.5,1.0
93967,93927,B,0,0,0,2,3,1,1.0,-0.0
93971,93931,C,0,2,1,0,3,0,0.5555555555555556,0.9182958340544896
93979,93939,B,1,1,0,0,3,1,0.5,1.0
93983,93943,C,1,0,1,0,2,0,0.5,1.0
93997,93957,E,0,0,0,1,2,1,1.0,-0.0
94007,93967,C,0,0,1,0,1,0,1.0,-0.0
94009,93969,E,0,2,0,0,4,2,1.0,-0.0
94033,93993,E,1,1,1,0,4,1,0.3333333333333333,1.584962500721156
94049,94009,A,1,0,0,0,1,0,1.0,-0.0
94057,94017,E,1,0,1,2,5,1,0.375,1.5
94063,94023,B,1,0,1,0,4,2,0.5,1.0
94079,94039,C,0,0,1,2,3,0,0.5555555555555556,0.9182958340544896
94099,94059,B,0,1,1,0,4,2,0.5,1.0
94109,94069,A,0,0,2,0,2,0,1.0,-0.0
94111,94071,B,1,0,0,0,2,1,1.0,-0.0
94117,94077,E,1,0,0,0,3,2,1.0,-0.0
94121,94081,A,2,0,0,0,2,0,1.0,-0.0
94151,94111,C,0,0,1,0,1,0,1.0,-0.0
94153,94113,E,0,1,0,0,3,2,1.0,-0.0
94169,94129,A,0,2,2,0,4,0,0.5,1.0
94201,94161,E,0,0,1,0,2,1,1.0,-0.0
94207,94167,B,0,0,0,1,3,2,1.0,-0.0
94219,94179,B,1,0,0,0,2,1,1.0,-0.0
94229,94189,A,0,0,0,2,2,0,1.0,-0.0
94253,94213,A,1,0,2,0,3,0,0.5555555555555556,0.9182958340544896
94261,94221,E,0,1,2,0,5,2,0.5555555555555556,0.9182958340544896
94273,94233,E,0,1,0,1,3,1,0.5,1.0
94291,94251,B,0,2,0,0,3,1,1.0,-0.0
94307,94267,C,0,1,0,1,2,0,0.5,1.0
94309,94269,E,0,0,3,0,4,1,1.0,-0.0
94321,94281,E,1,0,0,1,3,1,0.5,1.0
94327,94287,B,0,2,0,0,3,1,1.0,-0.0
94331,94291,C,0,0,1,0,1,0,1.0,-0.0
94343,94303,C,0,1,0,1,2,0,0.5,1.0
94349,94309,A,1,0,0,0,1,0,1.0,-0.0
94351,94311,B,0,0,2,0,5,3,1.0,-0.0
94379,94339,C,1,0,1,0,2,0,0.5,1.0
94397,94357,A,2,0,0,0,2,0,1.0,-0.0
94399,94359,B,0,0,0,2,3,1,1.0,-0.0
94421,94381,A,1,0,2,0,3,0,0.5555555555555556,0.9182958340544896
94427,94387,C,1,0,1,0,2,0,0.5,1.0
94433,94393,A,1,2,0,0,3,0,0.5555555555555556,0.9182958340544896
94439,94399,C,0,0,1,0,1,0,1.0,-0.0
94441,94401,E,0,2,0,0,4,2,1.0,-0.0
94447,94407,B,0,1,0,0,2,1,1.0,-0.0
94463,94423,C,0,1,2,1,4,0,0.375,1.5
94477,94437,E,0,0,1,1,4,2,0.5,1.0
94483,94443,B,0,1,0,0,2,1,1.0,-0.0
94513,94473,E,0,0,1,0,4,3,1.0,-0.0
94529,94489,A,2,0,0,0,2,0,1.0,-0.0
94531,94491,B,0,0,0,1,3,2,1.0,-0.0
94541,94501,A,0,0,0,4,4,0,1.0,-0.0
94543,94503,B,1,2,0,0,4,1,0.5555555555555556,0.9182958340544896
94547,94507,C,0,0,1,2,3,0,0.5555555555555556,0.9182958340544896
94559,94519,C,1,0,1,0,2,0,0.5,1.0
94561,94521,E,0,0,3,0,4,1,1.0,-0.0
94573,94533,E,0,0,0,1,2,1,1.0,-0.0
94583,94543,C,0,0,1,0,1,0,1.0,-0.0
94597,94557,E,1,0,1,0,3,1,0.5,1.0
94603,94563,B,0,0,3,0,5,2,1.0,-0.0
94613,94573,A,1,0,0,0,1,0,1.0,-0.0
94621,94581,E,0,1,1,0,5,3,0.5,1.0
94649,94609,A,2,0,0,0,2,0,1.0,-0.0
94651,94611,B,1,0,0,2,4,1,0.5555555555555556,0.9182958340544896
94687,94647,B,0,0,2,0,3,1,1.0,-0.0
94693,94653,E,1,1,0,0,4,2,0.5,1.0
94709,94669,A,0,2,0,0,2,0,1.0,-0.0
94723,94683,B,2,0,0,0,3,1,1.0,-0.0
94727,94687,C,0,0,1,0,1,0,1.0,-0.0
94747,94707,B,0,1,1,0,4,2,0.5,1.0
94771,94731,B,1,0,1,1,4,1,0.3333333333333333,1.584962500721156
94777,94737,E,0,1,0,1,3,1,0.5,1.0
94781,94741,A,0,2,0,0,2,0,1.0,-0.0
94789,94749,E,0,0,0,1,2,1,1.0,-0.0
94793,94753,A,0,0,2,0,2,0,1.0,-0.0
94811,94771,C,0,0,1,0,1,0,1.0,-0.0
94819,94779,B,0,0,1,0,3,2,1.0,-0.0
94823,94783,C,1,1,0,1,3,0,0.3333333333333333,1.584962500721156
94837,94797,E,0,0,1,0,4,3,1.0,-0.0
94841,94801,A,0,1,1,1,3,0,0.3333333333333333,1.584962500721156
94847,94807,C,0,1,0,1,2,0,0.5,1.0
94849,94809,E,2,1,0,1,5,1,0.375,1.5
94873,94833,E,0,2,0,0,4,2,1.0,-0.0
94889,94849,A,1,0,0,0,1,0,1.0,-0.0
94903,94863,B,0,0,2,0,3,1,1.0,-0.0
94907,94867,C,1,0,1,0,2,0,0.5,1.0
94933,94893,E,1,0,0,1,3,1,0.5,1.0
94949,94909,A,0,0,0,2,2,0,1.0,-0.0
94951,94911,B,1,1,0,0,3,1,0.5,1.0
94961,94921,A,0,0,0,2,2,0,1.0,-0.0
94993,94953,E,1,0,1,0,3,1,0.5,1.0
94999,94959,B,1,0,0,0,4,3,1.0,-0.0
95003,94963,C,1,1,0,1,3,0,0.3333333333333333,1.584962500721156
95009,94969,A,0,0,2,0,2,0,1.0,-0.0
95021,94981,A,0,0,2,0,2,0,1.0,-0.0
95027,94987,C,0,0,1,2,3,0,0.5555555555555556,0.9182958340544896
95063,95023,C,0,1,0,1,2,0,0.5,1.0
95071,95031,B,0,0,0,1,3,2,1.0,-0.0
95083,95043,B,2,0,0,0,3,1,1.0,-0.0
95087,95047,C,0,1,0,1,2,0,0.5,1.0
95089,95049,E,0,0,0,2,4,2,1.0,-0.0
95093,95053,A,1,0,2,0,3,0,0.5555555555555556,0.9182958340544896
95101,95061,E,0,0,1,0,2,1,1.0,-0.0
95107,95067,B,0,0,1,1,5,3,0.5,1.0
95111,95071,C,0,0,1,0,1,0,1.0,-0.0
95131,95091,B,1,1,0,0,3,1,0.5,1.0
95143,95103,B,0,0,1,0,3,2,1.0,-0.0
95153,95113,A,0,0,0,2,2,0,1.0,-0.0
95177,95137,A,0,0,2,0,2,0,1.0,-0.0
95189,95149,A,1,2,0,0,3,0,0.5555555555555556,0.9182958340544896
95191,95151,B,0,1,1,1,4,1,0.3333333333333333,1.584962500721156
95203,95163,B,0,1,0,0,2,1,1.0,-0.0
95213,95173,A,2,0,0,0,2,0,1.0,-0.0
95219,95179,C,1,0,1,0,2,0,0.5,1.0
95231,95191,C,0,0,1,0,1,0,1.0,-0.0
95233,95193,E,0,0,1,1,4,2,0.5,1.0
95239,95199,B,1,1,0,0,3,1,0.5,1.0
95257,95217,E,0,1,1,0,3,1,0.5,1.0
95261,95221,A,1,0,2,0,3,0,0.5555555555555556,0.9182958340544896
95267,95227,C,0,0,1,2,3,0,0.5555555555555556,0.9182958340544896
95273,95233,A,1,0,0,0,1,0,1.0,-0.0
95279,95239,C,0,0,1,0,1,0,1.0,-0.0
95287,95247,B,0,1,1,0,4,2,0.5,1.0
95311,95271,B,0,0,1,1,3,1,0.5,1.0
95317,95277,E,2,0,1,0,4,1,0.5555555555555556,0.9182958340544896
95327,95287,C,0,0,1,0,1,0,1.0,-0.0
95339,95299,C,1,0,1,0,2,0,0.5,1.0
95369,95329,A,2,0,0,0,2,0,1.0,-0.0
95383,95343,B,1,1,0,0,3,1,0.5,1.0
95393,95353,A,0,1,1,1,3,0,0.3333333333333333,1.584962500721156
95401,95361,E,0,0,2,1,4,1,0.5555555555555556,0.9182958340544896
95413,95373,E,1,0,0,0,3,2,1.0,-0.0
95419,95379,B,0,1,0,0,2,1,1.0,-0.0
95429,95389,A,0,0,2,0,2,0,1.0,-0.0
95441,95401,A,1,0,0,0,1,0,1.0,-0.0
95443,95403,B,0,0,2,2,5,1,0.5,1.0
95461,95421,E,0,1,0,1,3,1,0.5,1.0
95467,95427,B,0,1,0,1,4,2,0.5,1.0
95471,95431,C,1,0,1,0,2,0,0.5,1.0
95479,95439,B,0,2,0,0,3,1,1.0,-0.0
95483,95443,C,0,0,1,0,1,0,1.0,-0.0
95507,95467,C,0,0,1,0,1,0,1.0,-0.0
95527,95487,B,0,0,1,1,3,1,0.5,1.0
95531,95491,C,0,1,0,1,2,0,0.5,1.0
95539,95499,B,0,0,0,1,7,6,1.0,-0.0
95549,95509,A,0,2,0,0,2,0,1.0,-0.0
95561,95521,A,0,0,0,2,2,0,1.0,-0.0
95569,95529,E,1,0,1,0,3,1,0.5,1.0
95581,95541,E,0,0,0,1,2,1,1.0,-0.0
95597,95557,A,1,1,1,1,4,0,0.25,2.0
95603,95563,C,1,0,1,0,2,0,0.5,1.0
95617,95577,E,0,0,0,1,2,1,1.0,-0.0
95621,95581,A,1,0,0,0,1,0,1.0,-0.0
95629,95589,E,1,0,2,0,5,2,0.5555555555555556,0.9182958340544896
95633,95593,A,2,0,0,0,2,0,1.0,-0.0
95651,95611,C,0,1,0,1,2,0,0.5,1.0
95701,95661,E,0,1,0,0,5,4,1.0,-0.0
95707,95667,B,1,0,1,1,4,1,0.3333333333333333,1.584962500721156
95713,95673,E,0,0,1,0,2,1,1.0,-0.0
95717,95677,A,2,0,0,0,2,0,1.0,-0.0
95723,95683,C,1,0,1,0,2,0,0.5,1.0
95731,95691,B,0,0,0,2,3,1,1.0,-0.0
95737,95697,E,0,0,4,0,6,2,1.0,-0.0
95747,95707,C,0,0,1,0,1,0,1.0,-0.0
95773,95733,E,0,0,1,1,4,2,0.5,1.0
95783,95743,C,1,0,1,0,2,0,0.5,1.0
95789,95749,A,1,0,0,2,3,0,0.5555555555555556,0.9182958340544896
95791,95751,B,0,0,1,0,3,2,1.0,-0.0
95801,95761,A,0,1,1,1,3,0,0.3333333333333333,1.584962500721156
95803,95763,B,0,2,0,0,3,1,1.0,-0.0
95813,95773,A,1,0,0,0,1,0,1.0,-0.0
95819,95779,C,0,0,1,2,3,0,0.5555555555555556,0.9182958340544896
95857,95817,E,0,2,1,0,4,1,0.5555555555555556,0.9182958340544896
95869,95829,E,0,1,1,0,3,1,0.5,1.0
95873,95833,A,0,0,0,2,2,0,1.0,-0.0
95881,95841,E,0,0,1,1,4,2,0.5,1.0
95891,95851,C,1,0,1,0,2,0,0.5,1.0
95911,95871,B,1,0,0,0,2,1,1.0,-0.0
95917,95877,E,0,1,1,0,5,3,0.5,1.0
95923,95883,B,0,0,1,1,3,1,0.5,1.0
95929,95889,E,0,0,1,0,2,1,1.0,-0.0
95947,95907,B,0,0,2,0,3,1,1.0,-0.0
95957,95917,A,1,0,0,0,1,0,1.0,-0.0
95959,95919,B,0,1,0,0,2,1,1.0,-0.0
95971,95931,B,0,1,1,1,6,3,0.3333333333333333,1.584962500721156
95987,95947,C,0,0,1,0,1,0,1.0,-0.0
95989,95949,E,0,0,1,1,4,2,0.5,1.0
96001,95961,E,0,1,0,1,3,1,0.5,1.0
96013,95973,E,0,0,0,1,2,1,1.0,-0.0
96017,95977,A,0,0,2,0,2,0,1.0,-0.0
96043,96003,B,0,0,0,1,3,2,1.0,-0.0
96053,96013,A,1,0,0,0,1,0,1.0,-0.0
96059,96019,C,0,1,2,1,4,0,0.375,1.5
96079,96039,B,0,1,0,0,4,3,1.0,-0.0
96097,96057,E,1,1,0,0,4,2,0.5,1.0
96137,96097,A,1,0,0,0,1,0,1.0,-0.0
96149,96109,A,2,0,0,0,2,0,1.0,-0.0
96157,96117,E,0,0,2,1,4,1,0.5555555555555556,0.9182958340544896
96167,96127,C,1,0,1,0,2,0,0.5,1.0
96179,96139,C,1,0,1,0,2,0,0.5,1.0
96181,96141,E,1,0,1,0,3,1,0.5,1.0
96199,96159,B,1,0,2,0,4,1,0.5555555555555556,0.9182958340544896
96211,96171,B,0,1,0,0,2,1,1.0,-0.0
96221,96181,A,1,0,0,0,1,0,1.0,-0.0
96223,96183,B,0,0,1,0,3,2,1.0,-0.0
96233,96193,A,0,1,1,1,3,0,0.3333333333333333,1.584962500721156
96259,96219,B,0,0,0,1,3,2,1.0,-0.0
96263,96223,C,0,0,1,0,1,0,1.0,-0.0
96269,96229,A,0,1,1,1,3,0,0.3333333333333333,1.584962500721156
96281,96241,A,2,0,0,0,2,0,1.0,-0.0
96289,96249,E,0,0,1,0,2,1,1.0,-0.0
96293,96253,A,0,2,0,0,2,0,1.0,-0.0
96323,96283,C,0,1,0,1,2,0,0.5,1.0
96329,96289,A,1,0,0,0,1,0,1.0,-0.0
96331,96291,B,1,0,1,0,4,2,0.5,1.0
96337,96297,E,0,0,0,1,2,1,1.0,-0.0
96353,96313,A,0,0,2,0,2,0,1.0,-0.0
96377,96337,A,1,0,0,0,1,0,1.0,-0.0
96401,96361,A,0,2,0,0,2,0,1.0,-0.0
96419,96379,C,1,0,1,0,2,0,0.5,1.0
96431,96391,C,0,1,0,1,2,0,0.5,1.0
96443,96403,C,0,1,0,1,2,0,0.5,1.0
96451,96411,B,0,0,2,0,3,1,1.0,-0.0
96457,96417,E,0,0,1,0,4,3,1.0,-0.0
96461,96421,A,2,0,0,0,2,0,1.0,-0.0
96469,96429,E,0,0,1,0,2,1,1.0,-0.0
96479,96439,C,0,0,1,2,3,0,0.5555555555555556,0.9182958340544896
96487,96447,B,2,0,0,0,3,1,1.0,-0.0
96493,96453,E,0,0,2,0,4,2,1.0,-0.0
96497,96457,A,1,0,0,0,1,0,1.0,-0.0
96517,96477,E,0,0,0,1,2,1,1.0,-0.0
96527,96487,C,0,0,1,0,1,0,1.0,-0.0
96553,96513,E,0,1,1,0,3,1,0.5,1.0
96557,96517,A,1,0,0,0,1,0,1.0,-0.0
96581,96541,A,0,2,0,0,2,0,1.0,-0.0
96587,96547,C,0,0,1,2,3,0,0.5555555555555556,0.9182958340544896
96589,96549,E,0,0,0,1,2,1,1.0,-0.0
96601,96561,E,1,0,0,0,3,2,1.0,-0.0
96643,96603,B,1,1,0,0,3,1,0.5,1.0
96661,96621,E,0,0,2,1,4,1,0.5555555555555556,0.9182958340544896
96667,96627,B,0,0,2,0,3,1,1.0,-0.0
96671,96631,C,0,1,0,1,2,0,0.5,1.0
96697,96657,E,0,2,0,1,4,1,0.5555555555555556,0.9182958340544896
96703,96663,B,0,0,2,0,3,1,1.0,-0.0
96731,96691,C,0,0,3,0,3,0,1.0,-0.0
96737,96697,A,1,0,0,0,1,0,1.0,-0.0
96739,96699,B,1,0,0,0,2,1,1.0,-0.0
96749,96709,A,2,0,0,0,2,0,1.0,-0.0
96757,96717,E,1,0,1,0,3,1,0.5,1.0
96763,96723,B,0,1,0,1,4,2,0.5,1.0
96769,96729,E,0,1,1,0,3,1,0.5,1.0
96779,96739,C,0,0,1,0,1,0,1.0,-0.0
96787,96747,B,0,1,2,0,4,1,0.5555555555555556,0.9182958340544896
96797,96757,A,1,0,0,0,1,0,1.0,-0.0
96799,96759,B,1,0,0,1,4,2,0.5,1.0
96821,96781,A,0,2,0,0,2,0,1.0,-0.0
96823,96783,B,0,1,0,0,2,1,1.0,-0.0
96827,96787,C,0,0,1,0,1,0,1.0,-0.0
96847,96807,B,1,0,0,2,4,1,0.5555555555555556,0.9182958340544896
96851,96811,C,1,1,0,1,3,0,0.3333333333333333,1.584962500721156
96857,96817,A,0,0,2,0,2,0,1.0,-0.0
96893,96853,A,0,0,0,2,2,0,1.0,-0.0
96907,96867,B,1,0,0,1,4,2,0.5,1.0
96911,96871,C,1,0,1,0,2,0,0.5,1.0
96931,96891,B,0,1,0,0,2,1,1.0,-0.0
96953,96913,A,0,0,2,0,2,0,1.0,-0.0
96959,96919,C,1,0,1,0,2,0,0.5,1.0
96973,96933,E,1,0,1,0,3,1,0.5,1.0
96979,96939,B,0,0,1,0,3,2,1.0,-0.0
96989,96949,A,0,0,2,0,2,0,1.0,-0.0
96997,96957,E,0,0,2,0,8,6,1.0,-0.0
97001,96961,A,0,0,0,2,2,0,1.0,-0.0
97003,96963,B,0,1,0,0,2,1,1.0,-0.0
97007,96967,C,1,0,1,0,2,0,0.5,1.0
97021,96981,E,0,0,0,1,2,1,1.0,-0.0
97039,96999,B,0,1,2,0,4,1,0.5555555555555556,0.9182958340544896
97073,97033,A,0,0,2,0,2,0,1.0,-0.0
97081,97041,E,1,0,1,0,3,1,0.5,1.0
97103,97063,C,0,1,0,1,2,0,0.5,1.0
97117,97077,E,0,0,1,0,2,1,1.0,-0.0
97127,97087,C,0,1,0,1,2,0,0.5,1.0
97151,97111,C,1,0,1,0,2,0,0.5,1.0
97157,97117,A,1,0,0,0,1,0,1.0,-0.0
97159,97119,B,1,0,0,1,6,4,0.5,1.0
97169,97129,A,0,1,1,1,3,0,0.3333333333333333,1.584962500721156
97171,97131,B,1,0,0,0,2,1,1.0,-0.0
97177,97137,E,0,0,1,1,4,2,0.5,1.0
97187,97147,C,1,0,1,0,2,0,0.5,1.0
97213,97173,E,1,0,0,1,5,3,0.5,1.0
97231,97191,B,0,0,0,1,3,2,1.0,-0.0
97241,97201,A,2,0,0,0,2,0,1.0,-0.0
97259,97219,C,0,1,0,1,2,0,0.5,1.0
97283,97243,C,0,1,0,1,2,0,0.5,1.0
97301,97261,A,0,0,2,0,2,0,1.0,-0.0
97303,97263,B,0,1,0,1,4,2,0.5,1.0
97327,97287,B,0,1,0,0,2,1,1.0,-0.0
97367,97327,C,0,0,1,0,1,0,1.0,-0.0
97369,97329,E,0,0,1,0,2,1,1.0,-0.0
97373,97333,A,0,0,0,2,2,0,1.0,-0.0
97379,97339,C,0,1,0,1,2,0,0.5,1.0
97381,97341,E,1,0,0,1,3,1,0.5,1.0
97387,97347,B,2,0,0,0,3,1,1.0,-0.0
97397,97357,A,2,0,0,0,2,0,1.0,-0.0
97423,97383,B,1,0,0,2,4,1,0.5555555555555556,0.9182958340544896
97429,97389,E,0,0,1,0,4,3,1.0,-0.0
97441,97401,E,0,0,1,0,2,1,1.0,-0.0
97453,97413,E,0,1,1,0,3,1,0.5,1.0
97459,97419,B,0,0,2,0,3,1,1.0,-0.0
97463,97423,C,0,0,1,0,1,0,1.0,-0.0
97499,97459,C,0,0,1,0,1,0,1.0,-0.0
97501,97461,E,1,1,2,0,6,2,0.375,1.5
97511,97471,C,0,1,0,1,2,0,0.5,1.0
97523,97483,C,0,1,0,1,2,0,0.5,1.0
97547,97507,C,0,1,0,1,2,0,0.5,1.0
97549,97509,E,0,0,1,0,2,1,1.0,-0.0
97553,97513,A,3,0,0,0,3,0,1.0,-0.0
97561,97521,E,0,0,0,1,2,1,1.0,-0.0
97571,97531,C,1,0,1,0,2,0,0.5,1.0
97577,97537,A,0,0,0,2,2,0,1.0,-0.0
97579,97539,B,2,1,0,0,4,1,0.5555555555555556,0.9182958340544896
97583,97543,C,0,1,0,1,2,0,0.5,1.0
97607,97567,C,1,0,1,0,2,0,0.5,1.0
97609,97569,E,1,1,0,0,4,2,0.5,1.0
97613,97573,A,0,1,1,1,3,0,0.3333333333333333,1.584962500721156
97649,97609,A,1,0,0,0,1,0,1.0,-0.0
97651,97611,B,0,1,0,0,2,1,1.0,-0.0
97673,97633,A,0,2,0,0,2,0,1.0,-0.0
97687,97647,B,0,1,0,2,4,1,0.5555555555555556,0.9182958340544896
97711,97671,B,0,0,2,0,3,1,1.0,-0.0
97729,97689,E,0,0,1,0,2,1,1.0,-0.0
97771,97731,B,0,0,0,1,3,2,1.0,-0.0
97777,97737,E,0,0,0,1,2,1,1.0,-0.0
97787,97747,C,2,0,1,0,3,0,0.5555555555555556,0.9182958340544896
97789,97749,E,1,0,0,0,3,2,1.0,-0.0
97813,97773,E,2,0,0,1,4,1,0.5555555555555556,0.9182958340544896
97829,97789,A,1,0,0,0,1,0,1.0,-0.0
97841,97801,A,0,1,1,1,3,0,0.3333333333333333,1.584962500721156
97843,97803,B,0,0,1,0,3,2,1.0,-0.0
97847,97807,C,0,1,0,1,2,0,0.5,1.0
97849,97809,E,0,0,0,1,2,1,1.0,-0.0
97859,97819,C,0,1,0,1,2,0,0.5,1.0
97861,97821,E,0,0,0,1,4,3,1.0,-0.0
97871,97831,C,0,0,3,0,3,0,1.0,-0.0
97879,97839,B,0,1,1,0,4,2,0.5,1.0
97883,97843,C,0,0,1,0,1,0,1.0,-0.0
97919,97879,C,0,0,1,0,1,0,1.0,-0.0
97927,97887,B,0,0,2,0,3,1,1.0,-0.0
97931,97891,C,0,1,0,1,2,0,0.5,1.0
97943,97903,C,1,1,0,1,3,0,0.3333333333333333,1.584962500721156
97961,97921,A,2,0,0,0,2,0,1.0,-0.0
97967,97927,C,0,0,1,0,1,0,1.0,-0.0
97973,97933,A,0,1,1,1,3,0,0.3333333333333333,1.584962500721156
97987,97947,B,0,0,0,1,3,2,1.0,-0.0
98009,97969,A,2,0,0,0,2,0,1.0,-0.0
98011,97971,B,0,3,0,0,4,1,1.0,-0.0
98017,97977,E,0,1,0,1,3,1,0.5,1.0
98041,98001,E,0,1,0,0,3,2,1.0,-0.0
98047,98007,B,1,0,1,1,4,1,0.3333333333333333,1.584962500721156
98057,98017,A,1,0,0,0,1,0,1.0,-0.0
98081,98041,A,1,0,0,0,1,0,1.0,-0.0
98101,98061,E,0,0,0,1,2,1,1.0,-0.0
98123,98083,C,1,0,1,0,2,0,0.5,1.0
98129,98089,A,0,0,0,2,2,0,1.0,-0.0
98143,98103,B,0,2,0,0,3,1,1.0,-0.0
98179,98139,B,1,0,0,0,2,1,1.0,-0.0
98207,98167,C,0,1,0,1,2,0,0.5,1.0
98213,98173,A,0,0,2,0,2,0,1.0,-0.0
98221,98181,E,1,0,0,0,3,2,1.0,-0.0
98227,98187,B,0,0,1,1,3,1,0.5,1.0
98251,98211,B,0,0,2,0,3,1,1.0,-0.0
98257,98217,E,0,0,1,1,4,2,0.5,1.0
98269,98229,E,0,1,0,1,3,1,0.5,1.0
98297,98257,A,1,0,0,0,1,0,1.0,-0.0
98299,98259,B,0,0,1,1,3,1,0.5,1.0
98317,98277,E,0,2,0,1,4,1,0.5555555555555556,0.9182958340544896
98321,98281,A,0,2,0,0,2,0,1.0,-0.0
98323,98283,B,2,0,0,0,3,1,1.0,-0.0
98327,98287,C,0,0,3,0,3,0,1.0,-0.0
98347,98307,B,0,0,1,1,5,3,0.5,1.0
98369,98329,A,0,1,1,1,3,0,0.3333333333333333,1.584962500721156
98377,98337,E,0,0,1,0,2,1,1.0,-0.0
98387,98347,C,0,0,1,0,1,0,1.0,-0.0
98389,98349,E,0,0,0,1,2,1,1.0,-0.0
98407,98367,B,0,1,0,0,2,1,1.0,-0.0
98411,98371,C,1,0,1,2,4,0,0.375,1.5
98419,98379,B,0,1,1,0,4,2,0.5,1.0
98429,98389,A,1,0,0,0,1,0,1.0,-0.0
98443,98403,B,0,1,0,0,2,1,1.0,-0.0
98453,98413,A,0,1,1,1,3,0,0.3333333333333333,1.584962500721156
98459,98419,C,0,0,1,0,1,0,1.0,-0.0
98467,98427,B,1,0,2,0,4,1,0.5555555555555556,0.9182958340544896
98473,98433,E,0,1,0,0,3,2,1.0,-0.0
98479,98439,B,1,0,1,1,4,1,0.3333333333333333,1.584962500721156
98491,98451,B,0,0,1,0,3,2,1.0,-0.0
98507,98467,C,0,0,1,0,1,0,1.0,-0.0
98519,98479,C,0,0,1,0,1,0,1.0,-0.0
98533,98493,E,0,0,0,1,2,1,1.0,-0.0
98543,98503,C,0,1,0,1,2,0,0.5,1.0
98561,98521,A,0,0,0,2,2,0,1.0,-0.0
98563,98523,B,0,2,0,0,5,3,1.0,-0.0
98573,98533,A,1,0,0,0,1,0,1.0,-0.0
98597,98557,A,0,0,2,0,2,0,1.0,-0.0
98621,98581,A,0,0,2,0,2,0,1.0,-0.0
98627,98587,C,0,1,0,1,2,0,0.5,1.0
98639,98599,C,1,0,1,0,2,0,0.5,1.0
98641,98601,E,1,0,0,1,3,1,0.5,1.0
98663,98623,C,2,0,1,0,3,0,0.5555555555555556,0.9182958340544896
98669,98629,A,0,1,1,1,3,0,0.3333333333333333,1.584962500721156
98689,98649,E,1,1,0,0,4,2,0.5,1.0
98711,98671,C,1,0,1,0,2,0,0.5,1.0
98713,98673,E,0,1,1,0,3,1,0.5,1.0
98717,98677,A,0,2,0,0,2,0,1.0,-0.0
98729,98689,A,1,0,0,0,1,0,1.0,-0.0
98731,98691,B,0,0,1,1,3,1,0.5,1.0
98737,98697,E,0,1,0,1,3,1,0.5,1.0
98773,98733,E,0,0,1,0,2,1,1.0,-0.0
98779,98739,B,0,1,0,1,6,4,0.5,1.0
98801,98761,A,1,0,0,2,3,0,0.5555555555555556,0.9182958340544896
98807,98767,C,1,0,1,0,2,0,0.5,1.0
98809,98769,E,1,1,0,1,4,1,0.3333333333333333,1.584962500721156
98837,98797,A,0,0,2,0,2,0,1.0,-0.0
98849,98809,A,1,0,0,0,1,0,1.0,-0.0
98867,98827,C,1,0,1,0,2,0,0.5,1.0
98869,98829,E,0,0,2,0,4,2,1.0,-0.0
98873,98833,A,1,0,2,0,3,0,0.5555555555555556,0.9182958340544896
98887,98847,B,0,0,2,0,5,3,1.0,-0.0
98893,98853,E,1,0,0,1,3,1,0.5,1.0
98897,98857,A,0,0,2,2,4,0,0.5,1.0
98899,98859,B,0,0,2,0,3,1,1.0,-0.0
98909,98869,A,1,0,0,0,1,0,1.0,-0.0
98911,98871,B,0,1,0,0,2,1,1.0,-0.0
98927,98887,C,0,0,1,0,1,0,1.0,-0.0
98929,98889,E,1,1,1,0,4,1,0.3333333333333333,1.584962500721156
98939,98899,C,0,0,1,0,1,0,1.0,-0.0
98947,98907,B,0,1,0,0,2,1,1.0,-0.0
98953,98913,E,0,0,1,0,2,1,1.0,-0.0
98963,98923,C,0,1,0,3,4,0,0.625,0.8112781244591328
98981,98941,A,0,0,2,0,2,0,1.0,-0.0
98993,98953,A,1,0,0,0,1,0,1.0,-0.0
98999,98959,C,0,0,3,0,3,0,1.0,-0.0
99013,98973,E,0,0,1,1,4,2,0.5,1.0
99017,98977,A,0,2,0,0,2,0,1.0,-0.0
99023,98983,C,0,0,3,0,3,0,1.0,-0.0
99041,99001,A,0,0,2,0,2,0,1.0,-0.0
99053,99013,A,1,0,0,0,1,0,1.0,-0.0
99079,99039,B,1,0,0,0,2,1,1.0,-0.0
99083,99043,C,1,0,1,0,2,0,0.5,1.0
99089,99049,A,2,0,0,0,2,0,1.0,-0.0
99103,99063,B,0,0,0,1,5,4,1.0,-0.0
99109,99069,E,0,0,0,1,2,1,1.0,-0.0
99119,99079,C,0,0,1,0,1,0,1.0,-0.0
99131,99091,C,0,1,0,1,2,0,0.5,1.0
99133,99093,E,0,2,1,0,4,1,0.5555555555555556,0.9182958340544896
99137,99097,A,0,2,0,0,2,0,1.0,-0.0
99139,99099,B,1,0,1,2,6,2,0.375,1.5
99149,99109,A,1,0,0,0,1,0,1.0,-0.0
99173,99133,A,1,0,0,0,1,0,1.0,-0.0
99181,99141,E,0,1,1,0,3,1,0.5,1.0
99191,99151,C,1,1,0,1,3,0,0.3333333333333333,1.584962500721156
99223,99183,B,0,0,2,0,3,1,1.0,-0.0
99233,99193,A,0,2,0,0,2,0,1.0,-0.0
99241,99201,E,1,0,1,0,3,1,0.5,1.0
99251,99211,C,1,0,1,0,2,0,0.5,1.0
99257,99217,A,0,0,0,2,2,0,1.0,-0.0
99259,99219,B,1,0,0,0,2,1,1.0,-0.0
99277,99237,E,1,0,1,0,3,1,0.5,1.0
99289,99249,E,0,0,0,1,2,1,1.0,-0.0
99317,99277,A,1,0,0,0,1,0,1.0,-0.0
99347,99307,C,1,0,1,0,2,0,0.5,1.0
99349,99309,E,1,0,1,0,3,1,0.5,1.0
99367,99327,B,0,2,0,0,3,1,1.0,-0.0
99371,99331,C,0,1,0,1,2,0,0.5,1.0
99377,99337,A,0,1,1,1,3,0,0.3333333333333333,1.584962500721156
99391,99351,B,0,0,2,1,5,2,0.5555555555555556,0.9182958340544896
99397,99357,E,0,0,0,1,2,1,1.0,-0.0
99401,99361,A,0,0,2,0,2,0,1.0,-0.0
99409,99369,E,2,0,0,0,4,2,1.0,-0.0
99431,99391,C,0,0,1,0,1,0,1.0,-0.0
99439,99399,B,0,2,0,0,3,1,1.0,-0.0
99469,99429,E,0,0,0,3,4,1,1.0,-0.0
99487,99447,B,0,1,0,0,2,1,1.0,-0.0
99497,99457,A,0,0,2,0,2,0,1.0,-0.0
99523,99483,B,0,1,0,0,2,1,1.0,-0.0
99527,99487,C,0,0,1,0,1,0,1.0,-0.0
99529,99489,E,1,0,1,0,3,1,0.5,1.0
99551,99511,C,0,1,0,1,2,0,0.5,1.0
99559,99519,B,0,1,2,0,4,1,0.5555555555555556,0.9182958340544896
99563,99523,C,0,0,1,0,1,0,1.0,-0.0
99571,99531,B,0,0,1,0,3,2,1.0,-0.0
99577,99537,E,0,0,0,1,2,1,1.0,-0.0
99581,99541,A,2,0,2,0,4,0,0.5,1.0
99607,99567,B,2,0,0,1,5,2,0.5555555555555556,0.9182958340544896
99611,99571,C,0,0,1,0,1,0,1.0,-0.0
99623,99583,C,0,0,1,2,3,0,0.5555555555555556,0.9182958340544896
99643,99603,B,0,1,2,0,6,3,0.5555555555555556,0.9182958340544896
99661,99621,E,0,1,0,0,3,2,1.0,-0.0
99667,99627,B,0,0,1,1,3,1,0.5,1.0
99679,99639,B,0,0,1,0,3,2,1.0,-0.0
99689,99649,A,0,0,0,2,2,0,1.0,-0.0
99707,99667,C,0,0,1,0,1,0,1.0,-0.0
99709,99669,E,0,0,1,0,2,1,1.0,-0.0
99713,99673,A,0,1,1,1,3,0,0.3333333333333333,1.584962500721156
99719,99679,C,0,0,1,0,1,0,1.0,-0.0
99721,99681,E,0,1,1,0,3,1,0.5,1.0
99733,99693,E,0,1,1,1,5,2,0.3333333333333333,1.584962500721156
99761,99721,A,1,0,0,0,1,0,1.0,-0.0
99767,99727,C,1,0,1,0,2,0,0.5,1.0
99787,99747,B,0,0,1,0,3,2,1.0,-0.0
99793,99753,E,0,1,1,0,3,1,0.5,1.0
99809,99769,A,0,1,1,1,3,0,0.3333333333333333,1.584962500721156
99817,99777,E,1,0,1,0,3,1,0.5,1.0
99823,99783,B,0,0,0,1,3,2,1.0,-0.0
99829,99789,E,1,1,1,0,4,1,0.3333333333333333,1.584962500721156
99833,99793,A,1,0,0,0,1,0,1.0,-0.0
99839,99799,C,0,2,1,0,3,0,0.5555555555555556,0.9182958340544896
99859,99819,B,1,0,0,0,4,3,1.0,-0.0
99871,99831,B,0,0,0,2,3,1,1.0,-0.0
99877,99837,E,0,1,0,0,3,2,1.0,-0.0
99881,99841,A,0,1,1,1,3,0,0.3333333333333333,1.584962500721156
99901,99861,E,0,0,0,1,2,1,1.0,-0.0
99907,99867,B,1,0,0,0,2,1,1.0,-0.0
99923,99883,C,0,0,3,0,3,0,1.0,-0.0
99929,99889,A,0,1,1,1,3,0,0.3333333333333333,1.584962500721156
99961,99921,E,1,0,1,0,3,1,0.5,1.0
99971,99931,C,1,0,1,0,2,0,0.5,1.0
99989,99949,A,0,0,2,0,2,0,1.0,-0.0
99991,99951,B,0,1,0,0,2,1,1.0,-0.0
